{
  "type": "Feature",
  "properties": {
    "boundaryVersion": "statcan-2021-islands-trust-2026-01-v1",
    "code": "vancouver-island-gulf-islands-bc",
    "generatedOn": "2026-07-30",
    "includedLocalTrustAreas": [
      "Denman Island Local Trust Area",
      "Executive Islands Local Trust Area",
      "Gabriola Island Local Trust Area",
      "Galiano Island Local Trust Area",
      "Hornby Island Local Trust Area",
      "Lasqueti Island Local Trust Area",
      "Mayne Island Local Trust Area",
      "North Pender Island Local Trust Area",
      "Salt Spring Island Local Trust Area",
      "Saturna Island Local Trust Area",
      "South Pender Island Local Trust Area",
      "Thetis Island Local Trust Area"
    ],
    "locationToleranceMeters": 0,
    "name": "Vancouver Island + Gulf Islands",
    "excludedAreas": [
      "Bowen Island Municipality",
      "Gambier Island Local Trust Area",
      "Mainland British Columbia"
    ],
    "simplificationDegrees": 0.00005,
    "sources": [
      {
        "name": "Statistics Canada 2021 province cartographic boundary",
        "url": "https://geo.statcan.gc.ca/geo_wa/rest/services/2021/Cartographic_boundary_files/MapServer/0/query?f=geojson&geometryPrecision=5&maxAllowableOffset=0.001&outFields=PRUID%2CPRNAME&outSR=4326&returnGeometry=true&where=PRUID%3D%2759%27"
      },
      {
        "name": "BC Government Local Trust Areas",
        "url": "https://delivery.maps.gov.bc.ca/arcgis/rest/services/whse/bcgw_pub_whse_legal_admin_boundaries/MapServer/10/query?f=geojson&outFields=ADMIN_AREA_NAME&outSR=4326&returnGeometry=true&where=1%3D1"
      }
    ]
  },
  "geometry": {
    "type": "MultiPolygon",
    "coordinates": [
      [
        [
          [
            -128.19776,
            50.58509
          ],
          [
            -128.20499,
            50.58711
          ],
          [
            -128.20558,
            50.58376
          ],
          [
            -128.21011,
            50.58658
          ],
          [
            -128.21273,
            50.58363
          ],
          [
            -128.21774,
            50.58588
          ],
          [
            -128.21937,
            50.59155
          ],
          [
            -128.22588,
            50.59267
          ],
          [
            -128.23213,
            50.5893
          ],
          [
            -128.22923,
            50.58451
          ],
          [
            -128.22998,
            50.58342
          ],
          [
            -128.23418,
            50.58795
          ],
          [
            -128.23964,
            50.59089
          ],
          [
            -128.2529,
            50.59316
          ],
          [
            -128.25665,
            50.59237
          ],
          [
            -128.26048,
            50.5943
          ],
          [
            -128.26318,
            50.59708
          ],
          [
            -128.2638074,
            50.5992447
          ],
          [
            -128.26375,
            50.59926
          ],
          [
            -128.2638118,
            50.59926
          ],
          [
            -128.26449,
            50.6016
          ],
          [
            -128.27114,
            50.60222
          ],
          [
            -128.27276,
            50.60321
          ],
          [
            -128.27224,
            50.60579
          ],
          [
            -128.28005,
            50.60445
          ],
          [
            -128.28505,
            50.60649
          ],
          [
            -128.2941482,
            50.6071763
          ],
          [
            -128.29412,
            50.60723
          ],
          [
            -128.2942644,
            50.6071851
          ],
          [
            -128.29592,
            50.60731
          ],
          [
            -128.29824,
            50.60908
          ],
          [
            -128.30347,
            50.60872
          ],
          [
            -128.30917,
            50.61215
          ],
          [
            -128.30857,
            50.61471
          ],
          [
            -128.31562,
            50.62007
          ],
          [
            -128.31473,
            50.62091
          ],
          [
            -128.3167,
            50.62298
          ],
          [
            -128.31905,
            50.62315
          ],
          [
            -128.31763,
            50.62468
          ],
          [
            -128.31866,
            50.62787
          ],
          [
            -128.32074,
            50.62878
          ],
          [
            -128.32385,
            50.62761
          ],
          [
            -128.32711,
            50.6296
          ],
          [
            -128.32524,
            50.63239
          ],
          [
            -128.32732,
            50.63378
          ],
          [
            -128.32549,
            50.63516
          ],
          [
            -128.32807,
            50.63918
          ],
          [
            -128.32346,
            50.63788
          ],
          [
            -128.31804,
            50.64088
          ],
          [
            -128.31795,
            50.64331
          ],
          [
            -128.31639,
            50.64301
          ],
          [
            -128.31511,
            50.64544
          ],
          [
            -128.31737,
            50.64763
          ],
          [
            -128.30076,
            50.6495
          ],
          [
            -128.29355,
            50.64832
          ],
          [
            -128.2833,
            50.65434
          ],
          [
            -128.28437,
            50.65639
          ],
          [
            -128.28239,
            50.65798
          ],
          [
            -128.28708,
            50.66087
          ],
          [
            -128.28322,
            50.66448
          ],
          [
            -128.28549,
            50.66427
          ],
          [
            -128.28122,
            50.66507
          ],
          [
            -128.28218,
            50.66683
          ],
          [
            -128.27549,
            50.66766
          ],
          [
            -128.27702,
            50.66892
          ],
          [
            -128.27642,
            50.67048
          ],
          [
            -128.27173,
            50.67237
          ],
          [
            -128.27327,
            50.67386
          ],
          [
            -128.28041,
            50.67588
          ],
          [
            -128.2849,
            50.67498
          ],
          [
            -128.28814,
            50.67763
          ],
          [
            -128.29241,
            50.67799
          ],
          [
            -128.29672,
            50.67546
          ],
          [
            -128.29701,
            50.67347
          ],
          [
            -128.30295,
            50.67237
          ],
          [
            -128.30329,
            50.67012
          ],
          [
            -128.30909,
            50.66484
          ],
          [
            -128.31539,
            50.66403
          ],
          [
            -128.32186,
            50.66584
          ],
          [
            -128.32095,
            50.66758
          ],
          [
            -128.32717,
            50.66843
          ],
          [
            -128.32853,
            50.67041
          ],
          [
            -128.33171,
            50.66978
          ],
          [
            -128.33699,
            50.67166
          ],
          [
            -128.34263,
            50.67069
          ],
          [
            -128.34403,
            50.66909
          ],
          [
            -128.34332,
            50.66605
          ],
          [
            -128.34538,
            50.66532
          ],
          [
            -128.35017,
            50.67026
          ],
          [
            -128.34366,
            50.67276
          ],
          [
            -128.34493,
            50.67927
          ],
          [
            -128.34417,
            50.68643
          ],
          [
            -128.34586,
            50.68874
          ],
          [
            -128.35138,
            50.68976
          ],
          [
            -128.355,
            50.68899
          ],
          [
            -128.35593,
            50.68462
          ],
          [
            -128.3541,
            50.68164
          ],
          [
            -128.35632,
            50.68066
          ],
          [
            -128.35547,
            50.67783
          ],
          [
            -128.3587138,
            50.6736426
          ],
          [
            -128.35906,
            50.67401
          ],
          [
            -128.3588452,
            50.6734729
          ],
          [
            -128.36042,
            50.67144
          ],
          [
            -128.36592,
            50.67131
          ],
          [
            -128.37337,
            50.67556
          ],
          [
            -128.37231,
            50.67715
          ],
          [
            -128.37668,
            50.6796
          ],
          [
            -128.37491,
            50.6825
          ],
          [
            -128.37666,
            50.68382
          ],
          [
            -128.37399,
            50.68561
          ],
          [
            -128.37633,
            50.68613
          ],
          [
            -128.37514,
            50.68687
          ],
          [
            -128.37731,
            50.68834
          ],
          [
            -128.37596,
            50.68961
          ],
          [
            -128.37787,
            50.69182
          ],
          [
            -128.37263,
            50.69188
          ],
          [
            -128.36586,
            50.69461
          ],
          [
            -128.36331,
            50.70191
          ],
          [
            -128.3654625,
            50.703315
          ],
          [
            -128.36537,
            50.70334
          ],
          [
            -128.36547,
            50.70353
          ],
          [
            -128.3655917,
            50.7033993
          ],
          [
            -128.36642,
            50.70394
          ],
          [
            -128.36541,
            50.70587
          ],
          [
            -128.36757,
            50.706
          ],
          [
            -128.36903,
            50.70943
          ],
          [
            -128.37078,
            50.7098
          ],
          [
            -128.37143,
            50.71332
          ],
          [
            -128.37392,
            50.71344
          ],
          [
            -128.37353,
            50.71696
          ],
          [
            -128.38069,
            50.72101
          ],
          [
            -128.38188,
            50.72316
          ],
          [
            -128.3864465,
            50.7239909
          ],
          [
            -128.38639,
            50.72412
          ],
          [
            -128.3865319,
            50.7240065
          ],
          [
            -128.3882,
            50.72431
          ],
          [
            -128.38978,
            50.7275
          ],
          [
            -128.38411,
            50.72822
          ],
          [
            -128.38427,
            50.73058
          ],
          [
            -128.3715,
            50.7328
          ],
          [
            -128.37193,
            50.73613
          ],
          [
            -128.37016,
            50.73796
          ],
          [
            -128.37157,
            50.74063
          ],
          [
            -128.3694,
            50.74112
          ],
          [
            -128.36319,
            50.7376
          ],
          [
            -128.36704,
            50.74009
          ],
          [
            -128.36741,
            50.74547
          ],
          [
            -128.36146,
            50.7507
          ],
          [
            -128.36093,
            50.75383
          ],
          [
            -128.358,
            50.75454
          ],
          [
            -128.35622,
            50.75845
          ],
          [
            -128.34932,
            50.75974
          ],
          [
            -128.35011,
            50.76415
          ],
          [
            -128.34821,
            50.76829
          ],
          [
            -128.34947,
            50.77004
          ],
          [
            -128.34577,
            50.77357
          ],
          [
            -128.34926,
            50.77484
          ],
          [
            -128.34672,
            50.77716
          ],
          [
            -128.34662,
            50.77972
          ],
          [
            -128.35269,
            50.78174
          ],
          [
            -128.35639,
            50.78035
          ],
          [
            -128.35419,
            50.77796
          ],
          [
            -128.35486,
            50.77179
          ],
          [
            -128.3596,
            50.76413
          ],
          [
            -128.36429,
            50.76017
          ],
          [
            -128.36582,
            50.75482
          ],
          [
            -128.36939,
            50.75309
          ],
          [
            -128.36928,
            50.74753
          ],
          [
            -128.37357,
            50.74138
          ],
          [
            -128.37688,
            50.73864
          ],
          [
            -128.37637,
            50.73763
          ],
          [
            -128.3865106,
            50.7352581
          ],
          [
            -128.38662,
            50.73533
          ],
          [
            -128.3865578,
            50.735247
          ],
          [
            -128.3875782,
            50.7350084
          ],
          [
            -128.3875,
            50.73523
          ],
          [
            -128.38789,
            50.73508
          ],
          [
            -128.3877358,
            50.7349715
          ],
          [
            -128.38864,
            50.73476
          ],
          [
            -128.38869,
            50.7374
          ],
          [
            -128.390427,
            50.7373871
          ],
          [
            -128.39046,
            50.73745
          ],
          [
            -128.39082,
            50.73742
          ],
          [
            -128.3907783,
            50.7373844
          ],
          [
            -128.3954,
            50.73735
          ],
          [
            -128.39872,
            50.74065
          ],
          [
            -128.40259,
            50.73976
          ],
          [
            -128.40176,
            50.74075
          ],
          [
            -128.40856,
            50.74166
          ],
          [
            -128.41201,
            50.74392
          ],
          [
            -128.40656,
            50.74407
          ],
          [
            -128.40469,
            50.74652
          ],
          [
            -128.4058,
            50.74834
          ],
          [
            -128.39833,
            50.75066
          ],
          [
            -128.39852,
            50.75228
          ],
          [
            -128.40164,
            50.75279
          ],
          [
            -128.40147,
            50.7547
          ],
          [
            -128.40483,
            50.75559
          ],
          [
            -128.40243,
            50.75595
          ],
          [
            -128.40498,
            50.75897
          ],
          [
            -128.40266,
            50.75918
          ],
          [
            -128.40148,
            50.76133
          ],
          [
            -128.40546,
            50.76186
          ],
          [
            -128.40368,
            50.76259
          ],
          [
            -128.40532,
            50.76498
          ],
          [
            -128.4035,
            50.76564
          ],
          [
            -128.4053,
            50.76664
          ],
          [
            -128.40164,
            50.77097
          ],
          [
            -128.4062,
            50.77298
          ],
          [
            -128.41156,
            50.77286
          ],
          [
            -128.41337,
            50.772
          ],
          [
            -128.41263,
            50.76998
          ],
          [
            -128.41488,
            50.76721
          ],
          [
            -128.41914,
            50.7667
          ],
          [
            -128.42003,
            50.76757
          ],
          [
            -128.41809,
            50.7686
          ],
          [
            -128.41922,
            50.7699
          ],
          [
            -128.42206,
            50.76915
          ],
          [
            -128.42382,
            50.77118
          ],
          [
            -128.43224,
            50.77171
          ],
          [
            -128.42854,
            50.77259
          ],
          [
            -128.43114,
            50.77404
          ],
          [
            -128.42899,
            50.7739
          ],
          [
            -128.42945,
            50.77491
          ],
          [
            -128.43175,
            50.77533
          ],
          [
            -128.42887,
            50.77681
          ],
          [
            -128.42865,
            50.77864
          ],
          [
            -128.42936,
            50.77752
          ],
          [
            -128.43035,
            50.78005
          ],
          [
            -128.43294,
            50.7804
          ],
          [
            -128.43081,
            50.781
          ],
          [
            -128.43174,
            50.78421
          ],
          [
            -128.43098,
            50.78652
          ],
          [
            -128.42982,
            50.7863
          ],
          [
            -128.42728,
            50.78395
          ],
          [
            -128.42198,
            50.78469
          ],
          [
            -128.41429,
            50.77573
          ],
          [
            -128.40808,
            50.77582
          ],
          [
            -128.3908,
            50.78042
          ],
          [
            -128.38526,
            50.78529
          ],
          [
            -128.37295,
            50.78573
          ],
          [
            -128.36654,
            50.78223
          ],
          [
            -128.35872,
            50.78518
          ],
          [
            -128.35491,
            50.78793
          ],
          [
            -128.35042,
            50.7954
          ],
          [
            -128.35256,
            50.79873
          ],
          [
            -128.35982,
            50.80115
          ],
          [
            -128.35749,
            50.80335
          ],
          [
            -128.34801,
            50.80107
          ],
          [
            -128.34682,
            50.80401
          ],
          [
            -128.34405,
            50.80332
          ],
          [
            -128.33989,
            50.80541
          ],
          [
            -128.3392,
            50.80389
          ],
          [
            -128.33432,
            50.80392
          ],
          [
            -128.33143,
            50.80478
          ],
          [
            -128.33129,
            50.80673
          ],
          [
            -128.32819,
            50.80576
          ],
          [
            -128.32678,
            50.80306
          ],
          [
            -128.31874,
            50.80164
          ],
          [
            -128.31521,
            50.79509
          ],
          [
            -128.31255,
            50.7943
          ],
          [
            -128.31006,
            50.79642
          ],
          [
            -128.30671,
            50.79468
          ],
          [
            -128.30066,
            50.79541
          ],
          [
            -128.29396,
            50.7981
          ],
          [
            -128.28912,
            50.8039
          ],
          [
            -128.28379,
            50.80341
          ],
          [
            -128.27374,
            50.80672
          ],
          [
            -128.26803,
            50.80477
          ],
          [
            -128.26612,
            50.8012
          ],
          [
            -128.26142,
            50.80105
          ],
          [
            -128.25708,
            50.80513
          ],
          [
            -128.24894,
            50.80339
          ],
          [
            -128.22702,
            50.81558
          ],
          [
            -128.21176,
            50.82915
          ],
          [
            -128.21148,
            50.83402
          ],
          [
            -128.18528,
            50.83419
          ],
          [
            -128.17842,
            50.83815
          ],
          [
            -128.17761,
            50.84366
          ],
          [
            -128.16792,
            50.84257
          ],
          [
            -128.16581,
            50.84049
          ],
          [
            -128.16163,
            50.84223
          ],
          [
            -128.15312,
            50.84214
          ],
          [
            -128.1509,
            50.84428
          ],
          [
            -128.14786,
            50.84247
          ],
          [
            -128.14945,
            50.84051
          ],
          [
            -128.14796,
            50.83889
          ],
          [
            -128.1359,
            50.83783
          ],
          [
            -128.12843,
            50.8388
          ],
          [
            -128.12373,
            50.84116
          ],
          [
            -128.11823,
            50.8472
          ],
          [
            -128.11746,
            50.85052
          ],
          [
            -128.12065,
            50.85409
          ],
          [
            -128.11644,
            50.85492
          ],
          [
            -128.11309,
            50.85935
          ],
          [
            -128.10571,
            50.86038
          ],
          [
            -128.10567,
            50.86174
          ],
          [
            -128.10267,
            50.86295
          ],
          [
            -128.10313,
            50.86654
          ],
          [
            -128.09822,
            50.86671
          ],
          [
            -128.09694,
            50.86836
          ],
          [
            -128.09239,
            50.8671
          ],
          [
            -128.07669,
            50.87066
          ],
          [
            -128.0662,
            50.87
          ],
          [
            -128.06215,
            50.87223
          ],
          [
            -128.06157,
            50.87531
          ],
          [
            -128.0575,
            50.87505
          ],
          [
            -128.05361,
            50.87684
          ],
          [
            -128.05012,
            50.87487
          ],
          [
            -128.05246,
            50.87517
          ],
          [
            -128.05425,
            50.8734
          ],
          [
            -128.05308,
            50.87067
          ],
          [
            -128.05438,
            50.86983
          ],
          [
            -128.05174,
            50.86762
          ],
          [
            -128.0446364,
            50.8657836
          ],
          [
            -128.04475,
            50.86569
          ],
          [
            -128.0443443,
            50.865708
          ],
          [
            -128.03766,
            50.86398
          ],
          [
            -128.02759,
            50.86644
          ],
          [
            -128.0245,
            50.86513
          ],
          [
            -128.01482,
            50.86676
          ],
          [
            -128.0096,
            50.86199
          ],
          [
            -128.00833,
            50.8587
          ],
          [
            -127.9871,
            50.8614
          ],
          [
            -127.98371,
            50.86042
          ],
          [
            -127.97431,
            50.86403
          ],
          [
            -127.9633,
            50.8709
          ],
          [
            -127.95627,
            50.87132
          ],
          [
            -127.94844,
            50.87422
          ],
          [
            -127.93161,
            50.87516
          ],
          [
            -127.92211,
            50.87154
          ],
          [
            -127.90616,
            50.8748
          ],
          [
            -127.90112,
            50.87193
          ],
          [
            -127.89245,
            50.87152
          ],
          [
            -127.8881,
            50.86862
          ],
          [
            -127.87996,
            50.86897
          ],
          [
            -127.8784,
            50.86664
          ],
          [
            -127.87399,
            50.86617
          ],
          [
            -127.87308,
            50.8625
          ],
          [
            -127.8721,
            50.86198
          ],
          [
            -127.8720886,
            50.8620429
          ],
          [
            -127.87,
            50.86108
          ],
          [
            -127.86703,
            50.85421
          ],
          [
            -127.86918,
            50.84885
          ],
          [
            -127.86741,
            50.8458
          ],
          [
            -127.86329,
            50.84545
          ],
          [
            -127.85923,
            50.85293
          ],
          [
            -127.85437,
            50.85502
          ],
          [
            -127.84871,
            50.85171
          ],
          [
            -127.8441,
            50.85204
          ],
          [
            -127.83574,
            50.8494
          ],
          [
            -127.83373,
            50.85024
          ],
          [
            -127.82646,
            50.84823
          ],
          [
            -127.82682,
            50.84703
          ],
          [
            -127.81248,
            50.84666
          ],
          [
            -127.80457,
            50.84229
          ],
          [
            -127.78338,
            50.84194
          ],
          [
            -127.77524,
            50.83853
          ],
          [
            -127.75823,
            50.83675
          ],
          [
            -127.75089,
            50.83391
          ],
          [
            -127.74973,
            50.83206
          ],
          [
            -127.73845,
            50.8317
          ],
          [
            -127.73501,
            50.8292
          ],
          [
            -127.72896,
            50.82981
          ],
          [
            -127.71737,
            50.82512
          ],
          [
            -127.71206,
            50.82558
          ],
          [
            -127.71121,
            50.82394
          ],
          [
            -127.70573,
            50.82321
          ],
          [
            -127.69904,
            50.81952
          ],
          [
            -127.66535,
            50.81408
          ],
          [
            -127.65404,
            50.80891
          ],
          [
            -127.63622,
            50.80552
          ],
          [
            -127.63541,
            50.80359
          ],
          [
            -127.63224,
            50.80277
          ],
          [
            -127.63199,
            50.80095
          ],
          [
            -127.62185,
            50.80179
          ],
          [
            -127.61833,
            50.79828
          ],
          [
            -127.61314,
            50.7987
          ],
          [
            -127.61008,
            50.79604
          ],
          [
            -127.60173,
            50.79539
          ],
          [
            -127.59784,
            50.79066
          ],
          [
            -127.59438,
            50.79168
          ],
          [
            -127.59461,
            50.79023
          ],
          [
            -127.58952,
            50.79134
          ],
          [
            -127.5852787,
            50.7907124
          ],
          [
            -127.58608,
            50.79073
          ],
          [
            -127.58618,
            50.79056
          ],
          [
            -127.5852162,
            50.7907031
          ],
          [
            -127.58087,
            50.79006
          ],
          [
            -127.57737,
            50.78779
          ],
          [
            -127.57595,
            50.78337
          ],
          [
            -127.56759,
            50.78554
          ],
          [
            -127.56205,
            50.78365
          ],
          [
            -127.55101,
            50.78336
          ],
          [
            -127.5459,
            50.77827
          ],
          [
            -127.5376,
            50.77981
          ],
          [
            -127.5375,
            50.77803
          ],
          [
            -127.53238,
            50.77846
          ],
          [
            -127.53572,
            50.77692
          ],
          [
            -127.53179,
            50.77493
          ],
          [
            -127.5242,
            50.77627
          ],
          [
            -127.51555,
            50.77292
          ],
          [
            -127.51329,
            50.77377
          ],
          [
            -127.51057,
            50.77146
          ],
          [
            -127.51339,
            50.7682
          ],
          [
            -127.48805,
            50.76703
          ],
          [
            -127.48513,
            50.76578
          ],
          [
            -127.48719,
            50.76477
          ],
          [
            -127.48513,
            50.76445
          ],
          [
            -127.48896,
            50.76338
          ],
          [
            -127.48795,
            50.7619
          ],
          [
            -127.49117,
            50.76053
          ],
          [
            -127.49011,
            50.75999
          ],
          [
            -127.49123,
            50.75809
          ],
          [
            -127.49436,
            50.75595
          ],
          [
            -127.49316,
            50.75528
          ],
          [
            -127.49416,
            50.75214
          ],
          [
            -127.49313,
            50.7507
          ],
          [
            -127.49592,
            50.7481
          ],
          [
            -127.49451,
            50.74724
          ],
          [
            -127.49543,
            50.74557
          ],
          [
            -127.49789,
            50.74417
          ],
          [
            -127.49446,
            50.74229
          ],
          [
            -127.49656,
            50.73311
          ],
          [
            -127.49424,
            50.73064
          ],
          [
            -127.4917,
            50.73125
          ],
          [
            -127.4917,
            50.72366
          ],
          [
            -127.4877,
            50.72018
          ],
          [
            -127.48903,
            50.71693
          ],
          [
            -127.488,
            50.71548
          ],
          [
            -127.49395,
            50.71487
          ],
          [
            -127.48347,
            50.7066
          ],
          [
            -127.48056,
            50.70284
          ],
          [
            -127.48051,
            50.70008
          ],
          [
            -127.4763,
            50.69891
          ],
          [
            -127.47782,
            50.69808
          ],
          [
            -127.47172,
            50.7012
          ],
          [
            -127.47089,
            50.70047
          ],
          [
            -127.47317,
            50.69911
          ],
          [
            -127.46994,
            50.69969
          ],
          [
            -127.47106,
            50.7023
          ],
          [
            -127.46954,
            50.70282
          ],
          [
            -127.47295,
            50.70556
          ],
          [
            -127.47291,
            50.70798
          ],
          [
            -127.47699,
            50.70898
          ],
          [
            -127.47694,
            50.71041
          ],
          [
            -127.48251,
            50.713
          ],
          [
            -127.48283,
            50.71614
          ],
          [
            -127.47448,
            50.71809
          ],
          [
            -127.47504,
            50.71937
          ],
          [
            -127.47212,
            50.72064
          ],
          [
            -127.47178,
            50.72237
          ],
          [
            -127.45755,
            50.72115
          ],
          [
            -127.45631,
            50.72264
          ],
          [
            -127.45761,
            50.72291
          ],
          [
            -127.457395,
            50.7236895
          ],
          [
            -127.45731,
            50.72363
          ],
          [
            -127.45707,
            50.72372
          ],
          [
            -127.4573769,
            50.7237549
          ],
          [
            -127.4572973,
            50.7240437
          ],
          [
            -127.45689,
            50.72393
          ],
          [
            -127.4571,
            50.72411
          ],
          [
            -127.4572935,
            50.7240572
          ],
          [
            -127.45713,
            50.72465
          ],
          [
            -127.45554,
            50.72496
          ],
          [
            -127.4606,
            50.72709
          ],
          [
            -127.45767,
            50.72795
          ],
          [
            -127.45923,
            50.72864
          ],
          [
            -127.45888,
            50.73023
          ],
          [
            -127.44772,
            50.73271
          ],
          [
            -127.44116,
            50.73241
          ],
          [
            -127.44554,
            50.73509
          ],
          [
            -127.44702,
            50.73804
          ],
          [
            -127.44475,
            50.73927
          ],
          [
            -127.44672,
            50.74029
          ],
          [
            -127.4451,
            50.74123
          ],
          [
            -127.45006,
            50.745
          ],
          [
            -127.43836,
            50.74715
          ],
          [
            -127.42275,
            50.74669
          ],
          [
            -127.42472,
            50.74742
          ],
          [
            -127.42016,
            50.75
          ],
          [
            -127.41543,
            50.74851
          ],
          [
            -127.41551,
            50.74738
          ],
          [
            -127.4079,
            50.74741
          ],
          [
            -127.40915,
            50.74682
          ],
          [
            -127.40679,
            50.74333
          ],
          [
            -127.40707,
            50.73916
          ],
          [
            -127.41158,
            50.73453
          ],
          [
            -127.40874,
            50.73425
          ],
          [
            -127.41824,
            50.73225
          ],
          [
            -127.41084,
            50.73177
          ],
          [
            -127.41078,
            50.72877
          ],
          [
            -127.41295,
            50.7257
          ],
          [
            -127.41534,
            50.72676
          ],
          [
            -127.4159,
            50.72496
          ],
          [
            -127.41847,
            50.72531
          ],
          [
            -127.41766,
            50.72221
          ],
          [
            -127.42127,
            50.72032
          ],
          [
            -127.42167,
            50.71833
          ],
          [
            -127.42525,
            50.7179
          ],
          [
            -127.4251,
            50.7139
          ],
          [
            -127.42637,
            50.71308
          ],
          [
            -127.42487,
            50.70265
          ],
          [
            -127.41735,
            50.69606
          ],
          [
            -127.41052,
            50.69504
          ],
          [
            -127.38375,
            50.6999
          ],
          [
            -127.38086,
            50.69814
          ],
          [
            -127.37979,
            50.69357
          ],
          [
            -127.37663,
            50.68984
          ],
          [
            -127.35413,
            50.67975
          ],
          [
            -127.34601,
            50.67765
          ],
          [
            -127.3387,
            50.67185
          ],
          [
            -127.32913,
            50.67117
          ],
          [
            -127.3246,
            50.66717
          ],
          [
            -127.31441,
            50.66482
          ],
          [
            -127.30505,
            50.65998
          ],
          [
            -127.29051,
            50.6577
          ],
          [
            -127.28276,
            50.65891
          ],
          [
            -127.2771,
            50.6512
          ],
          [
            -127.25794,
            50.64639
          ],
          [
            -127.25195,
            50.6424
          ],
          [
            -127.24599,
            50.64141
          ],
          [
            -127.24151,
            50.63676
          ],
          [
            -127.23216,
            50.63528
          ],
          [
            -127.22018,
            50.62854
          ],
          [
            -127.21335,
            50.62782
          ],
          [
            -127.2054,
            50.61938
          ],
          [
            -127.19432,
            50.61333
          ],
          [
            -127.20287,
            50.61703
          ],
          [
            -127.20174,
            50.61421
          ],
          [
            -127.19301,
            50.61002
          ],
          [
            -127.1864,
            50.61055
          ],
          [
            -127.18202,
            50.6127
          ],
          [
            -127.17746,
            50.61172
          ],
          [
            -127.17413,
            50.61284
          ],
          [
            -127.17983,
            50.61446
          ],
          [
            -127.17901,
            50.61516
          ],
          [
            -127.17309,
            50.61307
          ],
          [
            -127.16056,
            50.61318
          ],
          [
            -127.15529,
            50.61026
          ],
          [
            -127.14266,
            50.60788
          ],
          [
            -127.13502,
            50.60941
          ],
          [
            -127.12894,
            50.61324
          ],
          [
            -127.12453,
            50.61124
          ],
          [
            -127.10875,
            50.61113
          ],
          [
            -127.09659,
            50.60816
          ],
          [
            -127.08447,
            50.60727
          ],
          [
            -127.07876,
            50.60438
          ],
          [
            -127.1127,
            50.59963
          ],
          [
            -127.13398,
            50.60172
          ],
          [
            -127.1374,
            50.59929
          ],
          [
            -127.13826,
            50.59585
          ],
          [
            -127.13386,
            50.59164
          ],
          [
            -127.128,
            50.59191
          ],
          [
            -127.12151,
            50.58917
          ],
          [
            -127.10706,
            50.59115
          ],
          [
            -127.09412,
            50.58876
          ],
          [
            -127.08293,
            50.59148
          ],
          [
            -127.06802,
            50.58647
          ],
          [
            -127.05215,
            50.58895
          ],
          [
            -127.02376,
            50.58296
          ],
          [
            -127.01803,
            50.58292
          ],
          [
            -127.01134,
            50.58583
          ],
          [
            -126.99869,
            50.58587
          ],
          [
            -126.9794,
            50.58011
          ],
          [
            -126.97475,
            50.57367
          ],
          [
            -126.97487,
            50.57115
          ],
          [
            -126.98262,
            50.56753
          ],
          [
            -126.98128,
            50.56559
          ],
          [
            -126.97347,
            50.56527
          ],
          [
            -126.96815,
            50.56015
          ],
          [
            -126.96267,
            50.55919
          ],
          [
            -126.95381,
            50.56031
          ],
          [
            -126.94914,
            50.5574
          ],
          [
            -126.94361,
            50.56028
          ],
          [
            -126.92176,
            50.56016
          ],
          [
            -126.9165,
            50.55825
          ],
          [
            -126.9135501,
            50.55998
          ],
          [
            -126.91333,
            50.55998
          ],
          [
            -126.9134311,
            50.5600498
          ],
          [
            -126.91251,
            50.56059
          ],
          [
            -126.9090907,
            50.5608871
          ],
          [
            -126.90845,
            50.56084
          ],
          [
            -126.9085589,
            50.5609333
          ],
          [
            -126.90595,
            50.56116
          ],
          [
            -126.9019,
            50.55932
          ],
          [
            -126.87178,
            50.55598
          ],
          [
            -126.86785,
            50.55375
          ],
          [
            -126.86377,
            50.55386
          ],
          [
            -126.85979,
            50.5501
          ],
          [
            -126.85926,
            50.55231
          ],
          [
            -126.85426,
            50.55188
          ],
          [
            -126.86107,
            50.54534
          ],
          [
            -126.88197,
            50.54169
          ],
          [
            -126.88239,
            50.53979
          ],
          [
            -126.87023,
            50.53769
          ],
          [
            -126.87228,
            50.53253
          ],
          [
            -126.86707,
            50.53187
          ],
          [
            -126.87024,
            50.52967
          ],
          [
            -126.86724,
            50.52799
          ],
          [
            -126.86555,
            50.52817
          ],
          [
            -126.86427,
            50.53175
          ],
          [
            -126.86036,
            50.53158
          ],
          [
            -126.85816,
            50.53558
          ],
          [
            -126.84686,
            50.53725
          ],
          [
            -126.84742,
            50.5403
          ],
          [
            -126.84376,
            50.54554
          ],
          [
            -126.83499,
            50.54738
          ],
          [
            -126.83313,
            50.54528
          ],
          [
            -126.83283,
            50.54963
          ],
          [
            -126.82182,
            50.55028
          ],
          [
            -126.81441,
            50.54746
          ],
          [
            -126.82104,
            50.54396
          ],
          [
            -126.82146,
            50.54263
          ],
          [
            -126.82008,
            50.54215
          ],
          [
            -126.80269,
            50.54363
          ],
          [
            -126.78862,
            50.54179
          ],
          [
            -126.78555,
            50.54212
          ],
          [
            -126.78694,
            50.54389
          ],
          [
            -126.7824,
            50.54372
          ],
          [
            -126.77909,
            50.54151
          ],
          [
            -126.785,
            50.54216
          ],
          [
            -126.78372,
            50.53903
          ],
          [
            -126.75335,
            50.53399
          ],
          [
            -126.73341,
            50.52827
          ],
          [
            -126.73004,
            50.52572
          ],
          [
            -126.71452,
            50.52383
          ],
          [
            -126.70655,
            50.51946
          ],
          [
            -126.676,
            50.51409
          ],
          [
            -126.66132,
            50.50979
          ],
          [
            -126.65374,
            50.50414
          ],
          [
            -126.6446,
            50.50142
          ],
          [
            -126.64065,
            50.49854
          ],
          [
            -126.62966,
            50.49757
          ],
          [
            -126.62213,
            50.49517
          ],
          [
            -126.61663,
            50.49628
          ],
          [
            -126.61509,
            50.49558
          ],
          [
            -126.61681,
            50.494
          ],
          [
            -126.61542,
            50.49156
          ],
          [
            -126.60786,
            50.4849
          ],
          [
            -126.59707,
            50.4852
          ],
          [
            -126.59399,
            50.48217
          ],
          [
            -126.58873,
            50.48205
          ],
          [
            -126.58824,
            50.48073
          ],
          [
            -126.57255,
            50.48371
          ],
          [
            -126.56836,
            50.48768
          ],
          [
            -126.56847,
            50.4892
          ],
          [
            -126.54652,
            50.48663
          ],
          [
            -126.53671,
            50.48884
          ],
          [
            -126.52348,
            50.4874
          ],
          [
            -126.51685,
            50.48451
          ],
          [
            -126.50498,
            50.48547
          ],
          [
            -126.48965,
            50.48202
          ],
          [
            -126.47021,
            50.47997
          ],
          [
            -126.4661,
            50.48241
          ],
          [
            -126.46187,
            50.4826
          ],
          [
            -126.45393,
            50.47958
          ],
          [
            -126.43949,
            50.47962
          ],
          [
            -126.43427,
            50.47704
          ],
          [
            -126.42939,
            50.47708
          ],
          [
            -126.42499,
            50.47926
          ],
          [
            -126.42456,
            50.47685
          ],
          [
            -126.41998,
            50.47959
          ],
          [
            -126.41777,
            50.47883
          ],
          [
            -126.42008,
            50.4783
          ],
          [
            -126.41583,
            50.47823
          ],
          [
            -126.41339,
            50.48024
          ],
          [
            -126.39736,
            50.48379
          ],
          [
            -126.37029,
            50.48143
          ],
          [
            -126.36008,
            50.48341
          ],
          [
            -126.33108,
            50.47868
          ],
          [
            -126.3159,
            50.48007
          ],
          [
            -126.29073,
            50.4718
          ],
          [
            -126.28877,
            50.46817
          ],
          [
            -126.28573,
            50.46695
          ],
          [
            -126.28495,
            50.4689
          ],
          [
            -126.28768,
            50.47131
          ],
          [
            -126.28339,
            50.46814
          ],
          [
            -126.28222,
            50.46466
          ],
          [
            -126.28202,
            50.46725
          ],
          [
            -126.28056,
            50.46616
          ],
          [
            -126.27814,
            50.46725
          ],
          [
            -126.27686,
            50.46561
          ],
          [
            -126.27195,
            50.46855
          ],
          [
            -126.27129,
            50.47062
          ],
          [
            -126.26905,
            50.47044
          ],
          [
            -126.2697,
            50.46819
          ],
          [
            -126.26473,
            50.47
          ],
          [
            -126.26351,
            50.46952
          ],
          [
            -126.2649,
            50.46812
          ],
          [
            -126.26269,
            50.46896
          ],
          [
            -126.26117,
            50.46756
          ],
          [
            -126.26297,
            50.46938
          ],
          [
            -126.25373,
            50.47337
          ],
          [
            -126.24366,
            50.47037
          ],
          [
            -126.24059,
            50.47169
          ],
          [
            -126.23527,
            50.47039
          ],
          [
            -126.22966,
            50.46704
          ],
          [
            -126.22169,
            50.4691
          ],
          [
            -126.20632,
            50.46343
          ],
          [
            -126.20364,
            50.46413
          ],
          [
            -126.1933,
            50.45959
          ],
          [
            -126.1945,
            50.46345
          ],
          [
            -126.1916003,
            50.4634936
          ],
          [
            -126.19169,
            50.46347
          ],
          [
            -126.19145,
            50.46342
          ],
          [
            -126.1914876,
            50.4634953
          ],
          [
            -126.18519,
            50.46359
          ],
          [
            -126.18373,
            50.46234
          ],
          [
            -126.17591,
            50.46344
          ],
          [
            -126.17432,
            50.46127
          ],
          [
            -126.16995,
            50.45991
          ],
          [
            -126.17229,
            50.45698
          ],
          [
            -126.15949,
            50.45503
          ],
          [
            -126.14542,
            50.4593
          ],
          [
            -126.12672,
            50.45795
          ],
          [
            -126.11977,
            50.45616
          ],
          [
            -126.11903,
            50.4535
          ],
          [
            -126.1036,
            50.45311
          ],
          [
            -126.0863,
            50.44936
          ],
          [
            -126.07724,
            50.44472
          ],
          [
            -126.05426,
            50.43888
          ],
          [
            -126.03952,
            50.43096
          ],
          [
            -126.03574,
            50.43173
          ],
          [
            -126.02216,
            50.42881
          ],
          [
            -126.01773,
            50.42538
          ],
          [
            -126.01365,
            50.42494
          ],
          [
            -126.01023,
            50.42211
          ],
          [
            -125.99482,
            50.41683
          ],
          [
            -125.97923,
            50.40901
          ],
          [
            -125.97578,
            50.40563
          ],
          [
            -125.97034,
            50.40556
          ],
          [
            -125.97153,
            50.4035
          ],
          [
            -125.9694,
            50.4022
          ],
          [
            -125.96179,
            50.39996
          ],
          [
            -125.96229,
            50.39789
          ],
          [
            -125.95904,
            50.39511
          ],
          [
            -125.95924,
            50.38978
          ],
          [
            -125.9568,
            50.38946
          ],
          [
            -125.95632,
            50.39488
          ],
          [
            -125.95485,
            50.39446
          ],
          [
            -125.95671,
            50.3889
          ],
          [
            -125.95935,
            50.38844
          ],
          [
            -125.95759,
            50.38724
          ],
          [
            -125.95845,
            50.38472
          ],
          [
            -125.9565,
            50.38142
          ],
          [
            -125.94957,
            50.38024
          ],
          [
            -125.94754,
            50.3785
          ],
          [
            -125.94978,
            50.37719
          ],
          [
            -125.94611,
            50.37608
          ],
          [
            -125.94604,
            50.37811
          ],
          [
            -125.93822,
            50.37257
          ],
          [
            -125.92967,
            50.37351
          ],
          [
            -125.9412414,
            50.3766493
          ],
          [
            -125.9417961,
            50.3776086
          ],
          [
            -125.94189,
            50.37974
          ],
          [
            -125.94005,
            50.37798
          ],
          [
            -125.94268,
            50.3851
          ],
          [
            -125.94609,
            50.38739
          ],
          [
            -125.9468,
            50.38971
          ],
          [
            -125.94532,
            50.39069
          ],
          [
            -125.92819,
            50.389
          ],
          [
            -125.92395,
            50.38654
          ],
          [
            -125.91871,
            50.38825
          ],
          [
            -125.90567,
            50.38857
          ],
          [
            -125.85853,
            50.38005
          ],
          [
            -125.84637,
            50.38078
          ],
          [
            -125.84257,
            50.38368
          ],
          [
            -125.82057,
            50.38356
          ],
          [
            -125.81274,
            50.37887
          ],
          [
            -125.79982,
            50.37602
          ],
          [
            -125.79115,
            50.3687
          ],
          [
            -125.7729,
            50.36257
          ],
          [
            -125.76556,
            50.36195
          ],
          [
            -125.75711,
            50.36345
          ],
          [
            -125.74899,
            50.36075
          ],
          [
            -125.74341,
            50.36194
          ],
          [
            -125.72347,
            50.35807
          ],
          [
            -125.72179,
            50.35647
          ],
          [
            -125.71153,
            50.35679
          ],
          [
            -125.70299,
            50.35921
          ],
          [
            -125.69937,
            50.35601
          ],
          [
            -125.70013,
            50.36006
          ],
          [
            -125.69433,
            50.35992
          ],
          [
            -125.69371,
            50.36126
          ],
          [
            -125.69233,
            50.35985
          ],
          [
            -125.6889,
            50.36098
          ],
          [
            -125.6880043,
            50.3598801
          ],
          [
            -125.68811,
            50.35945
          ],
          [
            -125.6876621,
            50.35946
          ],
          [
            -125.68561,
            50.35694
          ],
          [
            -125.68779,
            50.36335
          ],
          [
            -125.68479,
            50.36488
          ],
          [
            -125.68038,
            50.36398
          ],
          [
            -125.67169,
            50.36571
          ],
          [
            -125.66317,
            50.36266
          ],
          [
            -125.65735,
            50.36273
          ],
          [
            -125.65656,
            50.36045
          ],
          [
            -125.65406,
            50.35997
          ],
          [
            -125.65215,
            50.36247
          ],
          [
            -125.64827,
            50.3613
          ],
          [
            -125.63974,
            50.36448
          ],
          [
            -125.63575,
            50.36306
          ],
          [
            -125.61486,
            50.36628
          ],
          [
            -125.61459,
            50.36737
          ],
          [
            -125.57973,
            50.36817
          ],
          [
            -125.568,
            50.36348
          ],
          [
            -125.56029,
            50.35664
          ],
          [
            -125.53962,
            50.35149
          ],
          [
            -125.52709,
            50.34425
          ],
          [
            -125.51976,
            50.33631
          ],
          [
            -125.516,
            50.34094
          ],
          [
            -125.50402,
            50.34155
          ],
          [
            -125.48718,
            50.33629
          ],
          [
            -125.48588,
            50.3346
          ],
          [
            -125.48715,
            50.33283
          ],
          [
            -125.48551,
            50.33234
          ],
          [
            -125.48871,
            50.33227
          ],
          [
            -125.47967,
            50.32867
          ],
          [
            -125.476,
            50.32915
          ],
          [
            -125.47344,
            50.32713
          ],
          [
            -125.47146,
            50.32947
          ],
          [
            -125.46735,
            50.32935
          ],
          [
            -125.46519,
            50.33123
          ],
          [
            -125.46199,
            50.32923
          ],
          [
            -125.45785,
            50.32926
          ],
          [
            -125.45509,
            50.33185
          ],
          [
            -125.44654,
            50.33403
          ],
          [
            -125.44364,
            50.33133
          ],
          [
            -125.43889,
            50.33079
          ],
          [
            -125.45441,
            50.32447
          ],
          [
            -125.44932,
            50.32192
          ],
          [
            -125.44279,
            50.32143
          ],
          [
            -125.44226,
            50.32005
          ],
          [
            -125.44485,
            50.32056
          ],
          [
            -125.44258,
            50.31856
          ],
          [
            -125.44606,
            50.31699
          ],
          [
            -125.44051,
            50.31606
          ],
          [
            -125.43985,
            50.31382
          ],
          [
            -125.44119,
            50.31295
          ],
          [
            -125.43917,
            50.3107
          ],
          [
            -125.44093,
            50.30782
          ],
          [
            -125.4352,
            50.30464
          ],
          [
            -125.43681,
            50.30193
          ],
          [
            -125.44176,
            50.30071
          ],
          [
            -125.4331,
            50.28689
          ],
          [
            -125.44045,
            50.28246
          ],
          [
            -125.44107,
            50.2801
          ],
          [
            -125.43607,
            50.27796
          ],
          [
            -125.43765,
            50.2774
          ],
          [
            -125.43688,
            50.27674
          ],
          [
            -125.41143,
            50.27002
          ],
          [
            -125.40418,
            50.25746
          ],
          [
            -125.39841,
            50.25195
          ],
          [
            -125.39925,
            50.24766
          ],
          [
            -125.39715,
            50.24509
          ],
          [
            -125.40299,
            50.24084
          ],
          [
            -125.39457,
            50.22926
          ],
          [
            -125.39398,
            50.22711
          ],
          [
            -125.39718,
            50.22297
          ],
          [
            -125.39139,
            50.21988
          ],
          [
            -125.39063,
            50.21651
          ],
          [
            -125.38324,
            50.20637
          ],
          [
            -125.38518,
            50.199
          ],
          [
            -125.38009,
            50.19475
          ],
          [
            -125.38371,
            50.18814
          ],
          [
            -125.38187,
            50.18684
          ],
          [
            -125.38063,
            50.17749
          ],
          [
            -125.37001,
            50.17027
          ],
          [
            -125.3697,
            50.1652
          ],
          [
            -125.37421,
            50.16335
          ],
          [
            -125.37495,
            50.16143
          ],
          [
            -125.36794,
            50.15853
          ],
          [
            -125.36366,
            50.15351
          ],
          [
            -125.36392,
            50.14831
          ],
          [
            -125.36171,
            50.1446
          ],
          [
            -125.35917,
            50.12944
          ],
          [
            -125.36151,
            50.12839
          ],
          [
            -125.36645,
            50.1307
          ],
          [
            -125.36733,
            50.12996
          ],
          [
            -125.36539,
            50.12905
          ],
          [
            -125.36551,
            50.12745
          ],
          [
            -125.36796,
            50.12717
          ],
          [
            -125.37537,
            50.13386
          ],
          [
            -125.3824,
            50.13722
          ],
          [
            -125.39137,
            50.13816
          ],
          [
            -125.39129,
            50.13675
          ],
          [
            -125.39373,
            50.13597
          ],
          [
            -125.38595,
            50.12262
          ],
          [
            -125.38032,
            50.11744
          ],
          [
            -125.37558,
            50.11551
          ],
          [
            -125.3734,
            50.11355
          ],
          [
            -125.37396,
            50.11207
          ],
          [
            -125.34988,
            50.11608
          ],
          [
            -125.33861,
            50.11275
          ],
          [
            -125.33432,
            50.11415
          ],
          [
            -125.32468,
            50.11324
          ],
          [
            -125.32646,
            50.10869
          ],
          [
            -125.32461,
            50.10224
          ],
          [
            -125.31704,
            50.09185
          ],
          [
            -125.30884,
            50.09047
          ],
          [
            -125.30823,
            50.08866
          ],
          [
            -125.30647,
            50.08852
          ],
          [
            -125.3078,
            50.08701
          ],
          [
            -125.29985,
            50.07532
          ],
          [
            -125.29534,
            50.07487
          ],
          [
            -125.2935,
            50.07143
          ],
          [
            -125.2901,
            50.06935
          ],
          [
            -125.29097,
            50.07143
          ],
          [
            -125.2844,
            50.07663
          ],
          [
            -125.27137,
            50.0693
          ],
          [
            -125.26424,
            50.05704
          ],
          [
            -125.26436,
            50.05255
          ],
          [
            -125.26191,
            50.04657
          ],
          [
            -125.25716,
            50.04988
          ],
          [
            -125.25432,
            50.04858
          ],
          [
            -125.24671,
            50.04036
          ],
          [
            -125.24784,
            50.03199
          ],
          [
            -125.24104,
            50.02669
          ],
          [
            -125.23973,
            50.02845
          ],
          [
            -125.23894,
            50.02195
          ],
          [
            -125.23644,
            50.02092
          ],
          [
            -125.23775,
            50.02466
          ],
          [
            -125.23292,
            50.01258
          ],
          [
            -125.23315,
            50.00679
          ],
          [
            -125.22915,
            49.99529
          ],
          [
            -125.21937,
            49.97396
          ],
          [
            -125.21755,
            49.97218
          ],
          [
            -125.21296,
            49.9716
          ],
          [
            -125.20846,
            49.96775
          ],
          [
            -125.20891,
            49.9621
          ],
          [
            -125.20324,
            49.95349
          ],
          [
            -125.18499,
            49.94216
          ],
          [
            -125.18715,
            49.93637
          ],
          [
            -125.18222,
            49.9281
          ],
          [
            -125.18508,
            49.91984
          ],
          [
            -125.18391,
            49.91561
          ],
          [
            -125.17293,
            49.90609
          ],
          [
            -125.15684,
            49.89709
          ],
          [
            -125.15043,
            49.89575
          ],
          [
            -125.14892,
            49.89743
          ],
          [
            -125.14501,
            49.89526
          ],
          [
            -125.13319,
            49.89314
          ],
          [
            -125.12713,
            49.89084
          ],
          [
            -125.12816,
            49.88993
          ],
          [
            -125.12706,
            49.88917
          ],
          [
            -125.12601,
            49.89008
          ],
          [
            -125.12206,
            49.88824
          ],
          [
            -125.11482,
            49.88127
          ],
          [
            -125.11614,
            49.87302
          ],
          [
            -125.11416,
            49.87154
          ],
          [
            -125.1158059,
            49.8712645
          ],
          [
            -125.11475,
            49.86337
          ],
          [
            -125.11082,
            49.85946
          ],
          [
            -125.10078,
            49.85567
          ],
          [
            -125.10056,
            49.85355
          ],
          [
            -125.0965,
            49.85292
          ],
          [
            -125.09303,
            49.84961
          ],
          [
            -125.07813,
            49.84673
          ],
          [
            -125.06416,
            49.83965
          ],
          [
            -125.06034,
            49.83701
          ],
          [
            -125.05439,
            49.829
          ],
          [
            -125.04322,
            49.8225
          ],
          [
            -125.03347,
            49.81992
          ],
          [
            -125.0168,
            49.80471
          ],
          [
            -125.00791,
            49.79425
          ],
          [
            -124.99326,
            49.78779
          ],
          [
            -124.98486,
            49.78082
          ],
          [
            -124.98258,
            49.777
          ],
          [
            -124.97349,
            49.77453
          ],
          [
            -124.97129,
            49.76788
          ],
          [
            -124.96339,
            49.76138
          ],
          [
            -124.95027,
            49.75928
          ],
          [
            -124.94063,
            49.74928
          ],
          [
            -124.92836,
            49.74016
          ],
          [
            -124.92353,
            49.7415
          ],
          [
            -124.92484,
            49.74027
          ],
          [
            -124.92313,
            49.73913
          ],
          [
            -124.91316,
            49.73974
          ],
          [
            -124.91152,
            49.73714
          ],
          [
            -124.90605,
            49.73548
          ],
          [
            -124.90174,
            49.7314
          ],
          [
            -124.89291,
            49.72821
          ],
          [
            -124.88516,
            49.72219
          ],
          [
            -124.88619,
            49.71854
          ],
          [
            -124.8764,
            49.70795
          ],
          [
            -124.87204,
            49.7064
          ],
          [
            -124.86242,
            49.70755
          ],
          [
            -124.85977,
            49.7011
          ],
          [
            -124.86449,
            49.69427
          ],
          [
            -124.87467,
            49.68896
          ],
          [
            -124.88637,
            49.67568
          ],
          [
            -124.89688,
            49.66965
          ],
          [
            -124.90595,
            49.66192
          ],
          [
            -124.91435,
            49.66163
          ],
          [
            -124.9215,
            49.65922
          ],
          [
            -124.92624,
            49.66108
          ],
          [
            -124.92371,
            49.66249
          ],
          [
            -124.91597,
            49.66194
          ],
          [
            -124.91526,
            49.66397
          ],
          [
            -124.90497,
            49.6629
          ],
          [
            -124.90055,
            49.66736
          ],
          [
            -124.90705,
            49.66957
          ],
          [
            -124.91272,
            49.66848
          ],
          [
            -124.92334,
            49.66962
          ],
          [
            -124.92601,
            49.67158
          ],
          [
            -124.92703,
            49.66942
          ],
          [
            -124.93053,
            49.67126
          ],
          [
            -124.9289,
            49.67238
          ],
          [
            -124.93103,
            49.67277
          ],
          [
            -124.93709,
            49.67151
          ],
          [
            -124.9414,
            49.67286
          ],
          [
            -124.94615,
            49.67223
          ],
          [
            -124.95723,
            49.6779
          ],
          [
            -124.96444,
            49.67828
          ],
          [
            -124.97358,
            49.68123
          ],
          [
            -124.9749819,
            49.6803179
          ],
          [
            -124.97554,
            49.6803
          ],
          [
            -124.9750778,
            49.6802555
          ],
          [
            -124.97836,
            49.67812
          ],
          [
            -124.97928,
            49.67353
          ],
          [
            -124.9722,
            49.66792
          ],
          [
            -124.9696,
            49.66237
          ],
          [
            -124.95546,
            49.65318
          ],
          [
            -124.95035,
            49.65254
          ],
          [
            -124.95212,
            49.65181
          ],
          [
            -124.93843,
            49.6449
          ],
          [
            -124.9317,
            49.64451
          ],
          [
            -124.93301,
            49.64504
          ],
          [
            -124.93188,
            49.64694
          ],
          [
            -124.92762,
            49.64571
          ],
          [
            -124.93001,
            49.64409
          ],
          [
            -124.92503,
            49.64514
          ],
          [
            -124.92445,
            49.6429
          ],
          [
            -124.92594,
            49.64213
          ],
          [
            -124.92298,
            49.64296
          ],
          [
            -124.9226,
            49.6347
          ],
          [
            -124.91726,
            49.63273
          ],
          [
            -124.90921,
            49.62568
          ],
          [
            -124.90546,
            49.6189
          ],
          [
            -124.90579,
            49.61665
          ],
          [
            -124.89463,
            49.60345
          ],
          [
            -124.89093,
            49.60187
          ],
          [
            -124.88888,
            49.59501
          ],
          [
            -124.88077,
            49.59338
          ],
          [
            -124.88363,
            49.58808
          ],
          [
            -124.88314,
            49.58556
          ],
          [
            -124.88648,
            49.58662
          ],
          [
            -124.88579,
            49.584
          ],
          [
            -124.88404,
            49.58419
          ],
          [
            -124.88551,
            49.58363
          ],
          [
            -124.8845,
            49.58131
          ],
          [
            -124.87864,
            49.57066
          ],
          [
            -124.8764,
            49.56912
          ],
          [
            -124.87187,
            49.55922
          ],
          [
            -124.87235,
            49.55579
          ],
          [
            -124.86425,
            49.54358
          ],
          [
            -124.86164,
            49.54252
          ],
          [
            -124.85911,
            49.53615
          ],
          [
            -124.84938,
            49.52612
          ],
          [
            -124.84738,
            49.52618
          ],
          [
            -124.84828,
            49.52516
          ],
          [
            -124.84516,
            49.5226
          ],
          [
            -124.83333,
            49.52333
          ],
          [
            -124.8308,
            49.5216
          ],
          [
            -124.82887,
            49.51642
          ],
          [
            -124.8303,
            49.51398
          ],
          [
            -124.83511,
            49.51346
          ],
          [
            -124.82462,
            49.50389
          ],
          [
            -124.81926,
            49.50307
          ],
          [
            -124.82025,
            49.50163
          ],
          [
            -124.81846,
            49.49954
          ],
          [
            -124.81847,
            49.49606
          ],
          [
            -124.80837,
            49.49855
          ],
          [
            -124.80904,
            49.50262
          ],
          [
            -124.80745,
            49.50575
          ],
          [
            -124.79273,
            49.49799
          ],
          [
            -124.79066,
            49.49165
          ],
          [
            -124.79733,
            49.49459
          ],
          [
            -124.79925,
            49.49352
          ],
          [
            -124.79687,
            49.49252
          ],
          [
            -124.79598,
            49.48534
          ],
          [
            -124.79728,
            49.48538
          ],
          [
            -124.79707,
            49.48303
          ],
          [
            -124.79981,
            49.48018
          ],
          [
            -124.7906,
            49.47416
          ],
          [
            -124.79183,
            49.47378
          ],
          [
            -124.79058,
            49.47247
          ],
          [
            -124.79407,
            49.47084
          ],
          [
            -124.79267,
            49.46724
          ],
          [
            -124.79375,
            49.46432
          ],
          [
            -124.79157,
            49.46365
          ],
          [
            -124.79184,
            49.4619
          ],
          [
            -124.78717,
            49.46183
          ],
          [
            -124.7885,
            49.45965
          ],
          [
            -124.78045,
            49.4597
          ],
          [
            -124.78095,
            49.46099
          ],
          [
            -124.77923,
            49.46066
          ],
          [
            -124.78025,
            49.4627
          ],
          [
            -124.78594,
            49.46228
          ],
          [
            -124.77868,
            49.46662
          ],
          [
            -124.77937,
            49.46785
          ],
          [
            -124.77424,
            49.46831
          ],
          [
            -124.76247,
            49.46501
          ],
          [
            -124.7622,
            49.46329
          ],
          [
            -124.75923,
            49.46353
          ],
          [
            -124.75954,
            49.46243
          ],
          [
            -124.7571,
            49.46147
          ],
          [
            -124.759,
            49.45905
          ],
          [
            -124.75873,
            49.45557
          ],
          [
            -124.75778,
            49.45669
          ],
          [
            -124.75089,
            49.45497
          ],
          [
            -124.7502372,
            49.4536601
          ],
          [
            -124.75036,
            49.45362
          ],
          [
            -124.7501933,
            49.453572
          ],
          [
            -124.74938,
            49.45194
          ],
          [
            -124.74679,
            49.45141
          ],
          [
            -124.7461918,
            49.4526898
          ],
          [
            -124.74586,
            49.45265
          ],
          [
            -124.7460793,
            49.4529305
          ],
          [
            -124.74471,
            49.45586
          ],
          [
            -124.73572,
            49.45642
          ],
          [
            -124.7247,
            49.46557
          ],
          [
            -124.72747,
            49.46708
          ],
          [
            -124.73423,
            49.46534
          ],
          [
            -124.73601,
            49.46622
          ],
          [
            -124.72515,
            49.4676
          ],
          [
            -124.7229,
            49.46672
          ],
          [
            -124.71958,
            49.45909
          ],
          [
            -124.7091,
            49.45671
          ],
          [
            -124.70612,
            49.45399
          ],
          [
            -124.6972,
            49.45067
          ],
          [
            -124.68534,
            49.44856
          ],
          [
            -124.67222,
            49.43745
          ],
          [
            -124.66535,
            49.43537
          ],
          [
            -124.65459,
            49.42585
          ],
          [
            -124.6412,
            49.42205
          ],
          [
            -124.63505,
            49.40907
          ],
          [
            -124.62997,
            49.4045
          ],
          [
            -124.62582,
            49.40279
          ],
          [
            -124.6114,
            49.40141
          ],
          [
            -124.61051,
            49.39791
          ],
          [
            -124.60618,
            49.39804
          ],
          [
            -124.60248,
            49.39337
          ],
          [
            -124.57352,
            49.38032
          ],
          [
            -124.53749,
            49.37651
          ],
          [
            -124.53271,
            49.37411
          ],
          [
            -124.52548,
            49.37339
          ],
          [
            -124.51842,
            49.36915
          ],
          [
            -124.50282,
            49.36517
          ],
          [
            -124.49504,
            49.36485
          ],
          [
            -124.49968,
            49.36654
          ],
          [
            -124.48591,
            49.36904
          ],
          [
            -124.46349,
            49.35578
          ],
          [
            -124.45845,
            49.35426
          ],
          [
            -124.44758,
            49.35476
          ],
          [
            -124.4165,
            49.36031
          ],
          [
            -124.37826,
            49.35373
          ],
          [
            -124.36457,
            49.3537
          ],
          [
            -124.36052,
            49.35225
          ],
          [
            -124.36058,
            49.35022
          ],
          [
            -124.3636,
            49.34904
          ],
          [
            -124.36125,
            49.34853
          ],
          [
            -124.35582,
            49.35185
          ],
          [
            -124.35921,
            49.34865
          ],
          [
            -124.35636,
            49.34849
          ],
          [
            -124.35604,
            49.35102
          ],
          [
            -124.35334,
            49.34793
          ],
          [
            -124.35747,
            49.34772
          ],
          [
            -124.35726,
            49.34565
          ],
          [
            -124.3416,
            49.34111
          ],
          [
            -124.33358,
            49.33672
          ],
          [
            -124.32007,
            49.32341
          ],
          [
            -124.31451,
            49.32312
          ],
          [
            -124.30703,
            49.32825
          ],
          [
            -124.29952,
            49.32965
          ],
          [
            -124.29641,
            49.32905
          ],
          [
            -124.3021,
            49.32657
          ],
          [
            -124.29661,
            49.32796
          ],
          [
            -124.29131,
            49.3253
          ],
          [
            -124.29143,
            49.32939
          ],
          [
            -124.28903,
            49.32951
          ],
          [
            -124.28674,
            49.32678
          ],
          [
            -124.28655,
            49.33096
          ],
          [
            -124.29258,
            49.33064
          ],
          [
            -124.28426,
            49.33156
          ],
          [
            -124.26399,
            49.32509
          ],
          [
            -124.26404,
            49.31851
          ],
          [
            -124.2616,
            49.31165
          ],
          [
            -124.25237,
            49.30533
          ],
          [
            -124.24042,
            49.30548
          ],
          [
            -124.23864,
            49.30379
          ],
          [
            -124.24081,
            49.30699
          ],
          [
            -124.23755,
            49.30808
          ],
          [
            -124.24272,
            49.31264
          ],
          [
            -124.24112,
            49.31321
          ],
          [
            -124.2266,
            49.30432
          ],
          [
            -124.22341,
            49.30035
          ],
          [
            -124.21966,
            49.30092
          ],
          [
            -124.21892,
            49.30321
          ],
          [
            -124.21355,
            49.30191
          ],
          [
            -124.21247,
            49.29962
          ],
          [
            -124.20744,
            49.29759
          ],
          [
            -124.20985,
            49.29577
          ],
          [
            -124.20692,
            49.29385
          ],
          [
            -124.19843,
            49.29531
          ],
          [
            -124.198,
            49.29956
          ],
          [
            -124.19905,
            49.30195
          ],
          [
            -124.20245,
            49.30229
          ],
          [
            -124.20528,
            49.30657
          ],
          [
            -124.21442,
            49.31243
          ],
          [
            -124.21427,
            49.31502
          ],
          [
            -124.21013,
            49.31456
          ],
          [
            -124.20119,
            49.30962
          ],
          [
            -124.19766,
            49.30531
          ],
          [
            -124.19371,
            49.304
          ],
          [
            -124.1893,
            49.30802
          ],
          [
            -124.18632,
            49.3073
          ],
          [
            -124.18974,
            49.31179
          ],
          [
            -124.18574,
            49.31263
          ],
          [
            -124.18475,
            49.31023
          ],
          [
            -124.17957,
            49.30922
          ],
          [
            -124.17793,
            49.30734
          ],
          [
            -124.17989,
            49.30727
          ],
          [
            -124.17968,
            49.30598
          ],
          [
            -124.17458,
            49.30433
          ],
          [
            -124.17283,
            49.30122
          ],
          [
            -124.16963,
            49.30156
          ],
          [
            -124.16627,
            49.29406
          ],
          [
            -124.162,
            49.29416
          ],
          [
            -124.15655,
            49.29047
          ],
          [
            -124.15037,
            49.29319
          ],
          [
            -124.14551,
            49.29308
          ],
          [
            -124.14106,
            49.29011
          ],
          [
            -124.13586,
            49.29074
          ],
          [
            -124.13409,
            49.28864
          ],
          [
            -124.13828,
            49.28662
          ],
          [
            -124.13323,
            49.28568
          ],
          [
            -124.13327,
            49.28765
          ],
          [
            -124.13296,
            49.28564
          ],
          [
            -124.12969,
            49.28371
          ],
          [
            -124.13067,
            49.2828
          ],
          [
            -124.12514,
            49.27975
          ],
          [
            -124.12018,
            49.27918
          ],
          [
            -124.12059,
            49.27652
          ],
          [
            -124.11731,
            49.27619
          ],
          [
            -124.11837,
            49.27162
          ],
          [
            -124.11063,
            49.27196
          ],
          [
            -124.10887,
            49.27024
          ],
          [
            -124.1208,
            49.26847
          ],
          [
            -124.12173,
            49.26621
          ],
          [
            -124.12482,
            49.26537
          ],
          [
            -124.13779,
            49.26468
          ],
          [
            -124.13881,
            49.26598
          ],
          [
            -124.1459,
            49.26547
          ],
          [
            -124.15616,
            49.26907
          ],
          [
            -124.16396,
            49.26975
          ],
          [
            -124.17341,
            49.27348
          ],
          [
            -124.17331,
            49.2711
          ],
          [
            -124.17498,
            49.26983
          ],
          [
            -124.19334,
            49.26849
          ],
          [
            -124.19114,
            49.26475
          ],
          [
            -124.18914,
            49.26516
          ],
          [
            -124.18886,
            49.26159
          ],
          [
            -124.1834,
            49.25792
          ],
          [
            -124.17041,
            49.25353
          ],
          [
            -124.13512,
            49.25182
          ],
          [
            -124.12941,
            49.25474
          ],
          [
            -124.12601,
            49.25398
          ],
          [
            -124.12664,
            49.25843
          ],
          [
            -124.12453,
            49.25393
          ],
          [
            -124.11019,
            49.25603
          ],
          [
            -124.09144,
            49.2541
          ],
          [
            -124.08303,
            49.25725
          ],
          [
            -124.07557,
            49.25294
          ],
          [
            -124.06269,
            49.25171
          ],
          [
            -124.05274,
            49.24804
          ],
          [
            -124.03405,
            49.24889
          ],
          [
            -124.02501,
            49.24361
          ],
          [
            -124.01908,
            49.24315
          ],
          [
            -124.00768,
            49.23869
          ],
          [
            -123.98117,
            49.23894
          ],
          [
            -123.96977,
            49.23477
          ],
          [
            -123.96982,
            49.2364
          ],
          [
            -123.96445,
            49.23656
          ],
          [
            -123.96209,
            49.2332
          ],
          [
            -123.96426,
            49.23297
          ],
          [
            -123.96478,
            49.23017
          ],
          [
            -123.95736,
            49.22666
          ],
          [
            -123.95247,
            49.22716
          ],
          [
            -123.94863,
            49.22308
          ],
          [
            -123.9482,
            49.22635
          ],
          [
            -123.95299,
            49.22793
          ],
          [
            -123.94827,
            49.2289
          ],
          [
            -123.94665,
            49.22178
          ],
          [
            -123.94025,
            49.21291
          ],
          [
            -123.95158,
            49.20991
          ],
          [
            -123.95754,
            49.21072
          ],
          [
            -123.96688,
            49.20768
          ],
          [
            -123.96586,
            49.20648
          ],
          [
            -123.96938,
            49.20635
          ],
          [
            -123.96965,
            49.20173
          ],
          [
            -123.96606,
            49.1978
          ],
          [
            -123.95618,
            49.19235
          ],
          [
            -123.95519,
            49.19321
          ],
          [
            -123.95257,
            49.19164
          ],
          [
            -123.94849,
            49.19313
          ],
          [
            -123.94865,
            49.187
          ],
          [
            -123.94079,
            49.17636
          ],
          [
            -123.94146,
            49.17173
          ],
          [
            -123.94405,
            49.17238
          ],
          [
            -123.94219,
            49.17136
          ],
          [
            -123.93761,
            49.1726
          ],
          [
            -123.93494,
            49.16631
          ],
          [
            -123.9332,
            49.16609
          ],
          [
            -123.93392,
            49.16771
          ],
          [
            -123.9325,
            49.16805
          ],
          [
            -123.92944,
            49.16564
          ],
          [
            -123.92904,
            49.16335
          ],
          [
            -123.92346,
            49.16205
          ],
          [
            -123.92133,
            49.15821
          ],
          [
            -123.92826,
            49.15466
          ],
          [
            -123.9265,
            49.14664
          ],
          [
            -123.92756,
            49.14531
          ],
          [
            -123.92038,
            49.13899
          ],
          [
            -123.9188839,
            49.135292
          ],
          [
            -123.91893,
            49.13525
          ],
          [
            -123.9188778,
            49.1352769
          ],
          [
            -123.91843,
            49.13417
          ],
          [
            -123.91509,
            49.13089
          ],
          [
            -123.91781,
            49.13387
          ],
          [
            -123.91747,
            49.13597
          ],
          [
            -123.9015,
            49.13029
          ],
          [
            -123.89561,
            49.13022
          ],
          [
            -123.9081,
            49.13307
          ],
          [
            -123.91135,
            49.1368
          ],
          [
            -123.90784,
            49.13455
          ],
          [
            -123.90561,
            49.13485
          ],
          [
            -123.90267,
            49.13604
          ],
          [
            -123.90131,
            49.13914
          ],
          [
            -123.89843,
            49.13493
          ],
          [
            -123.90196,
            49.14082
          ],
          [
            -123.90079,
            49.14104
          ],
          [
            -123.89661,
            49.13847
          ],
          [
            -123.89174,
            49.13839
          ],
          [
            -123.88813,
            49.13946
          ],
          [
            -123.88713,
            49.14201
          ],
          [
            -123.8867573,
            49.139723
          ],
          [
            -123.88683,
            49.13986
          ],
          [
            -123.88695,
            49.13932
          ],
          [
            -123.8866805,
            49.1392512
          ],
          [
            -123.8864,
            49.13753
          ],
          [
            -123.88922,
            49.13536
          ],
          [
            -123.88478,
            49.13783
          ],
          [
            -123.88537,
            49.14078
          ],
          [
            -123.88134,
            49.13706
          ],
          [
            -123.87389,
            49.13408
          ],
          [
            -123.88077,
            49.13814
          ],
          [
            -123.8871,
            49.14632
          ],
          [
            -123.89534,
            49.16299
          ],
          [
            -123.89451,
            49.16666
          ],
          [
            -123.88914,
            49.15703
          ],
          [
            -123.88704,
            49.15619
          ],
          [
            -123.88669,
            49.15246
          ],
          [
            -123.87865,
            49.14947
          ],
          [
            -123.87173,
            49.14234
          ],
          [
            -123.86233,
            49.13911
          ],
          [
            -123.85721,
            49.14017
          ],
          [
            -123.85143,
            49.13873
          ],
          [
            -123.84485,
            49.14054
          ],
          [
            -123.84658,
            49.13888
          ],
          [
            -123.83131,
            49.13466
          ],
          [
            -123.83253,
            49.13617
          ],
          [
            -123.81847,
            49.13574
          ],
          [
            -123.81843,
            49.13419
          ],
          [
            -123.80724,
            49.12517
          ],
          [
            -123.80452,
            49.11991
          ],
          [
            -123.80593,
            49.11356
          ],
          [
            -123.80182,
            49.10388
          ],
          [
            -123.80335,
            49.10255
          ],
          [
            -123.80061,
            49.10104
          ],
          [
            -123.80049,
            49.09928
          ],
          [
            -123.80237,
            49.09881
          ],
          [
            -123.80045,
            49.09677
          ],
          [
            -123.8027,
            49.09761
          ],
          [
            -123.80311,
            49.09546
          ],
          [
            -123.80504,
            49.09522
          ],
          [
            -123.80046,
            49.09142
          ],
          [
            -123.80958,
            49.09403
          ],
          [
            -123.7979,
            49.09007
          ],
          [
            -123.79678,
            49.09066
          ],
          [
            -123.79815,
            49.09181
          ],
          [
            -123.79566,
            49.09123
          ],
          [
            -123.79399,
            49.08911
          ],
          [
            -123.7938,
            49.09027
          ],
          [
            -123.79105,
            49.08657
          ],
          [
            -123.79343,
            49.08782
          ],
          [
            -123.78411,
            49.07788
          ],
          [
            -123.7851,
            49.07633
          ],
          [
            -123.78194,
            49.07315
          ],
          [
            -123.78499,
            49.07334
          ],
          [
            -123.77774,
            49.06999
          ],
          [
            -123.77499,
            49.06616
          ],
          [
            -123.77766,
            49.06701
          ],
          [
            -123.77548,
            49.0647
          ],
          [
            -123.7741,
            49.06537
          ],
          [
            -123.76813,
            49.06204
          ],
          [
            -123.76747,
            49.06012
          ],
          [
            -123.77075,
            49.0596
          ],
          [
            -123.76116,
            49.05481
          ],
          [
            -123.75599,
            49.04953
          ],
          [
            -123.76047,
            49.0494
          ],
          [
            -123.7549,
            49.04449
          ],
          [
            -123.74709,
            49.04161
          ],
          [
            -123.74665,
            49.04004
          ],
          [
            -123.74725,
            49.03704
          ],
          [
            -123.75478,
            49.03663
          ],
          [
            -123.75379,
            49.03508
          ],
          [
            -123.75677,
            49.0348
          ],
          [
            -123.75544,
            49.03353
          ],
          [
            -123.75892,
            49.03395
          ],
          [
            -123.75829,
            49.03163
          ],
          [
            -123.76479,
            49.02884
          ],
          [
            -123.76375,
            49.02789
          ],
          [
            -123.76736,
            49.02907
          ],
          [
            -123.76675,
            49.03124
          ],
          [
            -123.76854,
            49.02896
          ],
          [
            -123.7783,
            49.03012
          ],
          [
            -123.77729,
            49.02959
          ],
          [
            -123.78429,
            49.02899
          ],
          [
            -123.78847,
            49.02606
          ],
          [
            -123.78785,
            49.02832
          ],
          [
            -123.78997,
            49.02839
          ],
          [
            -123.79169,
            49.02646
          ],
          [
            -123.79067,
            49.02535
          ],
          [
            -123.79187,
            49.02258
          ],
          [
            -123.79028,
            49.02042
          ],
          [
            -123.77248,
            49.01574
          ],
          [
            -123.76405,
            49.00916
          ],
          [
            -123.76094,
            49.00449
          ],
          [
            -123.7613,
            48.99999
          ],
          [
            -123.75824,
            48.99418
          ],
          [
            -123.76133,
            48.98936
          ],
          [
            -123.75733,
            48.98679
          ],
          [
            -123.77234,
            48.98891
          ],
          [
            -123.77303,
            48.98743
          ],
          [
            -123.76927,
            48.98593
          ],
          [
            -123.77112,
            48.98375
          ],
          [
            -123.76931,
            48.98118
          ],
          [
            -123.77349,
            48.98298
          ],
          [
            -123.77793,
            48.98811
          ],
          [
            -123.77694,
            48.99039
          ],
          [
            -123.77949,
            48.99227
          ],
          [
            -123.78714,
            48.99213
          ],
          [
            -123.78925,
            48.99577
          ],
          [
            -123.79618,
            48.99904
          ],
          [
            -123.79648,
            48.99663
          ],
          [
            -123.81845,
            49.01181
          ],
          [
            -123.82144,
            49.01113
          ],
          [
            -123.83492,
            49.01721
          ],
          [
            -123.84515,
            49.02506
          ],
          [
            -123.84993,
            49.02537
          ],
          [
            -123.85125,
            49.02355
          ],
          [
            -123.85123,
            49.02878
          ],
          [
            -123.85444,
            49.02608
          ],
          [
            -123.85717,
            49.02667
          ],
          [
            -123.85639,
            49.02404
          ],
          [
            -123.8603,
            49.02227
          ],
          [
            -123.86013,
            49.02109
          ],
          [
            -123.85527,
            49.02004
          ],
          [
            -123.85762,
            49.0192
          ],
          [
            -123.85584,
            49.01747
          ],
          [
            -123.85129,
            49.01918
          ],
          [
            -123.84698,
            49.01744
          ],
          [
            -123.84563,
            49.01839
          ],
          [
            -123.84788,
            49.01579
          ],
          [
            -123.84758,
            49.01392
          ],
          [
            -123.84564,
            49.01354
          ],
          [
            -123.84396,
            49.01555
          ],
          [
            -123.82812,
            49.00514
          ],
          [
            -123.82486,
            49.00468
          ],
          [
            -123.8226,
            49.00278
          ],
          [
            -123.82367,
            49.00166
          ],
          [
            -123.81984,
            49.00211
          ],
          [
            -123.81762,
            48.99972
          ],
          [
            -123.81844,
            48.99866
          ],
          [
            -123.81634,
            48.99826
          ],
          [
            -123.8176,
            48.99724
          ],
          [
            -123.81466,
            48.9954
          ],
          [
            -123.81178,
            48.99426
          ],
          [
            -123.80769,
            48.99552
          ],
          [
            -123.80854,
            48.98902
          ],
          [
            -123.80345,
            48.98308
          ],
          [
            -123.8044,
            48.98107
          ],
          [
            -123.80259,
            48.98071
          ],
          [
            -123.80369,
            48.98022
          ],
          [
            -123.79919,
            48.9791
          ],
          [
            -123.79853,
            48.97623
          ],
          [
            -123.79397,
            48.97293
          ],
          [
            -123.7872,
            48.97164
          ],
          [
            -123.7754,
            48.96621
          ],
          [
            -123.77357,
            48.96175
          ],
          [
            -123.77252,
            48.96255
          ],
          [
            -123.77439,
            48.96406
          ],
          [
            -123.76997,
            48.96389
          ],
          [
            -123.7559,
            48.95822
          ],
          [
            -123.74934,
            48.95349
          ],
          [
            -123.74407,
            48.94374
          ],
          [
            -123.7415,
            48.94273
          ],
          [
            -123.73823,
            48.93777
          ],
          [
            -123.72384,
            48.93215
          ],
          [
            -123.72249,
            48.92964
          ],
          [
            -123.71599,
            48.92829
          ],
          [
            -123.71028,
            48.91833
          ],
          [
            -123.70354,
            48.91869
          ],
          [
            -123.70654,
            48.92705
          ],
          [
            -123.70578,
            48.92986
          ],
          [
            -123.70239,
            48.91954
          ],
          [
            -123.69756,
            48.9169
          ],
          [
            -123.69705,
            48.91218
          ],
          [
            -123.69911,
            48.91359
          ],
          [
            -123.69281,
            48.90625
          ],
          [
            -123.69204,
            48.90456
          ],
          [
            -123.69385,
            48.90551
          ],
          [
            -123.69254,
            48.90399
          ],
          [
            -123.69076,
            48.9036
          ],
          [
            -123.69165,
            48.90524
          ],
          [
            -123.6906,
            48.90601
          ],
          [
            -123.6872,
            48.90366
          ],
          [
            -123.68693,
            48.90494
          ],
          [
            -123.68413,
            48.90496
          ],
          [
            -123.67896,
            48.9027
          ],
          [
            -123.67881,
            48.89861
          ],
          [
            -123.68033,
            48.89719
          ],
          [
            -123.67861,
            48.89803
          ],
          [
            -123.67752,
            48.90169
          ],
          [
            -123.67662,
            48.89955
          ],
          [
            -123.67165,
            48.89806
          ],
          [
            -123.67407,
            48.89478
          ],
          [
            -123.67838,
            48.89614
          ],
          [
            -123.67289,
            48.8912
          ],
          [
            -123.66628,
            48.89139
          ],
          [
            -123.67176,
            48.88991
          ],
          [
            -123.67009,
            48.88859
          ],
          [
            -123.67139,
            48.88968
          ],
          [
            -123.66662,
            48.89047
          ],
          [
            -123.67103,
            48.88663
          ],
          [
            -123.67505,
            48.88745
          ],
          [
            -123.6711,
            48.88645
          ],
          [
            -123.66689,
            48.88973
          ],
          [
            -123.66804,
            48.88635
          ],
          [
            -123.66606,
            48.88746
          ],
          [
            -123.665,
            48.88613
          ],
          [
            -123.6686423,
            48.885594
          ],
          [
            -123.66222,
            48.88454
          ],
          [
            -123.66301,
            48.88275
          ],
          [
            -123.66715,
            48.88225
          ],
          [
            -123.65986,
            48.88219
          ],
          [
            -123.66215,
            48.88043
          ],
          [
            -123.66495,
            48.88074
          ],
          [
            -123.65997,
            48.87976
          ],
          [
            -123.66367,
            48.878
          ],
          [
            -123.66064,
            48.87848
          ],
          [
            -123.65885,
            48.88071
          ],
          [
            -123.65116,
            48.88141
          ],
          [
            -123.65044,
            48.88491
          ],
          [
            -123.64775,
            48.88302
          ],
          [
            -123.64511,
            48.88335
          ],
          [
            -123.64671,
            48.88281
          ],
          [
            -123.6432,
            48.8782
          ],
          [
            -123.6442,
            48.87359
          ],
          [
            -123.64116,
            48.87152
          ],
          [
            -123.64068,
            48.8698
          ],
          [
            -123.64208,
            48.86905
          ],
          [
            -123.63922,
            48.86441
          ],
          [
            -123.63609,
            48.86432
          ],
          [
            -123.63595,
            48.86182
          ],
          [
            -123.63373,
            48.86131
          ],
          [
            -123.63077,
            48.86309
          ],
          [
            -123.62035,
            48.86125
          ],
          [
            -123.61786,
            48.85894
          ],
          [
            -123.61722,
            48.85569
          ],
          [
            -123.61457,
            48.85401
          ],
          [
            -123.59239,
            48.84822
          ],
          [
            -123.59167,
            48.84402
          ],
          [
            -123.58727,
            48.83961
          ],
          [
            -123.59056,
            48.8369
          ],
          [
            -123.5903,
            48.83555
          ],
          [
            -123.58503,
            48.82828
          ],
          [
            -123.58423,
            48.82437
          ],
          [
            -123.58846,
            48.82082
          ],
          [
            -123.59536,
            48.8229
          ],
          [
            -123.60109,
            48.82173
          ],
          [
            -123.6038,
            48.82047
          ],
          [
            -123.60504,
            48.81774
          ],
          [
            -123.60871,
            48.81754
          ],
          [
            -123.60981,
            48.81517
          ],
          [
            -123.60612,
            48.80944
          ],
          [
            -123.60448,
            48.80278
          ],
          [
            -123.60225,
            48.80138
          ],
          [
            -123.60332,
            48.79603
          ],
          [
            -123.60179,
            48.79532
          ],
          [
            -123.60255,
            48.7935
          ],
          [
            -123.59945,
            48.79021
          ],
          [
            -123.59919,
            48.7878
          ],
          [
            -123.59756,
            48.79022
          ],
          [
            -123.59917,
            48.7931
          ],
          [
            -123.59854,
            48.79715
          ],
          [
            -123.59594,
            48.80025
          ],
          [
            -123.59745,
            48.80089
          ],
          [
            -123.59404,
            48.80553
          ],
          [
            -123.5887,
            48.80554
          ],
          [
            -123.58887,
            48.80857
          ],
          [
            -123.57337,
            48.80144
          ],
          [
            -123.56253,
            48.79897
          ],
          [
            -123.56201,
            48.79592
          ],
          [
            -123.56407,
            48.794
          ],
          [
            -123.56537,
            48.78775
          ],
          [
            -123.56214,
            48.78753
          ],
          [
            -123.55804,
            48.78109
          ],
          [
            -123.55904,
            48.77984
          ],
          [
            -123.56615,
            48.78032
          ],
          [
            -123.56634,
            48.77826
          ],
          [
            -123.57238,
            48.7743
          ],
          [
            -123.57348,
            48.77188
          ],
          [
            -123.57662,
            48.77253
          ],
          [
            -123.57712,
            48.76952
          ],
          [
            -123.57925,
            48.7703
          ],
          [
            -123.58063,
            48.76825
          ],
          [
            -123.57814,
            48.7598
          ],
          [
            -123.57135,
            48.75338
          ],
          [
            -123.56953,
            48.7494
          ],
          [
            -123.57078,
            48.74503
          ],
          [
            -123.56986,
            48.74278
          ],
          [
            -123.57395,
            48.74577
          ],
          [
            -123.57726,
            48.74619
          ],
          [
            -123.58109,
            48.75173
          ],
          [
            -123.58039,
            48.75348
          ],
          [
            -123.58636,
            48.75291
          ],
          [
            -123.59032,
            48.75689
          ],
          [
            -123.59237,
            48.76196
          ],
          [
            -123.59729,
            48.76497
          ],
          [
            -123.59793,
            48.76846
          ],
          [
            -123.59976,
            48.76692
          ],
          [
            -123.59865,
            48.76418
          ],
          [
            -123.60049,
            48.76112
          ],
          [
            -123.59976,
            48.75856
          ],
          [
            -123.59708,
            48.75925
          ],
          [
            -123.59662,
            48.75794
          ],
          [
            -123.60533,
            48.7556
          ],
          [
            -123.61829,
            48.76396
          ],
          [
            -123.62184,
            48.76398
          ],
          [
            -123.62494,
            48.76646
          ],
          [
            -123.62923,
            48.76365
          ],
          [
            -123.6291,
            48.7615
          ],
          [
            -123.63168,
            48.76099
          ],
          [
            -123.63093,
            48.7653
          ],
          [
            -123.6326844,
            48.7674358
          ],
          [
            -123.63196,
            48.76253
          ],
          [
            -123.6369675,
            48.7602239
          ],
          [
            -123.633,
            48.76048
          ],
          [
            -123.63944,
            48.75577
          ],
          [
            -123.63609,
            48.75615
          ],
          [
            -123.63699,
            48.75479
          ],
          [
            -123.63479,
            48.75294
          ],
          [
            -123.6355449,
            48.7518294
          ],
          [
            -123.63846,
            48.7527
          ],
          [
            -123.6436188,
            48.7511805
          ],
          [
            -123.64019,
            48.74891
          ],
          [
            -123.65194,
            48.74758
          ],
          [
            -123.65612,
            48.75001
          ],
          [
            -123.65218,
            48.74737
          ],
          [
            -123.64514,
            48.74778
          ],
          [
            -123.64395,
            48.74672
          ],
          [
            -123.64506,
            48.74637
          ],
          [
            -123.63643,
            48.7439
          ],
          [
            -123.62955,
            48.74379
          ],
          [
            -123.6231,
            48.74086
          ],
          [
            -123.61122,
            48.7403
          ],
          [
            -123.58656,
            48.73397
          ],
          [
            -123.55521,
            48.71594
          ],
          [
            -123.55669,
            48.70771
          ],
          [
            -123.55506,
            48.70477
          ],
          [
            -123.53493,
            48.69391
          ],
          [
            -123.53543,
            48.68777
          ],
          [
            -123.53418,
            48.68354
          ],
          [
            -123.53202,
            48.68225
          ],
          [
            -123.53264,
            48.67369
          ],
          [
            -123.53142,
            48.67035
          ],
          [
            -123.5351,
            48.66392
          ],
          [
            -123.53393,
            48.65995
          ],
          [
            -123.54014,
            48.6543
          ],
          [
            -123.54687,
            48.65556
          ],
          [
            -123.55417,
            48.65934
          ],
          [
            -123.55668,
            48.65855
          ],
          [
            -123.55554,
            48.65702
          ],
          [
            -123.55956,
            48.65565
          ],
          [
            -123.55472,
            48.65621
          ],
          [
            -123.55254,
            48.65192
          ],
          [
            -123.55304,
            48.64945
          ],
          [
            -123.55054,
            48.64622
          ],
          [
            -123.54559,
            48.6445
          ],
          [
            -123.53771,
            48.63717
          ],
          [
            -123.52896,
            48.63183
          ],
          [
            -123.53005,
            48.63045
          ],
          [
            -123.52765,
            48.62624
          ],
          [
            -123.51856,
            48.6149
          ],
          [
            -123.51847,
            48.60898
          ],
          [
            -123.5219,
            48.60628
          ],
          [
            -123.52134,
            48.60215
          ],
          [
            -123.52331,
            48.59835
          ],
          [
            -123.5212,
            48.59062
          ],
          [
            -123.52169,
            48.58261
          ],
          [
            -123.5148,
            48.57201
          ],
          [
            -123.51455,
            48.56838
          ],
          [
            -123.51927,
            48.56551
          ],
          [
            -123.52097,
            48.56076
          ],
          [
            -123.52878,
            48.5622
          ],
          [
            -123.53876,
            48.55842
          ],
          [
            -123.54812,
            48.55785
          ],
          [
            -123.55785,
            48.5497
          ],
          [
            -123.55868,
            48.54327
          ],
          [
            -123.55635,
            48.5375
          ],
          [
            -123.54466,
            48.52669
          ],
          [
            -123.54544,
            48.52361
          ],
          [
            -123.54249,
            48.51889
          ],
          [
            -123.54389,
            48.51471
          ],
          [
            -123.54948,
            48.51278
          ],
          [
            -123.54784,
            48.50831
          ],
          [
            -123.55184,
            48.50683
          ],
          [
            -123.55115,
            48.50442
          ],
          [
            -123.55398,
            48.49997
          ],
          [
            -123.5523,
            48.49616
          ],
          [
            -123.55375,
            48.49051
          ],
          [
            -123.55206,
            48.48557
          ],
          [
            -123.54829,
            48.48519
          ],
          [
            -123.55064,
            48.49084
          ],
          [
            -123.54705,
            48.4963
          ],
          [
            -123.54793,
            48.49907
          ],
          [
            -123.54215,
            48.50525
          ],
          [
            -123.53481,
            48.51734
          ],
          [
            -123.53585,
            48.52047
          ],
          [
            -123.53445,
            48.5252
          ],
          [
            -123.53899,
            48.53856
          ],
          [
            -123.53724,
            48.54681
          ],
          [
            -123.52012,
            48.54937
          ],
          [
            -123.50577,
            48.55345
          ],
          [
            -123.50569,
            48.5574
          ],
          [
            -123.49635,
            48.56357
          ],
          [
            -123.49136,
            48.57073
          ],
          [
            -123.49163,
            48.57319
          ],
          [
            -123.48884,
            48.57371
          ],
          [
            -123.48758,
            48.57768
          ],
          [
            -123.47368,
            48.57305
          ],
          [
            -123.47664,
            48.5664
          ],
          [
            -123.47546,
            48.5602
          ],
          [
            -123.46635,
            48.55795
          ],
          [
            -123.46432,
            48.55912
          ],
          [
            -123.47221,
            48.5614
          ],
          [
            -123.47526,
            48.564
          ],
          [
            -123.47389,
            48.56807
          ],
          [
            -123.46917,
            48.56744
          ],
          [
            -123.47102,
            48.57003
          ],
          [
            -123.46583,
            48.57157
          ],
          [
            -123.46176,
            48.57088
          ],
          [
            -123.46605,
            48.57598
          ],
          [
            -123.46526,
            48.57737
          ],
          [
            -123.47035,
            48.57986
          ],
          [
            -123.47025,
            48.58156
          ],
          [
            -123.46595,
            48.58281
          ],
          [
            -123.46688,
            48.5869
          ],
          [
            -123.46466,
            48.59027
          ],
          [
            -123.47172,
            48.59528
          ],
          [
            -123.48058,
            48.59752
          ],
          [
            -123.48059,
            48.59868
          ],
          [
            -123.47472,
            48.59936
          ],
          [
            -123.47942,
            48.60073
          ],
          [
            -123.4785,
            48.60116
          ],
          [
            -123.48089,
            48.60352
          ],
          [
            -123.4797,
            48.6054
          ],
          [
            -123.48119,
            48.60665
          ],
          [
            -123.47894,
            48.612
          ],
          [
            -123.47211,
            48.61766
          ],
          [
            -123.46442,
            48.629
          ],
          [
            -123.46737,
            48.63087
          ],
          [
            -123.47295,
            48.62825
          ],
          [
            -123.47576,
            48.62864
          ],
          [
            -123.47831,
            48.62613
          ],
          [
            -123.4799,
            48.62863
          ],
          [
            -123.47745,
            48.63416
          ],
          [
            -123.47813,
            48.63635
          ],
          [
            -123.47395,
            48.64102
          ],
          [
            -123.46263,
            48.64596
          ],
          [
            -123.46068,
            48.64841
          ],
          [
            -123.44891,
            48.65152
          ],
          [
            -123.44602,
            48.65321
          ],
          [
            -123.44603,
            48.65521
          ],
          [
            -123.44769,
            48.659
          ],
          [
            -123.45527,
            48.66537
          ],
          [
            -123.46271,
            48.66623
          ],
          [
            -123.47069,
            48.66422
          ],
          [
            -123.47339,
            48.66545
          ],
          [
            -123.47191,
            48.66722
          ],
          [
            -123.47285,
            48.66872
          ],
          [
            -123.47844,
            48.6684
          ],
          [
            -123.47789,
            48.66982
          ],
          [
            -123.48255,
            48.67185
          ],
          [
            -123.48112,
            48.6727
          ],
          [
            -123.48213,
            48.67474
          ],
          [
            -123.4889,
            48.67715
          ],
          [
            -123.48111,
            48.68086
          ],
          [
            -123.47819,
            48.67935
          ],
          [
            -123.47405,
            48.68058
          ],
          [
            -123.47585,
            48.68311
          ],
          [
            -123.4737,
            48.68412
          ],
          [
            -123.47322,
            48.68629
          ],
          [
            -123.47532,
            48.68831
          ],
          [
            -123.48479,
            48.68895
          ],
          [
            -123.48335,
            48.69268
          ],
          [
            -123.46941,
            48.69644
          ],
          [
            -123.43963,
            48.6991
          ],
          [
            -123.42628,
            48.69489
          ],
          [
            -123.42373,
            48.6922
          ],
          [
            -123.42166,
            48.69312
          ],
          [
            -123.41926,
            48.69044
          ],
          [
            -123.40809,
            48.68844
          ],
          [
            -123.40741,
            48.68692
          ],
          [
            -123.40257,
            48.6887
          ],
          [
            -123.40095,
            48.68492
          ],
          [
            -123.40309,
            48.68518
          ],
          [
            -123.4031,
            48.6833
          ],
          [
            -123.40527,
            48.68427
          ],
          [
            -123.40532,
            48.68287
          ],
          [
            -123.39626,
            48.67593
          ],
          [
            -123.39692,
            48.67455
          ],
          [
            -123.4002303,
            48.6744098
          ],
          [
            -123.4011,
            48.67456
          ],
          [
            -123.4005578,
            48.6743959
          ],
          [
            -123.40353,
            48.67427
          ],
          [
            -123.407,
            48.67573
          ],
          [
            -123.41053,
            48.67429
          ],
          [
            -123.41204,
            48.6752
          ],
          [
            -123.41269,
            48.68135
          ],
          [
            -123.41393,
            48.68185
          ],
          [
            -123.42498,
            48.67625
          ],
          [
            -123.42243,
            48.67494
          ],
          [
            -123.42272,
            48.67691
          ],
          [
            -123.41833,
            48.67709
          ],
          [
            -123.41598,
            48.67881
          ],
          [
            -123.41347,
            48.67556
          ],
          [
            -123.41654,
            48.67436
          ],
          [
            -123.42033,
            48.67536
          ],
          [
            -123.42057,
            48.67226
          ],
          [
            -123.42192,
            48.67188
          ],
          [
            -123.41896,
            48.67083
          ],
          [
            -123.41705,
            48.67151
          ],
          [
            -123.41862,
            48.67245
          ],
          [
            -123.41565,
            48.67286
          ],
          [
            -123.41524,
            48.67009
          ],
          [
            -123.41299,
            48.66811
          ],
          [
            -123.40901,
            48.6697
          ],
          [
            -123.41181,
            48.66669
          ],
          [
            -123.40912,
            48.66569
          ],
          [
            -123.40406,
            48.66748
          ],
          [
            -123.40417,
            48.66946
          ],
          [
            -123.39695,
            48.66722
          ],
          [
            -123.40366,
            48.66502
          ],
          [
            -123.40375,
            48.66327
          ],
          [
            -123.40036,
            48.66017
          ],
          [
            -123.39249,
            48.66205
          ],
          [
            -123.39714,
            48.65291
          ],
          [
            -123.39508,
            48.65049
          ],
          [
            -123.39362,
            48.65214
          ],
          [
            -123.39363,
            48.64618
          ],
          [
            -123.40837,
            48.63244
          ],
          [
            -123.4103,
            48.62832
          ],
          [
            -123.39548,
            48.6091
          ],
          [
            -123.39316,
            48.60037
          ],
          [
            -123.38883,
            48.59959
          ],
          [
            -123.3909,
            48.59724
          ],
          [
            -123.39064,
            48.59473
          ],
          [
            -123.39472,
            48.59286
          ],
          [
            -123.39131,
            48.5944
          ],
          [
            -123.37294,
            48.58926
          ],
          [
            -123.37442,
            48.59205
          ],
          [
            -123.37756,
            48.59152
          ],
          [
            -123.37195,
            48.59826
          ],
          [
            -123.36993,
            48.59662
          ],
          [
            -123.37264,
            48.59128
          ],
          [
            -123.36981,
            48.58814
          ],
          [
            -123.37122,
            48.58224
          ],
          [
            -123.36635,
            48.57233
          ],
          [
            -123.36794,
            48.56737
          ],
          [
            -123.36722,
            48.56
          ],
          [
            -123.36201,
            48.55812
          ],
          [
            -123.36572,
            48.54921
          ],
          [
            -123.36241,
            48.54653
          ],
          [
            -123.36118,
            48.54282
          ],
          [
            -123.36653,
            48.53208
          ],
          [
            -123.36505,
            48.52638
          ],
          [
            -123.36634,
            48.51821
          ],
          [
            -123.36469,
            48.51474
          ],
          [
            -123.33704,
            48.49871
          ],
          [
            -123.32763,
            48.49496
          ],
          [
            -123.31704,
            48.49419
          ],
          [
            -123.3149,
            48.49553
          ],
          [
            -123.31483,
            48.49794
          ],
          [
            -123.31083,
            48.49511
          ],
          [
            -123.3068,
            48.49642
          ],
          [
            -123.30366,
            48.49028
          ],
          [
            -123.30031,
            48.48885
          ],
          [
            -123.30075,
            48.48605
          ],
          [
            -123.3028,
            48.48692
          ],
          [
            -123.30138,
            48.4804
          ],
          [
            -123.30322,
            48.47849
          ],
          [
            -123.30285,
            48.47669
          ],
          [
            -123.29996,
            48.47652
          ],
          [
            -123.29812,
            48.47317
          ],
          [
            -123.29208,
            48.47327
          ],
          [
            -123.28527,
            48.4676
          ],
          [
            -123.28087,
            48.46657
          ],
          [
            -123.28032,
            48.46383
          ],
          [
            -123.27889,
            48.46516
          ],
          [
            -123.27576,
            48.46388
          ],
          [
            -123.26876,
            48.45579
          ],
          [
            -123.26519,
            48.45538
          ],
          [
            -123.26487,
            48.45315
          ],
          [
            -123.26709,
            48.4516
          ],
          [
            -123.26458,
            48.4512
          ],
          [
            -123.27204,
            48.4497
          ],
          [
            -123.272,
            48.45132
          ],
          [
            -123.28077,
            48.45019
          ],
          [
            -123.28399,
            48.45422
          ],
          [
            -123.28709,
            48.45463
          ],
          [
            -123.28846,
            48.4591
          ],
          [
            -123.29727,
            48.45714
          ],
          [
            -123.29921,
            48.45321
          ],
          [
            -123.29556,
            48.45213
          ],
          [
            -123.29507,
            48.44993
          ],
          [
            -123.29288,
            48.44995
          ],
          [
            -123.29254,
            48.45133
          ],
          [
            -123.29124,
            48.44865
          ],
          [
            -123.29337,
            48.44728
          ],
          [
            -123.2905,
            48.44296
          ],
          [
            -123.29348,
            48.44113
          ],
          [
            -123.29159,
            48.4382
          ],
          [
            -123.2953,
            48.43683
          ],
          [
            -123.29779,
            48.43819
          ],
          [
            -123.30003,
            48.43739
          ],
          [
            -123.30761,
            48.4271
          ],
          [
            -123.30623,
            48.42441
          ],
          [
            -123.30015,
            48.42479
          ],
          [
            -123.30183,
            48.42298
          ],
          [
            -123.2968,
            48.41948
          ],
          [
            -123.29616,
            48.41416
          ],
          [
            -123.29374,
            48.41157
          ],
          [
            -123.29845,
            48.41206
          ],
          [
            -123.30353,
            48.40951
          ],
          [
            -123.30721,
            48.41032
          ],
          [
            -123.30936,
            48.413
          ],
          [
            -123.31458,
            48.41281
          ],
          [
            -123.3175,
            48.41078
          ],
          [
            -123.31608,
            48.40852
          ],
          [
            -123.32156,
            48.40565
          ],
          [
            -123.32538,
            48.40799
          ],
          [
            -123.32417,
            48.40998
          ],
          [
            -123.32773,
            48.41154
          ],
          [
            -123.33025,
            48.41101
          ],
          [
            -123.32969,
            48.40913
          ],
          [
            -123.33217,
            48.40811
          ],
          [
            -123.34063,
            48.41016
          ],
          [
            -123.34918,
            48.40605
          ],
          [
            -123.34893,
            48.4029
          ],
          [
            -123.35566,
            48.40708
          ],
          [
            -123.36467,
            48.4064
          ],
          [
            -123.36658,
            48.40801
          ],
          [
            -123.37655,
            48.40927
          ],
          [
            -123.38397,
            48.41498
          ],
          [
            -123.3915,
            48.41461
          ],
          [
            -123.38819,
            48.41628
          ],
          [
            -123.39141,
            48.4168
          ],
          [
            -123.38815,
            48.41699
          ],
          [
            -123.38616,
            48.41886
          ],
          [
            -123.38909,
            48.42023
          ],
          [
            -123.3867,
            48.42163
          ],
          [
            -123.38755,
            48.42359
          ],
          [
            -123.37935,
            48.42228
          ],
          [
            -123.37616,
            48.42438
          ],
          [
            -123.3692,
            48.421
          ],
          [
            -123.36885,
            48.42254
          ],
          [
            -123.37131,
            48.4231
          ],
          [
            -123.3701,
            48.42312
          ],
          [
            -123.37184,
            48.43413
          ],
          [
            -123.36862,
            48.43419
          ],
          [
            -123.37114,
            48.4357
          ],
          [
            -123.37745,
            48.43418
          ],
          [
            -123.37837,
            48.43789
          ],
          [
            -123.37466,
            48.43828
          ],
          [
            -123.3794,
            48.43854
          ],
          [
            -123.38134,
            48.44082
          ],
          [
            -123.37992,
            48.4425
          ],
          [
            -123.38848,
            48.4408
          ],
          [
            -123.39559,
            48.44568
          ],
          [
            -123.4042,
            48.44865
          ],
          [
            -123.4125488,
            48.449835
          ],
          [
            -123.40964,
            48.44899
          ],
          [
            -123.40781,
            48.44669
          ],
          [
            -123.4001,
            48.44624
          ],
          [
            -123.3984,
            48.44352
          ],
          [
            -123.3922,
            48.44234
          ],
          [
            -123.38696,
            48.43799
          ],
          [
            -123.38299,
            48.43847
          ],
          [
            -123.37274,
            48.42799
          ],
          [
            -123.37566,
            48.42562
          ],
          [
            -123.37859,
            48.42584
          ],
          [
            -123.38469,
            48.42895
          ],
          [
            -123.38968,
            48.42759
          ],
          [
            -123.39278,
            48.43015
          ],
          [
            -123.39807,
            48.42795
          ],
          [
            -123.39772,
            48.42636
          ],
          [
            -123.39454,
            48.42599
          ],
          [
            -123.39581,
            48.42507
          ],
          [
            -123.39406,
            48.42385
          ],
          [
            -123.39814,
            48.42397
          ],
          [
            -123.39638,
            48.42079
          ],
          [
            -123.39716,
            48.41932
          ],
          [
            -123.39929,
            48.42044
          ],
          [
            -123.4013737,
            48.419735
          ],
          [
            -123.40158,
            48.41974
          ],
          [
            -123.4015498,
            48.4196754
          ],
          [
            -123.4099,
            48.41685
          ],
          [
            -123.41359,
            48.41968
          ],
          [
            -123.41174,
            48.41902
          ],
          [
            -123.41126,
            48.42076
          ],
          [
            -123.41449,
            48.42004
          ],
          [
            -123.41491,
            48.42226
          ],
          [
            -123.42018,
            48.42195
          ],
          [
            -123.41811,
            48.42355
          ],
          [
            -123.4197,
            48.42453
          ],
          [
            -123.4192,
            48.42615
          ],
          [
            -123.4244,
            48.42519
          ],
          [
            -123.43214,
            48.42822
          ],
          [
            -123.43323,
            48.42694
          ],
          [
            -123.43743,
            48.42802
          ],
          [
            -123.43748,
            48.43
          ],
          [
            -123.43942,
            48.43082
          ],
          [
            -123.43856,
            48.43277
          ],
          [
            -123.434,
            48.43257
          ],
          [
            -123.43413,
            48.43364
          ],
          [
            -123.43381,
            48.43203
          ],
          [
            -123.4318223,
            48.432072
          ],
          [
            -123.43008,
            48.43062
          ],
          [
            -123.4252,
            48.43269
          ],
          [
            -123.42653,
            48.43394
          ],
          [
            -123.42043,
            48.43258
          ],
          [
            -123.42036,
            48.43394
          ],
          [
            -123.42394,
            48.43471
          ],
          [
            -123.42288,
            48.43573
          ],
          [
            -123.42873,
            48.43538
          ],
          [
            -123.42716,
            48.43657
          ],
          [
            -123.43133,
            48.43721
          ],
          [
            -123.43109,
            48.4394
          ],
          [
            -123.43655,
            48.44068
          ],
          [
            -123.43448,
            48.44264
          ],
          [
            -123.43083,
            48.4428
          ],
          [
            -123.43098,
            48.44438
          ],
          [
            -123.43592,
            48.44593
          ],
          [
            -123.43255,
            48.44784
          ],
          [
            -123.43376,
            48.44998
          ],
          [
            -123.43954,
            48.4488
          ],
          [
            -123.43987,
            48.45089
          ],
          [
            -123.44432,
            48.45163
          ],
          [
            -123.44324,
            48.45408
          ],
          [
            -123.44758,
            48.45265
          ],
          [
            -123.44938,
            48.45581
          ],
          [
            -123.45458,
            48.4585
          ],
          [
            -123.45602,
            48.45613
          ],
          [
            -123.46363,
            48.45675
          ],
          [
            -123.46468,
            48.4546
          ],
          [
            -123.46288,
            48.45622
          ],
          [
            -123.4593,
            48.45617
          ],
          [
            -123.45373,
            48.45219
          ],
          [
            -123.45329,
            48.45026
          ],
          [
            -123.44993,
            48.44922
          ],
          [
            -123.45125,
            48.44616
          ],
          [
            -123.44967,
            48.44462
          ],
          [
            -123.45121,
            48.44312
          ],
          [
            -123.44718,
            48.44141
          ],
          [
            -123.45102,
            48.44235
          ],
          [
            -123.45094,
            48.44114
          ],
          [
            -123.44656,
            48.43939
          ],
          [
            -123.44673,
            48.43706
          ],
          [
            -123.44958,
            48.43472
          ],
          [
            -123.44873,
            48.43155
          ],
          [
            -123.44706,
            48.43088
          ],
          [
            -123.44786,
            48.42979
          ],
          [
            -123.44882,
            48.43118
          ],
          [
            -123.45699,
            48.43106
          ],
          [
            -123.45973,
            48.43254
          ],
          [
            -123.47406,
            48.42852
          ],
          [
            -123.4744,
            48.42522
          ],
          [
            -123.47122,
            48.42212
          ],
          [
            -123.47261,
            48.41741
          ],
          [
            -123.46165,
            48.42751
          ],
          [
            -123.45469,
            48.43091
          ],
          [
            -123.47,
            48.41897
          ],
          [
            -123.48874,
            48.39597
          ],
          [
            -123.489,
            48.39355
          ],
          [
            -123.48713,
            48.39195
          ],
          [
            -123.48278,
            48.38959
          ],
          [
            -123.48031,
            48.39084
          ],
          [
            -123.47838,
            48.39002
          ],
          [
            -123.4771,
            48.38844
          ],
          [
            -123.47802,
            48.38615
          ],
          [
            -123.48364,
            48.38447
          ],
          [
            -123.50434,
            48.38762
          ],
          [
            -123.50645,
            48.38318
          ],
          [
            -123.51537,
            48.38952
          ],
          [
            -123.51834,
            48.38746
          ],
          [
            -123.52226,
            48.38849
          ],
          [
            -123.52093,
            48.38644
          ],
          [
            -123.51087,
            48.38609
          ],
          [
            -123.5206,
            48.37913
          ],
          [
            -123.52453,
            48.37329
          ],
          [
            -123.53011,
            48.36985
          ],
          [
            -123.53501,
            48.36078
          ],
          [
            -123.54383,
            48.35601
          ],
          [
            -123.54447,
            48.35399
          ],
          [
            -123.54503,
            48.35064
          ],
          [
            -123.53993,
            48.34689
          ],
          [
            -123.541,
            48.3424
          ],
          [
            -123.53926,
            48.34128
          ],
          [
            -123.54003,
            48.34026
          ],
          [
            -123.53683,
            48.34105
          ],
          [
            -123.5366,
            48.33987
          ],
          [
            -123.53143,
            48.34334
          ],
          [
            -123.52704,
            48.34304
          ],
          [
            -123.52755,
            48.34137
          ],
          [
            -123.53335,
            48.33926
          ],
          [
            -123.53468,
            48.33725
          ],
          [
            -123.53935,
            48.33844
          ],
          [
            -123.54164,
            48.33735
          ],
          [
            -123.54663,
            48.34067
          ],
          [
            -123.55278,
            48.34012
          ],
          [
            -123.55608,
            48.34345
          ],
          [
            -123.57001,
            48.34814
          ],
          [
            -123.57362,
            48.35105
          ],
          [
            -123.57488,
            48.35121
          ],
          [
            -123.57102,
            48.34771
          ],
          [
            -123.57907,
            48.34943
          ],
          [
            -123.55972,
            48.34279
          ],
          [
            -123.55974,
            48.34025
          ],
          [
            -123.55436,
            48.33746
          ],
          [
            -123.55321,
            48.33342
          ],
          [
            -123.55086,
            48.33316
          ],
          [
            -123.55121,
            48.3317
          ],
          [
            -123.54773,
            48.33214
          ],
          [
            -123.54789,
            48.33046
          ],
          [
            -123.5449,
            48.3297
          ],
          [
            -123.53984,
            48.32493
          ],
          [
            -123.54157,
            48.32128
          ],
          [
            -123.54046,
            48.32005
          ],
          [
            -123.54778,
            48.31831
          ],
          [
            -123.54907,
            48.31606
          ],
          [
            -123.55757,
            48.31312
          ],
          [
            -123.5607,
            48.30893
          ],
          [
            -123.56413,
            48.30904
          ],
          [
            -123.56526,
            48.31186
          ],
          [
            -123.56434,
            48.31356
          ],
          [
            -123.5765,
            48.31303
          ],
          [
            -123.57821,
            48.31519
          ],
          [
            -123.58238,
            48.31114
          ],
          [
            -123.58653,
            48.30988
          ],
          [
            -123.58934,
            48.31135
          ],
          [
            -123.58879,
            48.31289
          ],
          [
            -123.59042,
            48.3125
          ],
          [
            -123.59088,
            48.31575
          ],
          [
            -123.59702,
            48.31649
          ],
          [
            -123.59872,
            48.31601
          ],
          [
            -123.5985,
            48.31471
          ],
          [
            -123.6011,
            48.31474
          ],
          [
            -123.60154,
            48.31591
          ],
          [
            -123.59888,
            48.31637
          ],
          [
            -123.60085,
            48.31721
          ],
          [
            -123.60123,
            48.31984
          ],
          [
            -123.60348,
            48.31974
          ],
          [
            -123.59858,
            48.32169
          ],
          [
            -123.59954,
            48.32286
          ],
          [
            -123.59485,
            48.32544
          ],
          [
            -123.5949,
            48.32726
          ],
          [
            -123.59169,
            48.32784
          ],
          [
            -123.593,
            48.33114
          ],
          [
            -123.59156,
            48.33469
          ],
          [
            -123.58913,
            48.33592
          ],
          [
            -123.58975,
            48.33876
          ],
          [
            -123.58754,
            48.34086
          ],
          [
            -123.58875,
            48.34268
          ],
          [
            -123.59151,
            48.34225
          ],
          [
            -123.59147,
            48.34016
          ],
          [
            -123.59425,
            48.33808
          ],
          [
            -123.59558,
            48.33966
          ],
          [
            -123.60041,
            48.33715
          ],
          [
            -123.60338,
            48.33815
          ],
          [
            -123.60388,
            48.33494
          ],
          [
            -123.60861,
            48.33386
          ],
          [
            -123.61433,
            48.33667
          ],
          [
            -123.62338,
            48.33658
          ],
          [
            -123.62613,
            48.33514
          ],
          [
            -123.62732,
            48.33707
          ],
          [
            -123.62834,
            48.33506
          ],
          [
            -123.63241,
            48.33435
          ],
          [
            -123.63501,
            48.3279
          ],
          [
            -123.62938,
            48.32589
          ],
          [
            -123.63553,
            48.3245
          ],
          [
            -123.63787,
            48.31683
          ],
          [
            -123.64252,
            48.31719
          ],
          [
            -123.64661,
            48.31449
          ],
          [
            -123.65433,
            48.31382
          ],
          [
            -123.65275,
            48.31556
          ],
          [
            -123.65436,
            48.3169
          ],
          [
            -123.66767,
            48.32026
          ],
          [
            -123.66649,
            48.3219
          ],
          [
            -123.66854,
            48.322
          ],
          [
            -123.66871,
            48.32347
          ],
          [
            -123.67071,
            48.32181
          ],
          [
            -123.66965,
            48.32332
          ],
          [
            -123.67193,
            48.32409
          ],
          [
            -123.66978,
            48.32541
          ],
          [
            -123.67868,
            48.33052
          ],
          [
            -123.68156,
            48.33032
          ],
          [
            -123.68583,
            48.33579
          ],
          [
            -123.69139,
            48.33548
          ],
          [
            -123.69626,
            48.33846
          ],
          [
            -123.70479,
            48.33969
          ],
          [
            -123.70705,
            48.33873
          ],
          [
            -123.7075,
            48.33665
          ],
          [
            -123.70915,
            48.33942
          ],
          [
            -123.71425,
            48.33868
          ],
          [
            -123.71103,
            48.34255
          ],
          [
            -123.71438,
            48.34382
          ],
          [
            -123.71648,
            48.34773
          ],
          [
            -123.71852,
            48.347
          ],
          [
            -123.71559,
            48.34911
          ],
          [
            -123.71551,
            48.35342
          ],
          [
            -123.70303,
            48.35865
          ],
          [
            -123.70487,
            48.36301
          ],
          [
            -123.71323,
            48.36448
          ],
          [
            -123.7164,
            48.36321
          ],
          [
            -123.71714,
            48.36578
          ],
          [
            -123.71345,
            48.36553
          ],
          [
            -123.70751,
            48.37232
          ],
          [
            -123.70599,
            48.37175
          ],
          [
            -123.70148,
            48.37466
          ],
          [
            -123.69119,
            48.37406
          ],
          [
            -123.68537,
            48.37675
          ],
          [
            -123.68249,
            48.37647
          ],
          [
            -123.6822,
            48.37012
          ],
          [
            -123.67788,
            48.36718
          ],
          [
            -123.67352,
            48.36754
          ],
          [
            -123.66273,
            48.36349
          ],
          [
            -123.65723,
            48.36811
          ],
          [
            -123.65202,
            48.36571
          ],
          [
            -123.65319,
            48.36377
          ],
          [
            -123.66223,
            48.36142
          ],
          [
            -123.65881,
            48.35914
          ],
          [
            -123.65424,
            48.36001
          ],
          [
            -123.65226,
            48.35778
          ],
          [
            -123.65291,
            48.36358
          ],
          [
            -123.65009,
            48.36542
          ],
          [
            -123.64808,
            48.36584
          ],
          [
            -123.64469,
            48.36334
          ],
          [
            -123.63831,
            48.36487
          ],
          [
            -123.63548,
            48.36294
          ],
          [
            -123.63392,
            48.36593
          ],
          [
            -123.63706,
            48.36938
          ],
          [
            -123.6367,
            48.37201
          ],
          [
            -123.62356,
            48.36995
          ],
          [
            -123.62757,
            48.37235
          ],
          [
            -123.63277,
            48.37199
          ],
          [
            -123.63703,
            48.37376
          ],
          [
            -123.63513,
            48.37451
          ],
          [
            -123.63549,
            48.37739
          ],
          [
            -123.63364,
            48.37793
          ],
          [
            -123.63832,
            48.3819
          ],
          [
            -123.63504,
            48.38328
          ],
          [
            -123.6353,
            48.38673
          ],
          [
            -123.63281,
            48.3896
          ],
          [
            -123.6387,
            48.38971
          ],
          [
            -123.64363,
            48.38575
          ],
          [
            -123.64796,
            48.38589
          ],
          [
            -123.65219,
            48.3894
          ],
          [
            -123.65341,
            48.39169
          ],
          [
            -123.65239,
            48.39329
          ],
          [
            -123.65494,
            48.39451
          ],
          [
            -123.65875,
            48.3902
          ],
          [
            -123.6623,
            48.38887
          ],
          [
            -123.66058,
            48.38748
          ],
          [
            -123.65487,
            48.39082
          ],
          [
            -123.65577,
            48.38901
          ],
          [
            -123.65315,
            48.38922
          ],
          [
            -123.65417,
            48.38711
          ],
          [
            -123.66041,
            48.38662
          ],
          [
            -123.66424,
            48.38955
          ],
          [
            -123.68183,
            48.3883
          ],
          [
            -123.68506,
            48.38702
          ],
          [
            -123.68733,
            48.38393
          ],
          [
            -123.68656,
            48.38255
          ],
          [
            -123.69151,
            48.37749
          ],
          [
            -123.69426,
            48.3821
          ],
          [
            -123.69829,
            48.38444
          ],
          [
            -123.70646,
            48.38265
          ],
          [
            -123.72623,
            48.37136
          ],
          [
            -123.73199,
            48.36435
          ],
          [
            -123.73042,
            48.3615
          ],
          [
            -123.72561,
            48.36025
          ],
          [
            -123.72632,
            48.35679
          ],
          [
            -123.7164,
            48.36025
          ],
          [
            -123.71114,
            48.35829
          ],
          [
            -123.71789,
            48.35878
          ],
          [
            -123.73474,
            48.35385
          ],
          [
            -123.75366,
            48.3592
          ],
          [
            -123.75681,
            48.36598
          ],
          [
            -123.76445,
            48.37043
          ],
          [
            -123.76006,
            48.3702
          ],
          [
            -123.76207,
            48.37147
          ],
          [
            -123.77878,
            48.36895
          ],
          [
            -123.78636,
            48.3644
          ],
          [
            -123.79761,
            48.36418
          ],
          [
            -123.82213,
            48.35693
          ],
          [
            -123.83705,
            48.37072
          ],
          [
            -123.84831,
            48.37287
          ],
          [
            -123.86091,
            48.37867
          ],
          [
            -123.86672,
            48.37929
          ],
          [
            -123.86486,
            48.38061
          ],
          [
            -123.86595,
            48.38122
          ],
          [
            -123.86915,
            48.37903
          ],
          [
            -123.87558,
            48.38114
          ],
          [
            -123.89719,
            48.38208
          ],
          [
            -123.89618,
            48.38175
          ],
          [
            -123.90535,
            48.37919
          ],
          [
            -123.91142,
            48.37972
          ],
          [
            -123.91583,
            48.37707
          ],
          [
            -123.92113,
            48.37657
          ],
          [
            -123.94094,
            48.38523
          ],
          [
            -123.94143,
            48.38752
          ],
          [
            -123.94884,
            48.39553
          ],
          [
            -123.95692,
            48.39628
          ],
          [
            -123.96656,
            48.39401
          ],
          [
            -123.97123,
            48.39495
          ],
          [
            -123.97561,
            48.3925
          ],
          [
            -123.98248,
            48.39582
          ],
          [
            -123.98563,
            48.395
          ],
          [
            -123.98531,
            48.39756
          ],
          [
            -123.98777,
            48.40153
          ],
          [
            -123.99347,
            48.40696
          ],
          [
            -124.01125,
            48.41077
          ],
          [
            -124.02027,
            48.41577
          ],
          [
            -124.03071,
            48.41721
          ],
          [
            -124.03669,
            48.42064
          ],
          [
            -124.0428,
            48.42132
          ],
          [
            -124.04682,
            48.41984
          ],
          [
            -124.05509,
            48.42083
          ],
          [
            -124.05628,
            48.42229
          ],
          [
            -124.06969,
            48.42282
          ],
          [
            -124.08886,
            48.43051
          ],
          [
            -124.09569,
            48.43537
          ],
          [
            -124.1069,
            48.43229
          ],
          [
            -124.10769,
            48.43365
          ],
          [
            -124.1113,
            48.43388
          ],
          [
            -124.11133,
            48.43557
          ],
          [
            -124.11614,
            48.43936
          ],
          [
            -124.14121,
            48.44361
          ],
          [
            -124.14781,
            48.44641
          ],
          [
            -124.15102,
            48.44565
          ],
          [
            -124.16564,
            48.45109
          ],
          [
            -124.20679,
            48.45734
          ],
          [
            -124.21786,
            48.46199
          ],
          [
            -124.25088,
            48.47071
          ],
          [
            -124.27309,
            48.48063
          ],
          [
            -124.29233,
            48.48484
          ],
          [
            -124.29415,
            48.48831
          ],
          [
            -124.29164,
            48.49116
          ],
          [
            -124.2975,
            48.49458
          ],
          [
            -124.29945,
            48.49885
          ],
          [
            -124.30417,
            48.50236
          ],
          [
            -124.30949,
            48.50427
          ],
          [
            -124.36498,
            48.50867
          ],
          [
            -124.3939,
            48.51599
          ],
          [
            -124.39796,
            48.51781
          ],
          [
            -124.40008,
            48.52133
          ],
          [
            -124.40248,
            48.5188
          ],
          [
            -124.40604,
            48.51844
          ],
          [
            -124.41224,
            48.51973
          ],
          [
            -124.4189,
            48.52353
          ],
          [
            -124.43366,
            48.52318
          ],
          [
            -124.43518,
            48.52493
          ],
          [
            -124.44634,
            48.52544
          ],
          [
            -124.44687,
            48.52734
          ],
          [
            -124.45854,
            48.53145
          ],
          [
            -124.45649,
            48.53394
          ],
          [
            -124.4578,
            48.53564
          ],
          [
            -124.44767,
            48.54365
          ],
          [
            -124.44223,
            48.54562
          ],
          [
            -124.44228,
            48.54707
          ],
          [
            -124.43875,
            48.54652
          ],
          [
            -124.43664,
            48.54838
          ],
          [
            -124.43019,
            48.54968
          ],
          [
            -124.42634,
            48.55394
          ],
          [
            -124.42136,
            48.55481
          ],
          [
            -124.4211,
            48.55322
          ],
          [
            -124.41481,
            48.5564
          ],
          [
            -124.40776,
            48.55608
          ],
          [
            -124.40548,
            48.5583
          ],
          [
            -124.39881,
            48.5591
          ],
          [
            -124.39922,
            48.5607
          ],
          [
            -124.40186,
            48.56059
          ],
          [
            -124.40166,
            48.56635
          ],
          [
            -124.40417,
            48.5698
          ],
          [
            -124.41383,
            48.57663
          ],
          [
            -124.42179,
            48.57447
          ],
          [
            -124.42447,
            48.5722
          ],
          [
            -124.4362,
            48.56992
          ],
          [
            -124.44551,
            48.5648
          ],
          [
            -124.46906,
            48.56002
          ],
          [
            -124.47259,
            48.55842
          ],
          [
            -124.47591,
            48.55381
          ],
          [
            -124.49762,
            48.54274
          ],
          [
            -124.55033,
            48.55499
          ],
          [
            -124.54975,
            48.55857
          ],
          [
            -124.55459,
            48.55608
          ],
          [
            -124.58252,
            48.56122
          ],
          [
            -124.59013,
            48.56407
          ],
          [
            -124.5951,
            48.5633
          ],
          [
            -124.5976,
            48.564
          ],
          [
            -124.59824,
            48.56585
          ],
          [
            -124.60076,
            48.56364
          ],
          [
            -124.60377,
            48.56413
          ],
          [
            -124.61714,
            48.56801
          ],
          [
            -124.61636,
            48.57112
          ],
          [
            -124.62331,
            48.56853
          ],
          [
            -124.6282,
            48.57088
          ],
          [
            -124.63745,
            48.57147
          ],
          [
            -124.64987,
            48.57521
          ],
          [
            -124.65627,
            48.57957
          ],
          [
            -124.65259,
            48.58228
          ],
          [
            -124.65672,
            48.58664
          ],
          [
            -124.65276,
            48.58865
          ],
          [
            -124.6536626,
            48.5896786
          ],
          [
            -124.65354,
            48.5886
          ],
          [
            -124.6573,
            48.58683
          ],
          [
            -124.65326,
            48.58203
          ],
          [
            -124.65852,
            48.57949
          ],
          [
            -124.66778,
            48.58266
          ],
          [
            -124.67801,
            48.58374
          ],
          [
            -124.69024,
            48.59028
          ],
          [
            -124.69853,
            48.58986
          ],
          [
            -124.71598,
            48.59396
          ],
          [
            -124.72536,
            48.59857
          ],
          [
            -124.72838,
            48.6052
          ],
          [
            -124.73875,
            48.61265
          ],
          [
            -124.74484,
            48.61356
          ],
          [
            -124.75152,
            48.61095
          ],
          [
            -124.75698,
            48.61386
          ],
          [
            -124.7578,
            48.61656
          ],
          [
            -124.76219,
            48.6174
          ],
          [
            -124.76595,
            48.62704
          ],
          [
            -124.77165,
            48.63
          ],
          [
            -124.77603,
            48.63032
          ],
          [
            -124.77647,
            48.63251
          ],
          [
            -124.78274,
            48.63799
          ],
          [
            -124.79474,
            48.64003
          ],
          [
            -124.79595,
            48.64314
          ],
          [
            -124.80332,
            48.64861
          ],
          [
            -124.80433,
            48.65255
          ],
          [
            -124.81556,
            48.66198
          ],
          [
            -124.8114671,
            48.6631207
          ],
          [
            -124.81909,
            48.66319
          ],
          [
            -124.81977,
            48.66076
          ],
          [
            -124.82372,
            48.66185
          ],
          [
            -124.82557,
            48.66116
          ],
          [
            -124.82541,
            48.65939
          ],
          [
            -124.82885,
            48.65921
          ],
          [
            -124.84456,
            48.66731
          ],
          [
            -124.84979,
            48.66717
          ],
          [
            -124.8494,
            48.66934
          ],
          [
            -124.85101,
            48.67108
          ],
          [
            -124.85422,
            48.66886
          ],
          [
            -124.85697,
            48.6706
          ],
          [
            -124.85941,
            48.66925
          ],
          [
            -124.8606181,
            48.6699994
          ],
          [
            -124.86047,
            48.67001
          ],
          [
            -124.8607611,
            48.6700881
          ],
          [
            -124.87063,
            48.67621
          ],
          [
            -124.88101,
            48.67685
          ],
          [
            -124.88261,
            48.67516
          ],
          [
            -124.90156,
            48.68127
          ],
          [
            -124.90942,
            48.68223
          ],
          [
            -124.91161,
            48.681
          ],
          [
            -124.91116,
            48.6829
          ],
          [
            -124.91745,
            48.68647
          ],
          [
            -124.92884,
            48.6915
          ],
          [
            -124.93663,
            48.69166
          ],
          [
            -124.95208,
            48.70006
          ],
          [
            -124.97321,
            48.70095
          ],
          [
            -124.98685,
            48.70547
          ],
          [
            -124.99275,
            48.70512
          ],
          [
            -124.99353,
            48.70673
          ],
          [
            -124.99531,
            48.7057
          ],
          [
            -125.00628,
            48.70674
          ],
          [
            -125.00799,
            48.70951
          ],
          [
            -125.01122,
            48.70959
          ],
          [
            -125.01778,
            48.71351
          ],
          [
            -125.06191,
            48.72208
          ],
          [
            -125.07925,
            48.72369
          ],
          [
            -125.08304,
            48.72087
          ],
          [
            -125.08696,
            48.72128
          ],
          [
            -125.08978,
            48.71939
          ],
          [
            -125.09403,
            48.72213
          ],
          [
            -125.09972,
            48.72112
          ],
          [
            -125.10612,
            48.72512
          ],
          [
            -125.10362,
            48.72631
          ],
          [
            -125.11691,
            48.73156
          ],
          [
            -125.11581,
            48.73384
          ],
          [
            -125.11839,
            48.73941
          ],
          [
            -125.12165,
            48.7401
          ],
          [
            -125.12486,
            48.74258
          ],
          [
            -125.12465,
            48.74498
          ],
          [
            -125.12954,
            48.74769
          ],
          [
            -125.12727,
            48.75115
          ],
          [
            -125.13049,
            48.75356
          ],
          [
            -125.12916,
            48.75523
          ],
          [
            -125.13259,
            48.75726
          ],
          [
            -125.1281,
            48.75683
          ],
          [
            -125.12583,
            48.75982
          ],
          [
            -125.12794,
            48.76247
          ],
          [
            -125.13098,
            48.76255
          ],
          [
            -125.13066,
            48.76375
          ],
          [
            -125.133,
            48.76438
          ],
          [
            -125.13086,
            48.76576
          ],
          [
            -125.1308,
            48.76821
          ],
          [
            -125.13255,
            48.76967
          ],
          [
            -125.13175,
            48.77269
          ],
          [
            -125.13336,
            48.77306
          ],
          [
            -125.12965,
            48.77478
          ],
          [
            -125.12474,
            48.78141
          ],
          [
            -125.1159,
            48.78753
          ],
          [
            -125.11467,
            48.79087
          ],
          [
            -125.12618,
            48.79814
          ],
          [
            -125.12125,
            48.80133
          ],
          [
            -125.12003,
            48.80403
          ],
          [
            -125.11565,
            48.80428
          ],
          [
            -125.1157,
            48.80658
          ],
          [
            -125.11073,
            48.80602
          ],
          [
            -125.10551,
            48.80957
          ],
          [
            -125.11093,
            48.80619
          ],
          [
            -125.1127,
            48.80744
          ],
          [
            -125.11592,
            48.8067
          ],
          [
            -125.11598,
            48.80445
          ],
          [
            -125.12028,
            48.80452
          ],
          [
            -125.13479,
            48.79168
          ],
          [
            -125.14276,
            48.78733
          ],
          [
            -125.14376,
            48.78569
          ],
          [
            -125.14172,
            48.78215
          ],
          [
            -125.14683,
            48.77962
          ],
          [
            -125.14724,
            48.77683
          ],
          [
            -125.15578,
            48.77528
          ],
          [
            -125.15527,
            48.77018
          ],
          [
            -125.16054,
            48.77146
          ],
          [
            -125.15859,
            48.77467
          ],
          [
            -125.16002,
            48.77686
          ],
          [
            -125.16592,
            48.77754
          ],
          [
            -125.16446,
            48.77917
          ],
          [
            -125.16472,
            48.78295
          ],
          [
            -125.17494,
            48.78753
          ],
          [
            -125.18311,
            48.78695
          ],
          [
            -125.18686,
            48.78388
          ],
          [
            -125.18646,
            48.78601
          ],
          [
            -125.1883,
            48.78627
          ],
          [
            -125.19034,
            48.7844
          ],
          [
            -125.19621,
            48.78322
          ],
          [
            -125.19905,
            48.78029
          ],
          [
            -125.20135,
            48.78587
          ],
          [
            -125.20417,
            48.78552
          ],
          [
            -125.20377,
            48.78428
          ],
          [
            -125.20569,
            48.7823
          ],
          [
            -125.20743,
            48.78277
          ],
          [
            -125.20765,
            48.78117
          ],
          [
            -125.21041,
            48.78119
          ],
          [
            -125.20975,
            48.78312
          ],
          [
            -125.21253,
            48.78129
          ],
          [
            -125.2122887,
            48.7827994
          ],
          [
            -125.21223,
            48.78279
          ],
          [
            -125.2122537,
            48.783018
          ],
          [
            -125.21155,
            48.78742
          ],
          [
            -125.21534,
            48.79033
          ],
          [
            -125.21358,
            48.79152
          ],
          [
            -125.21319,
            48.79039
          ],
          [
            -125.20361,
            48.78987
          ],
          [
            -125.21187,
            48.79174
          ],
          [
            -125.20962,
            48.79186
          ],
          [
            -125.21052,
            48.79411
          ],
          [
            -125.21256,
            48.79382
          ],
          [
            -125.21149,
            48.7951
          ],
          [
            -125.20498,
            48.79841
          ],
          [
            -125.19156,
            48.79691
          ],
          [
            -125.19195,
            48.80125
          ],
          [
            -125.18708,
            48.80002
          ],
          [
            -125.18213,
            48.80138
          ],
          [
            -125.18019,
            48.80566
          ],
          [
            -125.18594,
            48.80876
          ],
          [
            -125.1796,
            48.81064
          ],
          [
            -125.18108,
            48.81288
          ],
          [
            -125.17917,
            48.81416
          ],
          [
            -125.17687,
            48.81316
          ],
          [
            -125.17375,
            48.81581
          ],
          [
            -125.16969,
            48.81392
          ],
          [
            -125.16767,
            48.81542
          ],
          [
            -125.16948,
            48.81783
          ],
          [
            -125.16381,
            48.8174
          ],
          [
            -125.16512,
            48.82057
          ],
          [
            -125.16113,
            48.82127
          ],
          [
            -125.16122,
            48.82443
          ],
          [
            -125.15541,
            48.82515
          ],
          [
            -125.1499,
            48.8323
          ],
          [
            -125.14819,
            48.8326
          ],
          [
            -125.149,
            48.8337
          ],
          [
            -125.14466,
            48.8344
          ],
          [
            -125.14299,
            48.83713
          ],
          [
            -125.1439,
            48.83769
          ],
          [
            -125.14104,
            48.83936
          ],
          [
            -125.13875,
            48.83426
          ],
          [
            -125.14145,
            48.82476
          ],
          [
            -125.15362,
            48.81914
          ],
          [
            -125.15453,
            48.81646
          ],
          [
            -125.16109,
            48.81651
          ],
          [
            -125.16326,
            48.81425
          ],
          [
            -125.15948,
            48.81429
          ],
          [
            -125.15702,
            48.81249
          ],
          [
            -125.15611,
            48.81511
          ],
          [
            -125.14651,
            48.81552
          ],
          [
            -125.13517,
            48.8225
          ],
          [
            -125.13655,
            48.82408
          ],
          [
            -125.13506,
            48.82446
          ],
          [
            -125.13683,
            48.82699
          ],
          [
            -125.13573,
            48.82953
          ],
          [
            -125.1369,
            48.83463
          ],
          [
            -125.13504,
            48.8364
          ],
          [
            -125.1282,
            48.83163
          ],
          [
            -125.12856,
            48.82865
          ],
          [
            -125.11896,
            48.83031
          ],
          [
            -125.11773,
            48.8279
          ],
          [
            -125.11265,
            48.82901
          ],
          [
            -125.11818,
            48.82906
          ],
          [
            -125.11856,
            48.83089
          ],
          [
            -125.11445,
            48.83045
          ],
          [
            -125.11079,
            48.83347
          ],
          [
            -125.1095,
            48.83277
          ],
          [
            -125.10617,
            48.83773
          ],
          [
            -125.11422,
            48.8386
          ],
          [
            -125.11854,
            48.83179
          ],
          [
            -125.12286,
            48.83018
          ],
          [
            -125.12368,
            48.83169
          ],
          [
            -125.12194,
            48.83316
          ],
          [
            -125.12723,
            48.8319
          ],
          [
            -125.13474,
            48.83832
          ],
          [
            -125.13444,
            48.83982
          ],
          [
            -125.12824,
            48.84544
          ],
          [
            -125.12864,
            48.84787
          ],
          [
            -125.12315,
            48.85038
          ],
          [
            -125.12067,
            48.84924
          ],
          [
            -125.11355,
            48.85177
          ],
          [
            -125.11291,
            48.84938
          ],
          [
            -125.11169,
            48.85257
          ],
          [
            -125.10875,
            48.85331
          ],
          [
            -125.11025,
            48.85357
          ],
          [
            -125.10834,
            48.85727
          ],
          [
            -125.10138,
            48.86127
          ],
          [
            -125.09769,
            48.86135
          ],
          [
            -125.0988084,
            48.8615663
          ],
          [
            -125.09872,
            48.86157
          ],
          [
            -125.09844,
            48.862
          ],
          [
            -125.0994071,
            48.861682
          ],
          [
            -125.10131,
            48.86205
          ],
          [
            -125.10567,
            48.85887
          ],
          [
            -125.10469,
            48.86276
          ],
          [
            -125.107,
            48.86368
          ],
          [
            -125.09735,
            48.86755
          ],
          [
            -125.09497,
            48.87141
          ],
          [
            -125.08932,
            48.87536
          ],
          [
            -125.0915,
            48.87576
          ],
          [
            -125.08876,
            48.87773
          ],
          [
            -125.08726,
            48.87647
          ],
          [
            -125.08022,
            48.88006
          ],
          [
            -125.07439,
            48.88049
          ],
          [
            -125.0722,
            48.88178
          ],
          [
            -125.07472,
            48.88448
          ],
          [
            -125.06859,
            48.88546
          ],
          [
            -125.05477,
            48.88225
          ],
          [
            -125.04953,
            48.88376
          ],
          [
            -125.05287,
            48.87701
          ],
          [
            -125.04774,
            48.87711
          ],
          [
            -125.04563,
            48.87922
          ],
          [
            -125.04865,
            48.8828
          ],
          [
            -125.04796,
            48.88413
          ],
          [
            -125.03887,
            48.88218
          ],
          [
            -125.03527,
            48.88436
          ],
          [
            -125.03274,
            48.88351
          ],
          [
            -125.02892,
            48.88922
          ],
          [
            -125.02118,
            48.89254
          ],
          [
            -125.01693,
            48.89678
          ],
          [
            -125.00494,
            48.89819
          ],
          [
            -125.00002,
            48.8964
          ],
          [
            -125.00515,
            48.90283
          ],
          [
            -125.00945,
            48.90297
          ],
          [
            -125.00877,
            48.9048
          ],
          [
            -125.01096,
            48.90699
          ],
          [
            -125.00679,
            48.91168
          ],
          [
            -125.00757,
            48.91232
          ],
          [
            -125.00372,
            48.91261
          ],
          [
            -125.00453,
            48.91518
          ],
          [
            -125.00708,
            48.91557
          ],
          [
            -125.00593,
            48.91948
          ],
          [
            -125.00983,
            48.91892
          ],
          [
            -125.00951,
            48.91759
          ],
          [
            -125.01115,
            48.91716
          ],
          [
            -125.01515,
            48.91787
          ],
          [
            -125.01207,
            48.91908
          ],
          [
            -125.01457,
            48.92033
          ],
          [
            -125.01509,
            48.92262
          ],
          [
            -125.02005,
            48.92052
          ],
          [
            -125.02495,
            48.92653
          ],
          [
            -125.0252,
            48.92772
          ],
          [
            -125.02107,
            48.92937
          ],
          [
            -125.02894,
            48.93049
          ],
          [
            -125.03254,
            48.93337
          ],
          [
            -125.02848,
            48.93494
          ],
          [
            -125.02598,
            48.93802
          ],
          [
            -125.01792,
            48.93824
          ],
          [
            -125.02052,
            48.939
          ],
          [
            -125.01793,
            48.9409
          ],
          [
            -125.01968,
            48.94262
          ],
          [
            -125.01867,
            48.94369
          ],
          [
            -125.00252,
            48.94744
          ],
          [
            -125.00554,
            48.94558
          ],
          [
            -124.99847,
            48.93974
          ],
          [
            -124.99484,
            48.94023
          ],
          [
            -124.98174,
            48.93595
          ],
          [
            -124.9863,
            48.94123
          ],
          [
            -124.98472,
            48.94403
          ],
          [
            -124.9862,
            48.94439
          ],
          [
            -124.98653,
            48.95
          ],
          [
            -124.98528,
            48.95053
          ],
          [
            -124.9871,
            48.95072
          ],
          [
            -124.97595,
            48.95265
          ],
          [
            -124.98227,
            48.95457
          ],
          [
            -124.98216,
            48.9565
          ],
          [
            -124.98845,
            48.95616
          ],
          [
            -124.98891,
            48.95759
          ],
          [
            -124.98013,
            48.95989
          ],
          [
            -124.98268,
            48.96325
          ],
          [
            -124.97158,
            48.96994
          ],
          [
            -124.95709,
            48.97502
          ],
          [
            -124.94957,
            48.97454
          ],
          [
            -124.94669,
            48.97712
          ],
          [
            -124.93869,
            48.9752
          ],
          [
            -124.90527,
            48.97342
          ],
          [
            -124.8952,
            48.97828
          ],
          [
            -124.89341,
            48.9814
          ],
          [
            -124.89384,
            48.98651
          ],
          [
            -124.89139,
            48.98887
          ],
          [
            -124.88304,
            48.99187
          ],
          [
            -124.88146,
            48.9956
          ],
          [
            -124.87732,
            48.99554
          ],
          [
            -124.86994,
            48.99835
          ],
          [
            -124.85905,
            49.00406
          ],
          [
            -124.85777,
            49.0061
          ],
          [
            -124.85822,
            49.00142
          ],
          [
            -124.85672,
            49.00592
          ],
          [
            -124.85795,
            49.00764
          ],
          [
            -124.85717,
            49.01731
          ],
          [
            -124.85368,
            49.02108
          ],
          [
            -124.8532,
            49.02474
          ],
          [
            -124.85143,
            49.02513
          ],
          [
            -124.84968,
            49.02861
          ],
          [
            -124.847,
            49.02883
          ],
          [
            -124.84777,
            49.0323
          ],
          [
            -124.84271,
            49.04152
          ],
          [
            -124.83947,
            49.04127
          ],
          [
            -124.83754,
            49.04313
          ],
          [
            -124.83916,
            49.05366
          ],
          [
            -124.83784,
            49.05601
          ],
          [
            -124.84083,
            49.05909
          ],
          [
            -124.83586,
            49.06288
          ],
          [
            -124.83541,
            49.07075
          ],
          [
            -124.82232,
            49.08392
          ],
          [
            -124.81899,
            49.08913
          ],
          [
            -124.82108,
            49.09097
          ],
          [
            -124.81391,
            49.09541
          ],
          [
            -124.81988,
            49.10074
          ],
          [
            -124.81707,
            49.10127
          ],
          [
            -124.81789,
            49.1025
          ],
          [
            -124.8164,
            49.10328
          ],
          [
            -124.81157,
            49.10074
          ],
          [
            -124.81473,
            49.10403
          ],
          [
            -124.81108,
            49.10871
          ],
          [
            -124.81489,
            49.11251
          ],
          [
            -124.81229,
            49.11632
          ],
          [
            -124.80502,
            49.12112
          ],
          [
            -124.80107,
            49.12987
          ],
          [
            -124.79687,
            49.13188
          ],
          [
            -124.79494,
            49.13479
          ],
          [
            -124.79607,
            49.13704
          ],
          [
            -124.7931,
            49.13866
          ],
          [
            -124.79382,
            49.14091
          ],
          [
            -124.79258,
            49.14263
          ],
          [
            -124.78744,
            49.1421
          ],
          [
            -124.79103,
            49.15025
          ],
          [
            -124.7973,
            49.15288
          ],
          [
            -124.79746,
            49.15477
          ],
          [
            -124.7972,
            49.15347
          ],
          [
            -124.79052,
            49.15277
          ],
          [
            -124.79578,
            49.15478
          ],
          [
            -124.79193,
            49.15737
          ],
          [
            -124.7925,
            49.15976
          ],
          [
            -124.80829,
            49.16967
          ],
          [
            -124.81648,
            49.18412
          ],
          [
            -124.8117,
            49.19154
          ],
          [
            -124.81249,
            49.20118
          ],
          [
            -124.81047,
            49.20607
          ],
          [
            -124.81719,
            49.21601
          ],
          [
            -124.81601,
            49.21938
          ],
          [
            -124.81231,
            49.22264
          ],
          [
            -124.81411,
            49.22434
          ],
          [
            -124.81233,
            49.22733
          ],
          [
            -124.81294,
            49.232
          ],
          [
            -124.81645,
            49.23509
          ],
          [
            -124.81211,
            49.23579
          ],
          [
            -124.81203,
            49.23696
          ],
          [
            -124.81552,
            49.237
          ],
          [
            -124.81548,
            49.23947
          ],
          [
            -124.81198,
            49.24118
          ],
          [
            -124.8124,
            49.24424
          ],
          [
            -124.80942,
            49.24447
          ],
          [
            -124.81874,
            49.24555
          ],
          [
            -124.81237,
            49.24967
          ],
          [
            -124.81512,
            49.25001
          ],
          [
            -124.82546,
            49.24498
          ],
          [
            -124.82794,
            49.24871
          ],
          [
            -124.83666,
            49.24366
          ],
          [
            -124.83724,
            49.24624
          ],
          [
            -124.83471,
            49.24662
          ],
          [
            -124.83458,
            49.24832
          ],
          [
            -124.83699,
            49.24727
          ],
          [
            -124.83796,
            49.24905
          ],
          [
            -124.83143,
            49.25124
          ],
          [
            -124.82398,
            49.25119
          ],
          [
            -124.82362,
            49.25287
          ],
          [
            -124.82576,
            49.2539
          ],
          [
            -124.83922,
            49.25161
          ],
          [
            -124.83816,
            49.25024
          ],
          [
            -124.83984,
            49.24786
          ],
          [
            -124.83688,
            49.23783
          ],
          [
            -124.83931,
            49.23362
          ],
          [
            -124.8374,
            49.22718
          ],
          [
            -124.83506,
            49.22592
          ],
          [
            -124.83537,
            49.22412
          ],
          [
            -124.82819,
            49.2157
          ],
          [
            -124.82666,
            49.19838
          ],
          [
            -124.82333,
            49.18959
          ],
          [
            -124.82441,
            49.18753
          ],
          [
            -124.82309,
            49.18478
          ],
          [
            -124.83007,
            49.18353
          ],
          [
            -124.83249,
            49.17624
          ],
          [
            -124.82925,
            49.17394
          ],
          [
            -124.82833,
            49.16776
          ],
          [
            -124.81437,
            49.16099
          ],
          [
            -124.80849,
            49.15555
          ],
          [
            -124.81248,
            49.14682
          ],
          [
            -124.81415,
            49.13174
          ],
          [
            -124.81709,
            49.12657
          ],
          [
            -124.81655,
            49.12076
          ],
          [
            -124.83015,
            49.11463
          ],
          [
            -124.82536,
            49.11319
          ],
          [
            -124.82439,
            49.11146
          ],
          [
            -124.8269791,
            49.111059
          ],
          [
            -124.82445,
            49.10906
          ],
          [
            -124.82735,
            49.1048
          ],
          [
            -124.83747,
            49.10168
          ],
          [
            -124.8332,
            49.09205
          ],
          [
            -124.83402,
            49.09109
          ],
          [
            -124.83137,
            49.0879
          ],
          [
            -124.8371,
            49.08377
          ],
          [
            -124.84472,
            49.08174
          ],
          [
            -124.84772,
            49.07892
          ],
          [
            -124.8558,
            49.07583
          ],
          [
            -124.85837,
            49.07311
          ],
          [
            -124.85504,
            49.07165
          ],
          [
            -124.85553,
            49.06989
          ],
          [
            -124.86683,
            49.06562
          ],
          [
            -124.87625,
            49.06433
          ],
          [
            -124.88328,
            49.06545
          ],
          [
            -124.88613,
            49.06381
          ],
          [
            -124.88323,
            49.06404
          ],
          [
            -124.88467,
            49.06148
          ],
          [
            -124.88045,
            49.06022
          ],
          [
            -124.88217,
            49.06017
          ],
          [
            -124.88151,
            49.05938
          ],
          [
            -124.86785,
            49.05764
          ],
          [
            -124.86313,
            49.05542
          ],
          [
            -124.86433,
            49.05178
          ],
          [
            -124.8623,
            49.04808
          ],
          [
            -124.86179,
            49.04027
          ],
          [
            -124.8663,
            49.03555
          ],
          [
            -124.86582,
            49.0272
          ],
          [
            -124.8712,
            49.01931
          ],
          [
            -124.87083,
            49.01421
          ],
          [
            -124.87244,
            49.01234
          ],
          [
            -124.89316,
            49.0028
          ],
          [
            -124.8965,
            48.9979
          ],
          [
            -124.89558,
            48.9952
          ],
          [
            -124.91148,
            48.98493
          ],
          [
            -124.93583,
            48.98264
          ],
          [
            -124.94933,
            48.9869
          ],
          [
            -124.95465,
            48.98706
          ],
          [
            -124.9672,
            48.98361
          ],
          [
            -124.97065,
            48.98369
          ],
          [
            -124.97461,
            48.98647
          ],
          [
            -124.97565,
            48.98583
          ],
          [
            -124.97454,
            48.98405
          ],
          [
            -124.97784,
            48.9845
          ],
          [
            -124.98453,
            48.9805
          ],
          [
            -124.98637,
            48.98411
          ],
          [
            -124.98449,
            48.98642
          ],
          [
            -124.97592,
            48.98773
          ],
          [
            -124.99681,
            49.00147
          ],
          [
            -125.00462,
            49.00405
          ],
          [
            -125.00438,
            49.00554
          ],
          [
            -125.01012,
            49.00586
          ],
          [
            -125.01234,
            49.00902
          ],
          [
            -125.01743,
            49.00945
          ],
          [
            -125.01701,
            49.01184
          ],
          [
            -125.02287,
            49.01198
          ],
          [
            -125.02644,
            49.0153
          ],
          [
            -125.03385,
            49.01631
          ],
          [
            -125.03216,
            49.02001
          ],
          [
            -125.03177,
            49.01868
          ],
          [
            -125.02891,
            49.01951
          ],
          [
            -125.02422,
            49.02374
          ],
          [
            -125.02477,
            49.02643
          ],
          [
            -125.02801,
            49.02768
          ],
          [
            -125.03193,
            49.02531
          ],
          [
            -125.03489,
            49.01893
          ],
          [
            -125.04262,
            49.02068
          ],
          [
            -125.0505,
            49.01668
          ],
          [
            -125.04776,
            49.0144
          ],
          [
            -125.05152,
            49.01386
          ],
          [
            -125.04103,
            49.01096
          ],
          [
            -125.03914,
            49.00986
          ],
          [
            -125.04036,
            49.0085
          ],
          [
            -125.01881,
            49.0016
          ],
          [
            -125.01625,
            48.99937
          ],
          [
            -125.01296,
            48.99989
          ],
          [
            -125.01242,
            48.9966
          ],
          [
            -125.00217,
            48.98968
          ],
          [
            -125.00078,
            48.9849
          ],
          [
            -124.99755,
            48.98203
          ],
          [
            -124.99848,
            48.98004
          ],
          [
            -124.99354,
            48.97745
          ],
          [
            -124.99884,
            48.97428
          ],
          [
            -124.99708,
            48.97165
          ],
          [
            -125.00276,
            48.96845
          ],
          [
            -125.00174,
            48.96626
          ],
          [
            -125.01525,
            48.96217
          ],
          [
            -125.02093,
            48.96222
          ],
          [
            -125.02132,
            48.96429
          ],
          [
            -125.02329,
            48.96399
          ],
          [
            -125.02391,
            48.96043
          ],
          [
            -125.0255418,
            48.9588898
          ],
          [
            -125.02579,
            48.95877
          ],
          [
            -125.0256662,
            48.9587724
          ],
          [
            -125.02961,
            48.95505
          ],
          [
            -125.03276,
            48.95634
          ],
          [
            -125.0309,
            48.96054
          ],
          [
            -125.02584,
            48.96685
          ],
          [
            -125.01711,
            48.97374
          ],
          [
            -125.01855,
            48.9764
          ],
          [
            -125.02184,
            48.97606
          ],
          [
            -125.02478,
            48.97772
          ],
          [
            -125.0241,
            48.9796
          ],
          [
            -125.02113,
            48.98148
          ],
          [
            -125.01407,
            48.97857
          ],
          [
            -125.01169,
            48.97832
          ],
          [
            -125.01094,
            48.97981
          ],
          [
            -125.01195,
            48.98404
          ],
          [
            -125.01515,
            48.98397
          ],
          [
            -125.01638,
            48.98593
          ],
          [
            -125.02105,
            48.98755
          ],
          [
            -125.02183,
            48.98506
          ],
          [
            -125.02557,
            48.9848
          ],
          [
            -125.03042,
            48.98813
          ],
          [
            -125.03626,
            48.98777
          ],
          [
            -125.02525,
            48.99231
          ],
          [
            -125.02528,
            48.9945
          ],
          [
            -125.03042,
            48.99319
          ],
          [
            -125.03047,
            48.99445
          ],
          [
            -125.03521,
            48.99085
          ],
          [
            -125.03638,
            48.99352
          ],
          [
            -125.03805,
            48.99118
          ],
          [
            -125.0392,
            48.99094
          ],
          [
            -125.03869,
            48.99274
          ],
          [
            -125.0436,
            48.98991
          ],
          [
            -125.04633,
            48.99097
          ],
          [
            -125.04367,
            48.99426
          ],
          [
            -125.04779,
            48.99572
          ],
          [
            -125.0465,
            48.99876
          ],
          [
            -125.05238,
            48.99757
          ],
          [
            -125.05981,
            48.99146
          ],
          [
            -125.06634,
            48.99044
          ],
          [
            -125.08423,
            48.97669
          ],
          [
            -125.09529,
            48.97288
          ],
          [
            -125.10273,
            48.9753
          ],
          [
            -125.11002,
            48.97331
          ],
          [
            -125.11502,
            48.97603
          ],
          [
            -125.11798,
            48.97589
          ],
          [
            -125.11776,
            48.97871
          ],
          [
            -125.12035,
            48.98031
          ],
          [
            -125.12707,
            48.97959
          ],
          [
            -125.12537,
            48.98869
          ],
          [
            -125.12755,
            48.99078
          ],
          [
            -125.13262,
            48.9916
          ],
          [
            -125.13078,
            48.99478
          ],
          [
            -125.13168,
            48.99678
          ],
          [
            -125.14552,
            49.00234
          ],
          [
            -125.14833,
            49.00127
          ],
          [
            -125.14384,
            48.99923
          ],
          [
            -125.14618,
            48.99744
          ],
          [
            -125.15244,
            49.00025
          ],
          [
            -125.14918,
            49.00145
          ],
          [
            -125.15064,
            49.00311
          ],
          [
            -125.14713,
            49.00324
          ],
          [
            -125.14275,
            49.00577
          ],
          [
            -125.14103,
            49.0083
          ],
          [
            -125.14415,
            49.01068
          ],
          [
            -125.15095,
            49.01029
          ],
          [
            -125.15253,
            49.00651
          ],
          [
            -125.1604,
            49.00307
          ],
          [
            -125.15908,
            48.99967
          ],
          [
            -125.15448,
            48.99745
          ],
          [
            -125.15908,
            48.99633
          ],
          [
            -125.16241,
            48.98503
          ],
          [
            -125.16599,
            48.98571
          ],
          [
            -125.16512,
            48.98802
          ],
          [
            -125.17033,
            48.99004
          ],
          [
            -125.17835,
            48.98853
          ],
          [
            -125.18098,
            48.99027
          ],
          [
            -125.18546,
            48.99016
          ],
          [
            -125.18559,
            48.99434
          ],
          [
            -125.18184,
            48.9971
          ],
          [
            -125.18185,
            48.99928
          ],
          [
            -125.17415,
            49.00498
          ],
          [
            -125.16687,
            49.00758
          ],
          [
            -125.16487,
            49.01161
          ],
          [
            -125.16147,
            49.01132
          ],
          [
            -125.1619,
            49.01309
          ],
          [
            -125.15844,
            49.01574
          ],
          [
            -125.14979,
            49.01967
          ],
          [
            -125.14991,
            49.02137
          ],
          [
            -125.14756,
            49.02273
          ],
          [
            -125.15126,
            49.02683
          ],
          [
            -125.14544,
            49.03217
          ],
          [
            -125.14483,
            49.03623
          ],
          [
            -125.13717,
            49.03955
          ],
          [
            -125.13924,
            49.04001
          ],
          [
            -125.13784,
            49.04155
          ],
          [
            -125.14164,
            49.04142
          ],
          [
            -125.14402,
            49.0438
          ],
          [
            -125.13957,
            49.04265
          ],
          [
            -125.14049,
            49.04607
          ],
          [
            -125.13522,
            49.0459
          ],
          [
            -125.13816,
            49.04612
          ],
          [
            -125.1394,
            49.05173
          ],
          [
            -125.14719,
            49.06029
          ],
          [
            -125.14971,
            49.07051
          ],
          [
            -125.15294,
            49.07483
          ],
          [
            -125.16329,
            49.07792
          ],
          [
            -125.16679,
            49.08347
          ],
          [
            -125.17183,
            49.08662
          ],
          [
            -125.18302,
            49.09123
          ],
          [
            -125.18886,
            49.09121
          ],
          [
            -125.18853,
            49.09263
          ],
          [
            -125.20062,
            49.09779
          ],
          [
            -125.19911,
            49.09704
          ],
          [
            -125.20123,
            49.09664
          ],
          [
            -125.19965,
            49.09583
          ],
          [
            -125.20218,
            49.09329
          ],
          [
            -125.20134,
            49.09226
          ],
          [
            -125.20749,
            49.09459
          ],
          [
            -125.19598,
            49.08969
          ],
          [
            -125.18225,
            49.08676
          ],
          [
            -125.18082,
            49.08609
          ],
          [
            -125.18153,
            49.08503
          ],
          [
            -125.17395,
            49.08237
          ],
          [
            -125.1685,
            49.07395
          ],
          [
            -125.15389,
            49.06509
          ],
          [
            -125.14906,
            49.05567
          ],
          [
            -125.14553,
            49.05318
          ],
          [
            -125.14775,
            49.05267
          ],
          [
            -125.1537,
            49.0551
          ],
          [
            -125.155,
            49.05401
          ],
          [
            -125.15337,
            49.0515
          ],
          [
            -125.1641,
            49.05077
          ],
          [
            -125.16876,
            49.0532
          ],
          [
            -125.17092,
            49.05669
          ],
          [
            -125.17468,
            49.0574
          ],
          [
            -125.17124,
            49.05648
          ],
          [
            -125.1669,
            49.04899
          ],
          [
            -125.16326,
            49.04602
          ],
          [
            -125.16244,
            49.0432
          ],
          [
            -125.16407,
            49.04208
          ],
          [
            -125.15951,
            49.04038
          ],
          [
            -125.15994,
            49.03901
          ],
          [
            -125.15603,
            49.03636
          ],
          [
            -125.15712,
            49.0271
          ],
          [
            -125.16009,
            49.02563
          ],
          [
            -125.16062,
            49.02121
          ],
          [
            -125.16579,
            49.01801
          ],
          [
            -125.16502,
            49.01628
          ],
          [
            -125.1686,
            49.01468
          ],
          [
            -125.17173,
            49.01531
          ],
          [
            -125.17214,
            49.01769
          ],
          [
            -125.17606,
            49.01927
          ],
          [
            -125.18046,
            49.01714
          ],
          [
            -125.18171,
            49.01345
          ],
          [
            -125.17808,
            49.01258
          ],
          [
            -125.1825,
            49.00819
          ],
          [
            -125.18461,
            49.00832
          ],
          [
            -125.18407,
            49.00993
          ],
          [
            -125.18625,
            49.0114
          ],
          [
            -125.19338,
            49.00703
          ],
          [
            -125.1945,
            49.00457
          ],
          [
            -125.19298,
            48.99807
          ],
          [
            -125.19594,
            48.99215
          ],
          [
            -125.19461,
            48.98367
          ],
          [
            -125.19163,
            48.981
          ],
          [
            -125.18941,
            48.98267
          ],
          [
            -125.18953,
            48.98086
          ],
          [
            -125.18379,
            48.97897
          ],
          [
            -125.1865,
            48.9768
          ],
          [
            -125.18904,
            48.97834
          ],
          [
            -125.19272,
            48.97646
          ],
          [
            -125.19769,
            48.97172
          ],
          [
            -125.19803,
            48.96696
          ],
          [
            -125.20226,
            48.96254
          ],
          [
            -125.20967,
            48.95901
          ],
          [
            -125.21203,
            48.95866
          ],
          [
            -125.21328,
            48.96017
          ],
          [
            -125.21904,
            48.95773
          ],
          [
            -125.21665,
            48.9573
          ],
          [
            -125.21617,
            48.95544
          ],
          [
            -125.22167,
            48.95114
          ],
          [
            -125.23266,
            48.94877
          ],
          [
            -125.23574,
            48.94528
          ],
          [
            -125.24186,
            48.94412
          ],
          [
            -125.24605,
            48.94817
          ],
          [
            -125.24985,
            48.94857
          ],
          [
            -125.24859,
            48.94891
          ],
          [
            -125.25017,
            48.94973
          ],
          [
            -125.24885,
            48.9549
          ],
          [
            -125.25246,
            48.95432
          ],
          [
            -125.25628,
            48.95765
          ],
          [
            -125.26132,
            48.95734
          ],
          [
            -125.26854,
            48.96043
          ],
          [
            -125.2665,
            48.95851
          ],
          [
            -125.26763,
            48.95785
          ],
          [
            -125.2708743,
            48.9601476
          ],
          [
            -125.26987,
            48.96027
          ],
          [
            -125.2718895,
            48.9608666
          ],
          [
            -125.27678,
            48.96433
          ],
          [
            -125.27538,
            48.96605
          ],
          [
            -125.27183,
            48.96558
          ],
          [
            -125.27651,
            48.96824
          ],
          [
            -125.27924,
            48.96541
          ],
          [
            -125.28446,
            48.968
          ],
          [
            -125.28575,
            48.96638
          ],
          [
            -125.30135,
            48.96832
          ],
          [
            -125.30973,
            48.96582
          ],
          [
            -125.31597,
            48.96942
          ],
          [
            -125.32352,
            48.96934
          ],
          [
            -125.31623,
            48.97272
          ],
          [
            -125.30439,
            48.97431
          ],
          [
            -125.30083,
            48.97621
          ],
          [
            -125.28701,
            48.97421
          ],
          [
            -125.29409,
            48.98009
          ],
          [
            -125.29443,
            48.98534
          ],
          [
            -125.29208,
            48.98615
          ],
          [
            -125.2934,
            48.98801
          ],
          [
            -125.29175,
            48.98813
          ],
          [
            -125.29478,
            48.98922
          ],
          [
            -125.29656,
            48.99257
          ],
          [
            -125.29511,
            48.99286
          ],
          [
            -125.29623,
            48.99465
          ],
          [
            -125.29441,
            48.99631
          ],
          [
            -125.29613,
            48.99696
          ],
          [
            -125.29599,
            48.99954
          ],
          [
            -125.29161,
            49.00564
          ],
          [
            -125.28906,
            49.00662
          ],
          [
            -125.29359,
            49.00771
          ],
          [
            -125.2922,
            49.00574
          ],
          [
            -125.29771,
            49.00185
          ],
          [
            -125.2974,
            48.99989
          ],
          [
            -125.30553,
            48.99931
          ],
          [
            -125.30618,
            49.00067
          ],
          [
            -125.31426,
            49.00146
          ],
          [
            -125.31727,
            49.00449
          ],
          [
            -125.31942,
            49.00367
          ],
          [
            -125.31998,
            49.00582
          ],
          [
            -125.31547,
            49.00588
          ],
          [
            -125.32406,
            49.00949
          ],
          [
            -125.32179,
            49.0118
          ],
          [
            -125.3236,
            49.01225
          ],
          [
            -125.31956,
            49.01478
          ],
          [
            -125.3171644,
            49.0152439
          ],
          [
            -125.31621,
            49.01501
          ],
          [
            -125.3163906,
            49.0153938
          ],
          [
            -125.31104,
            49.01643
          ],
          [
            -125.30712,
            49.01454
          ],
          [
            -125.3002,
            49.01748
          ],
          [
            -125.29535,
            49.01627
          ],
          [
            -125.29569,
            49.01752
          ],
          [
            -125.2929,
            49.01786
          ],
          [
            -125.2923,
            49.02004
          ],
          [
            -125.27852,
            49.01603
          ],
          [
            -125.28189,
            49.01823
          ],
          [
            -125.28101,
            49.0193
          ],
          [
            -125.28248,
            49.0209
          ],
          [
            -125.27798,
            49.01982
          ],
          [
            -125.28099,
            49.01882
          ],
          [
            -125.27686,
            49.01825
          ],
          [
            -125.27564,
            49.01972
          ],
          [
            -125.27875,
            49.02136
          ],
          [
            -125.25532,
            49.02542
          ],
          [
            -125.25446,
            49.02742
          ],
          [
            -125.23636,
            49.02806
          ],
          [
            -125.21401,
            49.03434
          ],
          [
            -125.21202,
            49.03343
          ],
          [
            -125.20179,
            49.03659
          ],
          [
            -125.19901,
            49.03993
          ],
          [
            -125.21407,
            49.03608
          ],
          [
            -125.21882,
            49.03636
          ],
          [
            -125.22132,
            49.03458
          ],
          [
            -125.2258,
            49.03759
          ],
          [
            -125.24182,
            49.03202
          ],
          [
            -125.26174,
            49.02886
          ],
          [
            -125.26372,
            49.02678
          ],
          [
            -125.28044,
            49.02424
          ],
          [
            -125.28779,
            49.0249
          ],
          [
            -125.29008,
            49.02361
          ],
          [
            -125.29845,
            49.02613
          ],
          [
            -125.30142,
            49.0245
          ],
          [
            -125.30465,
            49.02772
          ],
          [
            -125.30761,
            49.02728
          ],
          [
            -125.31554,
            49.03173
          ],
          [
            -125.31428,
            49.0335
          ],
          [
            -125.31522,
            49.03409
          ],
          [
            -125.31842,
            49.03364
          ],
          [
            -125.32041,
            49.0354
          ],
          [
            -125.32192,
            49.03308
          ],
          [
            -125.32536,
            49.03329
          ],
          [
            -125.32583,
            49.03145
          ],
          [
            -125.33078,
            49.03066
          ],
          [
            -125.33758,
            49.0376
          ],
          [
            -125.34259,
            49.03792
          ],
          [
            -125.34874,
            49.04086
          ],
          [
            -125.35172,
            49.04057
          ],
          [
            -125.35046,
            49.03907
          ],
          [
            -125.35665,
            49.03831
          ],
          [
            -125.35853,
            49.04163
          ],
          [
            -125.35874,
            49.03948
          ],
          [
            -125.35649,
            49.03776
          ],
          [
            -125.35821,
            49.03519
          ],
          [
            -125.3567,
            49.03362
          ],
          [
            -125.36365,
            49.02992
          ],
          [
            -125.36209,
            49.02909
          ],
          [
            -125.36392,
            49.0267
          ],
          [
            -125.35764,
            49.01959
          ],
          [
            -125.3607,
            49.01678
          ],
          [
            -125.36129,
            49.01764
          ],
          [
            -125.36055,
            49.01353
          ],
          [
            -125.36239,
            49.01277
          ],
          [
            -125.36154,
            49.01193
          ],
          [
            -125.36342,
            49.00949
          ],
          [
            -125.36038,
            49.00972
          ],
          [
            -125.36219,
            49.0084
          ],
          [
            -125.3617,
            49.00697
          ],
          [
            -125.36505,
            49.00637
          ],
          [
            -125.36822,
            49.00332
          ],
          [
            -125.37189,
            49.00316
          ],
          [
            -125.36893,
            48.99809
          ],
          [
            -125.38161,
            48.99288
          ],
          [
            -125.38568,
            48.98849
          ],
          [
            -125.3938,
            48.98482
          ],
          [
            -125.39118,
            48.98079
          ],
          [
            -125.39542,
            48.97655
          ],
          [
            -125.41821,
            48.96379
          ],
          [
            -125.42515,
            48.96375
          ],
          [
            -125.43207,
            48.95815
          ],
          [
            -125.43332,
            48.95478
          ],
          [
            -125.4417,
            48.95322
          ],
          [
            -125.44587,
            48.94996
          ],
          [
            -125.44463,
            48.94861
          ],
          [
            -125.44657,
            48.94801
          ],
          [
            -125.44517,
            48.94561
          ],
          [
            -125.44677,
            48.94289
          ],
          [
            -125.4572,
            48.94275
          ],
          [
            -125.46101,
            48.94128
          ],
          [
            -125.46269,
            48.93524
          ],
          [
            -125.46914,
            48.9312
          ],
          [
            -125.46937,
            48.92668
          ],
          [
            -125.47306,
            48.92511
          ],
          [
            -125.47629,
            48.92638
          ],
          [
            -125.48019,
            48.92127
          ],
          [
            -125.48394,
            48.92216
          ],
          [
            -125.4849,
            48.92024
          ],
          [
            -125.48983,
            48.92065
          ],
          [
            -125.49256,
            48.92245
          ],
          [
            -125.49198,
            48.92372
          ],
          [
            -125.49878,
            48.92351
          ],
          [
            -125.50389,
            48.92738
          ],
          [
            -125.5045,
            48.9253
          ],
          [
            -125.50016,
            48.92107
          ],
          [
            -125.50333,
            48.92104
          ],
          [
            -125.50628,
            48.9233
          ],
          [
            -125.51046,
            48.92204
          ],
          [
            -125.51126,
            48.92695
          ],
          [
            -125.51486,
            48.92548
          ],
          [
            -125.5159,
            48.928
          ],
          [
            -125.51992,
            48.92841
          ],
          [
            -125.51543,
            48.92911
          ],
          [
            -125.51426,
            48.93107
          ],
          [
            -125.51855,
            48.93224
          ],
          [
            -125.51965,
            48.93468
          ],
          [
            -125.52807,
            48.93549
          ],
          [
            -125.52843,
            48.93748
          ],
          [
            -125.5303,
            48.93743
          ],
          [
            -125.5306,
            48.93953
          ],
          [
            -125.53892,
            48.94715
          ],
          [
            -125.54018,
            48.94619
          ],
          [
            -125.54284,
            48.94742
          ],
          [
            -125.54266,
            48.95024
          ],
          [
            -125.5457,
            48.95288
          ],
          [
            -125.55776,
            48.95796
          ],
          [
            -125.55929,
            48.96029
          ],
          [
            -125.55837,
            48.96291
          ],
          [
            -125.56046,
            48.96228
          ],
          [
            -125.56302,
            48.96506
          ],
          [
            -125.56269,
            48.96662
          ],
          [
            -125.56749,
            48.96601
          ],
          [
            -125.56749,
            48.97013
          ],
          [
            -125.57271,
            48.97235
          ],
          [
            -125.57448,
            48.97461
          ],
          [
            -125.57446,
            48.97806
          ],
          [
            -125.57809,
            48.97881
          ],
          [
            -125.58149,
            48.97745
          ],
          [
            -125.58268,
            48.97615
          ],
          [
            -125.58054,
            48.97385
          ],
          [
            -125.58308,
            48.97592
          ],
          [
            -125.58652,
            48.9759
          ],
          [
            -125.58341,
            48.97107
          ],
          [
            -125.58981,
            48.96702
          ],
          [
            -125.5903,
            48.96359
          ],
          [
            -125.58763,
            48.96403
          ],
          [
            -125.58425,
            48.96163
          ],
          [
            -125.57153,
            48.95874
          ],
          [
            -125.56576,
            48.95354
          ],
          [
            -125.57232,
            48.95095
          ],
          [
            -125.57643,
            48.95125
          ],
          [
            -125.57303,
            48.9477
          ],
          [
            -125.57002,
            48.94852
          ],
          [
            -125.57008,
            48.95043
          ],
          [
            -125.5628,
            48.94728
          ],
          [
            -125.5634,
            48.95041
          ],
          [
            -125.55587,
            48.9497
          ],
          [
            -125.55496,
            48.94892
          ],
          [
            -125.55725,
            48.94829
          ],
          [
            -125.55638,
            48.94723
          ],
          [
            -125.55348,
            48.94828
          ],
          [
            -125.55188,
            48.94712
          ],
          [
            -125.55588,
            48.94678
          ],
          [
            -125.55549,
            48.94525
          ],
          [
            -125.54931,
            48.94678
          ],
          [
            -125.5373,
            48.93828
          ],
          [
            -125.53544,
            48.93462
          ],
          [
            -125.52768,
            48.93096
          ],
          [
            -125.52704,
            48.92882
          ],
          [
            -125.52846,
            48.92828
          ],
          [
            -125.53466,
            48.93122
          ],
          [
            -125.5352,
            48.93402
          ],
          [
            -125.53774,
            48.933
          ],
          [
            -125.53434,
            48.93017
          ],
          [
            -125.53675,
            48.92925
          ],
          [
            -125.5358,
            48.92791
          ],
          [
            -125.53193,
            48.92857
          ],
          [
            -125.53059,
            48.92582
          ],
          [
            -125.52565,
            48.9261
          ],
          [
            -125.52876,
            48.92442
          ],
          [
            -125.52862,
            48.92219
          ],
          [
            -125.53416,
            48.92443
          ],
          [
            -125.5378,
            48.92135
          ],
          [
            -125.54191,
            48.9208
          ],
          [
            -125.54324,
            48.92202
          ],
          [
            -125.54202,
            48.9232
          ],
          [
            -125.54367,
            48.92499
          ],
          [
            -125.54331,
            48.92734
          ],
          [
            -125.53896,
            48.92881
          ],
          [
            -125.54329,
            48.92994
          ],
          [
            -125.54142,
            48.93149
          ],
          [
            -125.54112,
            48.93459
          ],
          [
            -125.54909,
            48.93251
          ],
          [
            -125.54858,
            48.93108
          ],
          [
            -125.5512,
            48.9306
          ],
          [
            -125.55087,
            48.93362
          ],
          [
            -125.55358,
            48.93321
          ],
          [
            -125.55253,
            48.93715
          ],
          [
            -125.5596,
            48.93681
          ],
          [
            -125.56249,
            48.93935
          ],
          [
            -125.56919,
            48.93813
          ],
          [
            -125.57306,
            48.94028
          ],
          [
            -125.57163,
            48.94118
          ],
          [
            -125.57423,
            48.94182
          ],
          [
            -125.5736,
            48.94345
          ],
          [
            -125.57661,
            48.94507
          ],
          [
            -125.5766,
            48.94658
          ],
          [
            -125.58474,
            48.94725
          ],
          [
            -125.58338,
            48.9503
          ],
          [
            -125.58657,
            48.94884
          ],
          [
            -125.58797,
            48.94976
          ],
          [
            -125.5871,
            48.95187
          ],
          [
            -125.58903,
            48.95663
          ],
          [
            -125.59629,
            48.95905
          ],
          [
            -125.60128,
            48.95701
          ],
          [
            -125.60416,
            48.95826
          ],
          [
            -125.60102,
            48.95968
          ],
          [
            -125.60111,
            48.96157
          ],
          [
            -125.60808,
            48.9624
          ],
          [
            -125.60811,
            48.96393
          ],
          [
            -125.60337,
            48.9636
          ],
          [
            -125.60574,
            48.96785
          ],
          [
            -125.60815,
            48.96867
          ],
          [
            -125.60762,
            48.97119
          ],
          [
            -125.61355,
            48.9713
          ],
          [
            -125.61352,
            48.97296
          ],
          [
            -125.61763,
            48.97432
          ],
          [
            -125.61761,
            48.97737
          ],
          [
            -125.61562,
            48.97639
          ],
          [
            -125.61263,
            48.97772
          ],
          [
            -125.61457,
            48.97985
          ],
          [
            -125.61072,
            48.98106
          ],
          [
            -125.61116,
            48.98466
          ],
          [
            -125.63512,
            49.00077
          ],
          [
            -125.64247,
            49.0039
          ],
          [
            -125.65391,
            49.0034
          ],
          [
            -125.6582,
            49.00073
          ],
          [
            -125.65796,
            48.99745
          ],
          [
            -125.66024,
            48.99655
          ],
          [
            -125.66421,
            48.99774
          ],
          [
            -125.66566,
            48.99691
          ],
          [
            -125.66503,
            48.99569
          ],
          [
            -125.66895,
            48.9954
          ],
          [
            -125.6729,
            49.00096
          ],
          [
            -125.67121,
            49.00177
          ],
          [
            -125.67461,
            49.00276
          ],
          [
            -125.67338,
            49.00436
          ],
          [
            -125.6773047,
            49.0067509
          ],
          [
            -125.67718,
            49.0068
          ],
          [
            -125.6773387,
            49.0067717
          ],
          [
            -125.68034,
            49.0086
          ],
          [
            -125.67556,
            49.00925
          ],
          [
            -125.67645,
            49.01078
          ],
          [
            -125.67378,
            49.01517
          ],
          [
            -125.67501,
            49.01955
          ],
          [
            -125.69536,
            49.03828
          ],
          [
            -125.68684,
            49.03278
          ],
          [
            -125.69715,
            49.0405
          ],
          [
            -125.71197,
            49.04573
          ],
          [
            -125.7203,
            49.05219
          ],
          [
            -125.72277,
            49.05163
          ],
          [
            -125.72544,
            49.0561
          ],
          [
            -125.7397,
            49.06431
          ],
          [
            -125.75629,
            49.0706
          ],
          [
            -125.76958,
            49.07268
          ],
          [
            -125.78256,
            49.07096
          ],
          [
            -125.78503,
            49.06537
          ],
          [
            -125.78756,
            49.06362
          ],
          [
            -125.8022,
            49.06898
          ],
          [
            -125.81047,
            49.06995
          ],
          [
            -125.81548,
            49.0685
          ],
          [
            -125.81669,
            49.06583
          ],
          [
            -125.8149,
            49.06432
          ],
          [
            -125.82153,
            49.06289
          ],
          [
            -125.82128,
            49.0652
          ],
          [
            -125.8233,
            49.06651
          ],
          [
            -125.82736,
            49.06605
          ],
          [
            -125.82785,
            49.06985
          ],
          [
            -125.83116,
            49.07169
          ],
          [
            -125.83401,
            49.07078
          ],
          [
            -125.83741,
            49.0735
          ],
          [
            -125.84191,
            49.07486
          ],
          [
            -125.84418,
            49.07391
          ],
          [
            -125.84185,
            49.07538
          ],
          [
            -125.84547,
            49.07709
          ],
          [
            -125.85087,
            49.07633
          ],
          [
            -125.85015,
            49.07733
          ],
          [
            -125.85409,
            49.07695
          ],
          [
            -125.85208,
            49.07799
          ],
          [
            -125.85341,
            49.07856
          ],
          [
            -125.85883,
            49.07782
          ],
          [
            -125.86152,
            49.07897
          ],
          [
            -125.86027,
            49.08119
          ],
          [
            -125.86363,
            49.08046
          ],
          [
            -125.86277,
            49.08322
          ],
          [
            -125.86833,
            49.08222
          ],
          [
            -125.86941,
            49.08399
          ],
          [
            -125.86723,
            49.08657
          ],
          [
            -125.87168,
            49.08444
          ],
          [
            -125.87232,
            49.08637
          ],
          [
            -125.87432,
            49.08613
          ],
          [
            -125.87205,
            49.08732
          ],
          [
            -125.87406,
            49.08898
          ],
          [
            -125.88221,
            49.08897
          ],
          [
            -125.88345,
            49.09016
          ],
          [
            -125.8819,
            49.0908
          ],
          [
            -125.88542,
            49.09272
          ],
          [
            -125.88428,
            49.0938
          ],
          [
            -125.8867,
            49.09261
          ],
          [
            -125.88631,
            49.09385
          ],
          [
            -125.88954,
            49.0949
          ],
          [
            -125.88749,
            49.09675
          ],
          [
            -125.87396,
            49.09641
          ],
          [
            -125.87226,
            49.10288
          ],
          [
            -125.87365,
            49.10629
          ],
          [
            -125.87574,
            49.10753
          ],
          [
            -125.88088,
            49.10679
          ],
          [
            -125.87893,
            49.10882
          ],
          [
            -125.88321,
            49.11025
          ],
          [
            -125.88224,
            49.11147
          ],
          [
            -125.8833,
            49.11215
          ],
          [
            -125.89217,
            49.11301
          ],
          [
            -125.89346,
            49.1186
          ],
          [
            -125.8962,
            49.1223
          ],
          [
            -125.90541,
            49.12357
          ],
          [
            -125.90651,
            49.12497
          ],
          [
            -125.90136,
            49.12854
          ],
          [
            -125.90347,
            49.13274
          ],
          [
            -125.90603,
            49.13479
          ],
          [
            -125.90973,
            49.13345
          ],
          [
            -125.90871,
            49.13684
          ],
          [
            -125.911,
            49.13815
          ],
          [
            -125.91314,
            49.13726
          ],
          [
            -125.91504,
            49.1392
          ],
          [
            -125.91485,
            49.14281
          ],
          [
            -125.9128,
            49.1441
          ],
          [
            -125.91547,
            49.1476
          ],
          [
            -125.91044,
            49.14977
          ],
          [
            -125.91056,
            49.15195
          ],
          [
            -125.913,
            49.15357
          ],
          [
            -125.90666,
            49.15465
          ],
          [
            -125.89617,
            49.15053
          ],
          [
            -125.8899,
            49.15055
          ],
          [
            -125.89089,
            49.14765
          ],
          [
            -125.88935,
            49.14628
          ],
          [
            -125.88703,
            49.13551
          ],
          [
            -125.88964,
            49.13422
          ],
          [
            -125.88713,
            49.13003
          ],
          [
            -125.88469,
            49.13067
          ],
          [
            -125.88357,
            49.12721
          ],
          [
            -125.88472,
            49.12341
          ],
          [
            -125.88776,
            49.12451
          ],
          [
            -125.88774,
            49.1231
          ],
          [
            -125.88572,
            49.11851
          ],
          [
            -125.88236,
            49.11836
          ],
          [
            -125.8776,
            49.11434
          ],
          [
            -125.87914,
            49.1132
          ],
          [
            -125.87396,
            49.11255
          ],
          [
            -125.87449,
            49.11429
          ],
          [
            -125.86741,
            49.11463
          ],
          [
            -125.86713,
            49.1158
          ],
          [
            -125.87539,
            49.12087
          ],
          [
            -125.87046,
            49.12093
          ],
          [
            -125.87117,
            49.12339
          ],
          [
            -125.86365,
            49.12484
          ],
          [
            -125.86164,
            49.12324
          ],
          [
            -125.85379,
            49.12359
          ],
          [
            -125.85273,
            49.11986
          ],
          [
            -125.84968,
            49.11953
          ],
          [
            -125.84973,
            49.11807
          ],
          [
            -125.85163,
            49.11821
          ],
          [
            -125.85348,
            49.11606
          ],
          [
            -125.85889,
            49.11651
          ],
          [
            -125.86224,
            49.11459
          ],
          [
            -125.86163,
            49.11183
          ],
          [
            -125.86316,
            49.11139
          ],
          [
            -125.86059,
            49.11
          ],
          [
            -125.86209,
            49.10688
          ],
          [
            -125.85295,
            49.10158
          ],
          [
            -125.85899,
            49.10205
          ],
          [
            -125.85796,
            49.10024
          ],
          [
            -125.85476,
            49.10017
          ],
          [
            -125.85685,
            49.09885
          ],
          [
            -125.85373,
            49.09942
          ],
          [
            -125.85256,
            49.09834
          ],
          [
            -125.85385,
            49.09738
          ],
          [
            -125.84936,
            49.09726
          ],
          [
            -125.84469,
            49.0944
          ],
          [
            -125.85087,
            49.09821
          ],
          [
            -125.85005,
            49.09973
          ],
          [
            -125.84659,
            49.09907
          ],
          [
            -125.84971,
            49.10044
          ],
          [
            -125.84733,
            49.10153
          ],
          [
            -125.85069,
            49.10189
          ],
          [
            -125.84947,
            49.1026
          ],
          [
            -125.85755,
            49.1068
          ],
          [
            -125.85518,
            49.10994
          ],
          [
            -125.85767,
            49.11316
          ],
          [
            -125.85181,
            49.11291
          ],
          [
            -125.85231,
            49.11142
          ],
          [
            -125.84879,
            49.10996
          ],
          [
            -125.84999,
            49.1116
          ],
          [
            -125.84879,
            49.11406
          ],
          [
            -125.84584,
            49.11232
          ],
          [
            -125.84244,
            49.11455
          ],
          [
            -125.84289,
            49.11264
          ],
          [
            -125.84046,
            49.11253
          ],
          [
            -125.84135,
            49.11072
          ],
          [
            -125.83725,
            49.10873
          ],
          [
            -125.83749,
            49.10729
          ],
          [
            -125.83452,
            49.10589
          ],
          [
            -125.83309,
            49.1026
          ],
          [
            -125.83604,
            49.10081
          ],
          [
            -125.8355,
            49.09896
          ],
          [
            -125.83975,
            49.0995
          ],
          [
            -125.83801,
            49.09762
          ],
          [
            -125.83414,
            49.09866
          ],
          [
            -125.83277,
            49.09736
          ],
          [
            -125.83264,
            49.09904
          ],
          [
            -125.82763,
            49.09944
          ],
          [
            -125.82746,
            49.10134
          ],
          [
            -125.82541,
            49.10023
          ],
          [
            -125.8254,
            49.10265
          ],
          [
            -125.82287,
            49.10177
          ],
          [
            -125.8232,
            49.09843
          ],
          [
            -125.82021,
            49.10314
          ],
          [
            -125.81619,
            49.10267
          ],
          [
            -125.8204,
            49.10602
          ],
          [
            -125.82384,
            49.1067
          ],
          [
            -125.82401,
            49.10933
          ],
          [
            -125.82166,
            49.10924
          ],
          [
            -125.83455,
            49.11428
          ],
          [
            -125.8337,
            49.1161
          ],
          [
            -125.83735,
            49.11771
          ],
          [
            -125.8352,
            49.11918
          ],
          [
            -125.83555,
            49.12211
          ],
          [
            -125.83102,
            49.12265
          ],
          [
            -125.8273,
            49.12029
          ],
          [
            -125.81844,
            49.11926
          ],
          [
            -125.81611,
            49.12055
          ],
          [
            -125.81222,
            49.11913
          ],
          [
            -125.80746,
            49.12001
          ],
          [
            -125.79355,
            49.11208
          ],
          [
            -125.78562,
            49.11026
          ],
          [
            -125.78489,
            49.10668
          ],
          [
            -125.78117,
            49.1064
          ],
          [
            -125.78292,
            49.10457
          ],
          [
            -125.78303,
            49.10008
          ],
          [
            -125.7753,
            49.09912
          ],
          [
            -125.77842,
            49.09389
          ],
          [
            -125.77551,
            49.09797
          ],
          [
            -125.77249,
            49.09572
          ],
          [
            -125.77353,
            49.09804
          ],
          [
            -125.7705,
            49.10155
          ],
          [
            -125.76865,
            49.10119
          ],
          [
            -125.76855,
            49.09875
          ],
          [
            -125.76617,
            49.10009
          ],
          [
            -125.76478,
            49.09865
          ],
          [
            -125.76712,
            49.09608
          ],
          [
            -125.76336,
            49.09341
          ],
          [
            -125.76659,
            49.08876
          ],
          [
            -125.76191,
            49.09442
          ],
          [
            -125.76605,
            49.0959
          ],
          [
            -125.76235,
            49.09866
          ],
          [
            -125.75779,
            49.09494
          ],
          [
            -125.75773,
            49.0899
          ],
          [
            -125.75994,
            49.08789
          ],
          [
            -125.75713,
            49.08926
          ],
          [
            -125.75628,
            49.09334
          ],
          [
            -125.7465,
            49.09066
          ],
          [
            -125.74589,
            49.08678
          ],
          [
            -125.74909,
            49.08628
          ],
          [
            -125.74252,
            49.08505
          ],
          [
            -125.74211,
            49.08335
          ],
          [
            -125.74522,
            49.07864
          ],
          [
            -125.75086,
            49.07662
          ],
          [
            -125.75285,
            49.07417
          ],
          [
            -125.7434,
            49.07723
          ],
          [
            -125.74429,
            49.07205
          ],
          [
            -125.74193,
            49.0737
          ],
          [
            -125.74096,
            49.07815
          ],
          [
            -125.73824,
            49.07852
          ],
          [
            -125.73599,
            49.078
          ],
          [
            -125.73603,
            49.07475
          ],
          [
            -125.73454,
            49.07524
          ],
          [
            -125.73317,
            49.07328
          ],
          [
            -125.7347,
            49.07642
          ],
          [
            -125.7306,
            49.07828
          ],
          [
            -125.73343,
            49.07843
          ],
          [
            -125.73149,
            49.08075
          ],
          [
            -125.73492,
            49.07894
          ],
          [
            -125.73958,
            49.0817
          ],
          [
            -125.73788,
            49.08515
          ],
          [
            -125.72983,
            49.08852
          ],
          [
            -125.72535,
            49.08623
          ],
          [
            -125.72705,
            49.08905
          ],
          [
            -125.72503,
            49.09095
          ],
          [
            -125.72647,
            49.09093
          ],
          [
            -125.72648,
            49.0949
          ],
          [
            -125.72929,
            49.09768
          ],
          [
            -125.73456,
            49.09777
          ],
          [
            -125.7363,
            49.10026
          ],
          [
            -125.74174,
            49.10023
          ],
          [
            -125.74236,
            49.10207
          ],
          [
            -125.74886,
            49.10535
          ],
          [
            -125.75254,
            49.10477
          ],
          [
            -125.75778,
            49.10766
          ],
          [
            -125.75764,
            49.10906
          ],
          [
            -125.73803,
            49.10979
          ],
          [
            -125.73171,
            49.11191
          ],
          [
            -125.72134,
            49.11111
          ],
          [
            -125.7186,
            49.1144
          ],
          [
            -125.72077,
            49.11813
          ],
          [
            -125.7242,
            49.11999
          ],
          [
            -125.72286,
            49.12327
          ],
          [
            -125.71339,
            49.12706
          ],
          [
            -125.70825,
            49.12629
          ],
          [
            -125.709,
            49.12901
          ],
          [
            -125.70764,
            49.13019
          ],
          [
            -125.69881,
            49.13001
          ],
          [
            -125.69691,
            49.13208
          ],
          [
            -125.69804,
            49.13391
          ],
          [
            -125.69474,
            49.13366
          ],
          [
            -125.6849,
            49.14084
          ],
          [
            -125.67433,
            49.14009
          ],
          [
            -125.67425,
            49.13749
          ],
          [
            -125.66804,
            49.13631
          ],
          [
            -125.6661,
            49.13877
          ],
          [
            -125.66949,
            49.14012
          ],
          [
            -125.66948,
            49.14185
          ],
          [
            -125.66505,
            49.14108
          ],
          [
            -125.66411,
            49.14528
          ],
          [
            -125.66768,
            49.14692
          ],
          [
            -125.67107,
            49.14658
          ],
          [
            -125.67133,
            49.14446
          ],
          [
            -125.67547,
            49.14522
          ],
          [
            -125.67588,
            49.14698
          ],
          [
            -125.67457,
            49.14754
          ],
          [
            -125.68086,
            49.15252
          ],
          [
            -125.68021,
            49.15417
          ],
          [
            -125.67754,
            49.15582
          ],
          [
            -125.67488,
            49.15536
          ],
          [
            -125.66941,
            49.15163
          ],
          [
            -125.66897,
            49.1495
          ],
          [
            -125.6497,
            49.15435
          ],
          [
            -125.64978,
            49.15744
          ],
          [
            -125.645,
            49.15933
          ],
          [
            -125.64026,
            49.16414
          ],
          [
            -125.63984,
            49.16969
          ],
          [
            -125.63707,
            49.17157
          ],
          [
            -125.63845,
            49.1778
          ],
          [
            -125.635,
            49.17945
          ],
          [
            -125.63679,
            49.18146
          ],
          [
            -125.63051,
            49.18591
          ],
          [
            -125.63073,
            49.18784
          ],
          [
            -125.62758,
            49.18838
          ],
          [
            -125.62738,
            49.19164
          ],
          [
            -125.62415,
            49.19268
          ],
          [
            -125.628,
            49.19322
          ],
          [
            -125.62739,
            49.19205
          ],
          [
            -125.63099,
            49.19207
          ],
          [
            -125.63149,
            49.19044
          ],
          [
            -125.63507,
            49.19179
          ],
          [
            -125.64006,
            49.18955
          ],
          [
            -125.63924,
            49.19186
          ],
          [
            -125.64117,
            49.19159
          ],
          [
            -125.64131,
            49.19367
          ],
          [
            -125.6393171,
            49.1951118
          ],
          [
            -125.63927,
            49.19506
          ],
          [
            -125.6391,
            49.19519
          ],
          [
            -125.6392215,
            49.195181
          ],
          [
            -125.63198,
            49.20042
          ],
          [
            -125.631,
            49.19908
          ],
          [
            -125.61856,
            49.20025
          ],
          [
            -125.61665,
            49.20234
          ],
          [
            -125.6019,
            49.20355
          ],
          [
            -125.60015,
            49.20552
          ],
          [
            -125.60266,
            49.21092
          ],
          [
            -125.5984,
            49.21395
          ],
          [
            -125.60032,
            49.21828
          ],
          [
            -125.59322,
            49.23091
          ],
          [
            -125.59569,
            49.23359
          ],
          [
            -125.60054,
            49.23341
          ],
          [
            -125.60277,
            49.23061
          ],
          [
            -125.60129,
            49.22546
          ],
          [
            -125.6031,
            49.22561
          ],
          [
            -125.60601,
            49.21935
          ],
          [
            -125.60911,
            49.21907
          ],
          [
            -125.61033,
            49.21535
          ],
          [
            -125.60881,
            49.212
          ],
          [
            -125.61067,
            49.21181
          ],
          [
            -125.61728,
            49.21718
          ],
          [
            -125.61998,
            49.21682
          ],
          [
            -125.62343,
            49.21196
          ],
          [
            -125.62916,
            49.21176
          ],
          [
            -125.63417,
            49.20886
          ],
          [
            -125.64212,
            49.20764
          ],
          [
            -125.65285,
            49.20362
          ],
          [
            -125.65555,
            49.2015
          ],
          [
            -125.65476,
            49.20054
          ],
          [
            -125.65679,
            49.20055
          ],
          [
            -125.65432,
            49.19184
          ],
          [
            -125.65563,
            49.19038
          ],
          [
            -125.65424,
            49.18853
          ],
          [
            -125.65615,
            49.18835
          ],
          [
            -125.65414,
            49.18592
          ],
          [
            -125.65635,
            49.18584
          ],
          [
            -125.65682,
            49.18056
          ],
          [
            -125.65471,
            49.1749
          ],
          [
            -125.65713,
            49.17145
          ],
          [
            -125.65974,
            49.174
          ],
          [
            -125.65927,
            49.17603
          ],
          [
            -125.66041,
            49.17588
          ],
          [
            -125.66271,
            49.17233
          ],
          [
            -125.66194,
            49.17119
          ],
          [
            -125.66467,
            49.17139
          ],
          [
            -125.66421,
            49.1684
          ],
          [
            -125.66759,
            49.1703
          ],
          [
            -125.66995,
            49.16918
          ],
          [
            -125.67288,
            49.17058
          ],
          [
            -125.67175,
            49.17145
          ],
          [
            -125.67254,
            49.17378
          ],
          [
            -125.66917,
            49.1772
          ],
          [
            -125.67165,
            49.18321
          ],
          [
            -125.66909,
            49.18387
          ],
          [
            -125.66751,
            49.18636
          ],
          [
            -125.66993,
            49.18958
          ],
          [
            -125.67302,
            49.18986
          ],
          [
            -125.6728,
            49.19283
          ],
          [
            -125.66865,
            49.19391
          ],
          [
            -125.66881,
            49.19823
          ],
          [
            -125.66757,
            49.19898
          ],
          [
            -125.67042,
            49.20306
          ],
          [
            -125.66878,
            49.20384
          ],
          [
            -125.66744,
            49.20197
          ],
          [
            -125.66463,
            49.20313
          ],
          [
            -125.66738,
            49.2046
          ],
          [
            -125.6654,
            49.20637
          ],
          [
            -125.66677,
            49.20776
          ],
          [
            -125.66499,
            49.21008
          ],
          [
            -125.66762,
            49.21272
          ],
          [
            -125.67145,
            49.21062
          ],
          [
            -125.66907,
            49.21316
          ],
          [
            -125.67086,
            49.21471
          ],
          [
            -125.67009,
            49.21312
          ],
          [
            -125.67447,
            49.20909
          ],
          [
            -125.67421,
            49.20628
          ],
          [
            -125.67679,
            49.20221
          ],
          [
            -125.6826,
            49.2015
          ],
          [
            -125.6808,
            49.20026
          ],
          [
            -125.68216,
            49.19923
          ],
          [
            -125.67863,
            49.19917
          ],
          [
            -125.67752,
            49.19415
          ],
          [
            -125.68031,
            49.19296
          ],
          [
            -125.67826,
            49.19197
          ],
          [
            -125.68186,
            49.19209
          ],
          [
            -125.68271,
            49.19441
          ],
          [
            -125.68075,
            49.19575
          ],
          [
            -125.68335,
            49.19685
          ],
          [
            -125.68864,
            49.19117
          ],
          [
            -125.68799,
            49.18083
          ],
          [
            -125.69318,
            49.18212
          ],
          [
            -125.69591,
            49.17958
          ],
          [
            -125.69506,
            49.17768
          ],
          [
            -125.6969,
            49.17783
          ],
          [
            -125.6958,
            49.17585
          ],
          [
            -125.69876,
            49.17622
          ],
          [
            -125.70129,
            49.17353
          ],
          [
            -125.71096,
            49.17831
          ],
          [
            -125.71415,
            49.17663
          ],
          [
            -125.70586,
            49.17303
          ],
          [
            -125.70791,
            49.17197
          ],
          [
            -125.7036,
            49.17016
          ],
          [
            -125.7033904,
            49.169404
          ],
          [
            -125.70354,
            49.16932
          ],
          [
            -125.7033774,
            49.1693567
          ],
          [
            -125.70309,
            49.16832
          ],
          [
            -125.7055,
            49.16592
          ],
          [
            -125.71033,
            49.16456
          ],
          [
            -125.71444,
            49.16597
          ],
          [
            -125.71406,
            49.16124
          ],
          [
            -125.71643,
            49.16205
          ],
          [
            -125.71483,
            49.15924
          ],
          [
            -125.71804,
            49.15806
          ],
          [
            -125.716,
            49.15507
          ],
          [
            -125.719,
            49.154
          ],
          [
            -125.71902,
            49.14903
          ],
          [
            -125.72162,
            49.14925
          ],
          [
            -125.72186,
            49.14626
          ],
          [
            -125.72449,
            49.14432
          ],
          [
            -125.72912,
            49.14286
          ],
          [
            -125.73484,
            49.14498
          ],
          [
            -125.73532,
            49.15192
          ],
          [
            -125.73139,
            49.1536
          ],
          [
            -125.73115,
            49.1562
          ],
          [
            -125.73328,
            49.15692
          ],
          [
            -125.73303,
            49.15913
          ],
          [
            -125.73597,
            49.15827
          ],
          [
            -125.73658,
            49.16041
          ],
          [
            -125.73962,
            49.15992
          ],
          [
            -125.73799,
            49.16282
          ],
          [
            -125.73923,
            49.16232
          ],
          [
            -125.74048,
            49.16869
          ],
          [
            -125.74454,
            49.17111
          ],
          [
            -125.74894,
            49.16977
          ],
          [
            -125.74158,
            49.16352
          ],
          [
            -125.74399,
            49.16141
          ],
          [
            -125.74449,
            49.15204
          ],
          [
            -125.74293,
            49.15164
          ],
          [
            -125.74299,
            49.1497
          ],
          [
            -125.75136,
            49.14481
          ],
          [
            -125.75759,
            49.14672
          ],
          [
            -125.75773,
            49.14884
          ],
          [
            -125.76215,
            49.14915
          ],
          [
            -125.76764,
            49.14806
          ],
          [
            -125.77004,
            49.14541
          ],
          [
            -125.76858,
            49.14314
          ],
          [
            -125.76509,
            49.14325
          ],
          [
            -125.76748,
            49.1418
          ],
          [
            -125.76115,
            49.13568
          ],
          [
            -125.76135,
            49.1312
          ],
          [
            -125.76637,
            49.12926
          ],
          [
            -125.77335,
            49.1308
          ],
          [
            -125.77373,
            49.13333
          ],
          [
            -125.77844,
            49.1318
          ],
          [
            -125.78295,
            49.13835
          ],
          [
            -125.79087,
            49.14048
          ],
          [
            -125.79276,
            49.14584
          ],
          [
            -125.78375,
            49.14406
          ],
          [
            -125.78146,
            49.14686
          ],
          [
            -125.78477,
            49.14921
          ],
          [
            -125.78254,
            49.15189
          ],
          [
            -125.7703,
            49.14741
          ],
          [
            -125.7717,
            49.14957
          ],
          [
            -125.76735,
            49.15291
          ],
          [
            -125.77224,
            49.15401
          ],
          [
            -125.77238,
            49.15661
          ],
          [
            -125.76928,
            49.15924
          ],
          [
            -125.76906,
            49.16271
          ],
          [
            -125.76296,
            49.16906
          ],
          [
            -125.75653,
            49.17219
          ],
          [
            -125.75623,
            49.1738
          ],
          [
            -125.75925,
            49.17701
          ],
          [
            -125.75774,
            49.17756
          ],
          [
            -125.75541,
            49.17536
          ],
          [
            -125.75067,
            49.17989
          ],
          [
            -125.74609,
            49.18072
          ],
          [
            -125.74522,
            49.18432
          ],
          [
            -125.74655,
            49.18725
          ],
          [
            -125.74941,
            49.18647
          ],
          [
            -125.75164,
            49.1882
          ],
          [
            -125.7495,
            49.19175
          ],
          [
            -125.75063,
            49.19558
          ],
          [
            -125.75344,
            49.19817
          ],
          [
            -125.75069,
            49.20017
          ],
          [
            -125.75046,
            49.20262
          ],
          [
            -125.75356,
            49.20817
          ],
          [
            -125.74926,
            49.21189
          ],
          [
            -125.7511,
            49.21313
          ],
          [
            -125.75183,
            49.21964
          ],
          [
            -125.75425,
            49.22045
          ],
          [
            -125.75421,
            49.22314
          ],
          [
            -125.75183,
            49.22426
          ],
          [
            -125.7517,
            49.2269
          ],
          [
            -125.7528,
            49.22696
          ],
          [
            -125.751,
            49.22785
          ],
          [
            -125.75013,
            49.23309
          ],
          [
            -125.73958,
            49.24099
          ],
          [
            -125.73995,
            49.24292
          ],
          [
            -125.73656,
            49.24526
          ],
          [
            -125.73741,
            49.24691
          ],
          [
            -125.73561,
            49.24794
          ],
          [
            -125.73695,
            49.24901
          ],
          [
            -125.72529,
            49.25837
          ],
          [
            -125.72901,
            49.2589
          ],
          [
            -125.7288,
            49.26029
          ],
          [
            -125.7338,
            49.26263
          ],
          [
            -125.74156,
            49.25966
          ],
          [
            -125.74274,
            49.25769
          ],
          [
            -125.74736,
            49.25886
          ],
          [
            -125.75339,
            49.25611
          ],
          [
            -125.75481,
            49.25178
          ],
          [
            -125.75827,
            49.24852
          ],
          [
            -125.76755,
            49.24672
          ],
          [
            -125.76627,
            49.24456
          ],
          [
            -125.76803,
            49.24334
          ],
          [
            -125.77282,
            49.24461
          ],
          [
            -125.7788,
            49.24015
          ],
          [
            -125.79962,
            49.23975
          ],
          [
            -125.81216,
            49.24564
          ],
          [
            -125.8124,
            49.25184
          ],
          [
            -125.814,
            49.25363
          ],
          [
            -125.8115,
            49.25548
          ],
          [
            -125.80928,
            49.26051
          ],
          [
            -125.80977,
            49.26325
          ],
          [
            -125.80834,
            49.26446
          ],
          [
            -125.80642,
            49.27518
          ],
          [
            -125.80684,
            49.28102
          ],
          [
            -125.80145,
            49.29225
          ],
          [
            -125.8026,
            49.29513
          ],
          [
            -125.79188,
            49.30994
          ],
          [
            -125.79205,
            49.31703
          ],
          [
            -125.79419,
            49.31873
          ],
          [
            -125.79241,
            49.32277
          ],
          [
            -125.79284,
            49.32843
          ],
          [
            -125.80119,
            49.33182
          ],
          [
            -125.80175,
            49.33456
          ],
          [
            -125.79902,
            49.3387
          ],
          [
            -125.78784,
            49.34423
          ],
          [
            -125.78749,
            49.3484
          ],
          [
            -125.78541,
            49.35115
          ],
          [
            -125.77286,
            49.35537
          ],
          [
            -125.77084,
            49.35794
          ],
          [
            -125.77189,
            49.36073
          ],
          [
            -125.77711,
            49.36233
          ],
          [
            -125.77744,
            49.36503
          ],
          [
            -125.77874,
            49.36412
          ],
          [
            -125.77644,
            49.37065
          ],
          [
            -125.7799,
            49.3613
          ],
          [
            -125.78347,
            49.36109
          ],
          [
            -125.79124,
            49.35681
          ],
          [
            -125.79648,
            49.34936
          ],
          [
            -125.79676,
            49.34604
          ],
          [
            -125.8038,
            49.34463
          ],
          [
            -125.80696,
            49.34191
          ],
          [
            -125.81046,
            49.3356
          ],
          [
            -125.8086,
            49.33359
          ],
          [
            -125.81107,
            49.3306
          ],
          [
            -125.81069,
            49.32706
          ],
          [
            -125.81352,
            49.326
          ],
          [
            -125.81191,
            49.32417
          ],
          [
            -125.81636,
            49.3228
          ],
          [
            -125.81468,
            49.31404
          ],
          [
            -125.81985,
            49.30676
          ],
          [
            -125.82101,
            49.29844
          ],
          [
            -125.82433,
            49.29654
          ],
          [
            -125.82886,
            49.29907
          ],
          [
            -125.83248,
            49.29285
          ],
          [
            -125.83246,
            49.29004
          ],
          [
            -125.83788,
            49.29203
          ],
          [
            -125.83667,
            49.29051
          ],
          [
            -125.83741,
            49.28836
          ],
          [
            -125.83899,
            49.28849
          ],
          [
            -125.839,
            49.28545
          ],
          [
            -125.8351,
            49.27634
          ],
          [
            -125.83774,
            49.26874
          ],
          [
            -125.83377,
            49.2647
          ],
          [
            -125.83432,
            49.26149
          ],
          [
            -125.83743,
            49.26006
          ],
          [
            -125.83865,
            49.26187
          ],
          [
            -125.83723,
            49.26361
          ],
          [
            -125.8391,
            49.2637
          ],
          [
            -125.84144,
            49.26083
          ],
          [
            -125.84912,
            49.25959
          ],
          [
            -125.85608,
            49.2549
          ],
          [
            -125.86816,
            49.25716
          ],
          [
            -125.86636,
            49.25891
          ],
          [
            -125.85937,
            49.25922
          ],
          [
            -125.86271,
            49.26213
          ],
          [
            -125.86168,
            49.26374
          ],
          [
            -125.85772,
            49.2619
          ],
          [
            -125.85362,
            49.26277
          ],
          [
            -125.85538,
            49.26414
          ],
          [
            -125.85803,
            49.26293
          ],
          [
            -125.85944,
            49.26457
          ],
          [
            -125.85799,
            49.26582
          ],
          [
            -125.86259,
            49.26671
          ],
          [
            -125.85965,
            49.2696
          ],
          [
            -125.86229,
            49.27239
          ],
          [
            -125.84975,
            49.27331
          ],
          [
            -125.84907,
            49.27567
          ],
          [
            -125.84756,
            49.27496
          ],
          [
            -125.84238,
            49.27766
          ],
          [
            -125.84839,
            49.2772
          ],
          [
            -125.8514,
            49.27856
          ],
          [
            -125.85507,
            49.27715
          ],
          [
            -125.86012,
            49.27845
          ],
          [
            -125.86014,
            49.27663
          ],
          [
            -125.86605,
            49.27295
          ],
          [
            -125.87323,
            49.27478
          ],
          [
            -125.8806,
            49.28038
          ],
          [
            -125.88065,
            49.28222
          ],
          [
            -125.88367,
            49.2834
          ],
          [
            -125.88616,
            49.28235
          ],
          [
            -125.88526,
            49.27863
          ],
          [
            -125.89008,
            49.27983
          ],
          [
            -125.88984,
            49.27746
          ],
          [
            -125.89243,
            49.27745
          ],
          [
            -125.89555,
            49.28086
          ],
          [
            -125.90444,
            49.27864
          ],
          [
            -125.90698,
            49.27642
          ],
          [
            -125.90537,
            49.27909
          ],
          [
            -125.91274,
            49.27963
          ],
          [
            -125.9131,
            49.27813
          ],
          [
            -125.91737,
            49.27809
          ],
          [
            -125.91642,
            49.27687
          ],
          [
            -125.91991,
            49.27719
          ],
          [
            -125.91632,
            49.27489
          ],
          [
            -125.91738,
            49.27182
          ],
          [
            -125.91559,
            49.27117
          ],
          [
            -125.91587,
            49.26896
          ],
          [
            -125.91394,
            49.26714
          ],
          [
            -125.92029,
            49.26333
          ],
          [
            -125.92601,
            49.26351
          ],
          [
            -125.92506,
            49.26127
          ],
          [
            -125.92698,
            49.25756
          ],
          [
            -125.93601,
            49.25848
          ],
          [
            -125.9445,
            49.25079
          ],
          [
            -125.94313,
            49.24646
          ],
          [
            -125.94127,
            49.24811
          ],
          [
            -125.93821,
            49.24801
          ],
          [
            -125.93641,
            49.24486
          ],
          [
            -125.94027,
            49.24294
          ],
          [
            -125.94278,
            49.24472
          ],
          [
            -125.94361,
            49.24176
          ],
          [
            -125.94644,
            49.24117
          ],
          [
            -125.94714,
            49.24249
          ],
          [
            -125.95445,
            49.24067
          ],
          [
            -125.95777,
            49.23524
          ],
          [
            -125.95908,
            49.23572
          ],
          [
            -125.96057,
            49.23351
          ],
          [
            -125.96273,
            49.23495
          ],
          [
            -125.96232,
            49.23229
          ],
          [
            -125.96599,
            49.231
          ],
          [
            -125.96617,
            49.22911
          ],
          [
            -125.97345,
            49.22687
          ],
          [
            -125.97482,
            49.22909
          ],
          [
            -125.97967,
            49.22866
          ],
          [
            -125.97989,
            49.23074
          ],
          [
            -125.98261,
            49.23095
          ],
          [
            -125.98175,
            49.23372
          ],
          [
            -125.98606,
            49.23365
          ],
          [
            -125.98627,
            49.23592
          ],
          [
            -125.991,
            49.23764
          ],
          [
            -125.99449,
            49.23621
          ],
          [
            -126.0014,
            49.24248
          ],
          [
            -126.00538,
            49.24173
          ],
          [
            -126.0054,
            49.24045
          ],
          [
            -126.01306,
            49.24329
          ],
          [
            -126.00912,
            49.24467
          ],
          [
            -126.00938,
            49.24736
          ],
          [
            -126.01145,
            49.24852
          ],
          [
            -126.0111,
            49.25077
          ],
          [
            -126.01371,
            49.2528
          ],
          [
            -126.01256,
            49.25451
          ],
          [
            -126.01922,
            49.25728
          ],
          [
            -126.01961,
            49.26054
          ],
          [
            -126.02086,
            49.26161
          ],
          [
            -126.02293,
            49.26059
          ],
          [
            -126.02408,
            49.2622
          ],
          [
            -126.023,
            49.26337
          ],
          [
            -126.0251,
            49.26626
          ],
          [
            -126.02392,
            49.26772
          ],
          [
            -126.02621,
            49.27118
          ],
          [
            -126.02596,
            49.27536
          ],
          [
            -126.03246,
            49.28456
          ],
          [
            -126.02786,
            49.28657
          ],
          [
            -126.02121,
            49.28621
          ],
          [
            -126.01609,
            49.27965
          ],
          [
            -126.01555,
            49.28214
          ],
          [
            -126.01132,
            49.28021
          ],
          [
            -126.00753,
            49.28093
          ],
          [
            -126.01037,
            49.28452
          ],
          [
            -126.00827,
            49.28408
          ],
          [
            -126.00854,
            49.2866
          ],
          [
            -126.00261,
            49.28312
          ],
          [
            -126.00604,
            49.28521
          ],
          [
            -126.00408,
            49.28564
          ],
          [
            -126.00563,
            49.28747
          ],
          [
            -126.00432,
            49.28912
          ],
          [
            -126.00677,
            49.29006
          ],
          [
            -126.00379,
            49.29219
          ],
          [
            -126.01325,
            49.2964
          ],
          [
            -126.01861,
            49.29549
          ],
          [
            -126.0154,
            49.30105
          ],
          [
            -126.01731,
            49.30405
          ],
          [
            -126.01177,
            49.30553
          ],
          [
            -126.00124,
            49.30475
          ],
          [
            -126.00143,
            49.30276
          ],
          [
            -125.99664,
            49.30255
          ],
          [
            -125.98103,
            49.29435
          ],
          [
            -125.97632,
            49.2935
          ],
          [
            -125.97108,
            49.29421
          ],
          [
            -125.96977,
            49.29572
          ],
          [
            -125.96662,
            49.29413
          ],
          [
            -125.96743,
            49.29793
          ],
          [
            -125.97141,
            49.30125
          ],
          [
            -125.96697,
            49.30263
          ],
          [
            -125.95536,
            49.30233
          ],
          [
            -125.94814,
            49.29895
          ],
          [
            -125.94604,
            49.30268
          ],
          [
            -125.94896,
            49.30851
          ],
          [
            -125.95975,
            49.31095
          ],
          [
            -125.95594,
            49.31173
          ],
          [
            -125.95681,
            49.31448
          ],
          [
            -125.94868,
            49.31669
          ],
          [
            -125.94712,
            49.32126
          ],
          [
            -125.9503,
            49.32397
          ],
          [
            -125.9493,
            49.32784
          ],
          [
            -125.953,
            49.32953
          ],
          [
            -125.95302,
            49.33396
          ],
          [
            -125.94487,
            49.3377
          ],
          [
            -125.9448,
            49.34003
          ],
          [
            -125.93788,
            49.3474
          ],
          [
            -125.93689,
            49.35095
          ],
          [
            -125.93817,
            49.35181
          ],
          [
            -125.93633,
            49.35222
          ],
          [
            -125.93405,
            49.36083
          ],
          [
            -125.93139,
            49.36358
          ],
          [
            -125.934,
            49.3735
          ],
          [
            -125.92908,
            49.37824
          ],
          [
            -125.92359,
            49.3795
          ],
          [
            -125.92588,
            49.38422
          ],
          [
            -125.93193,
            49.37918
          ],
          [
            -125.93521,
            49.38366
          ],
          [
            -125.93063,
            49.39188
          ],
          [
            -125.91594,
            49.39257
          ],
          [
            -125.90412,
            49.39823
          ],
          [
            -125.90286,
            49.40455
          ],
          [
            -125.89898,
            49.40583
          ],
          [
            -125.89889,
            49.40875
          ],
          [
            -125.89589,
            49.41091
          ],
          [
            -125.89827,
            49.41834
          ],
          [
            -125.90202,
            49.4206
          ],
          [
            -125.90676,
            49.41885
          ],
          [
            -125.90785,
            49.42043
          ],
          [
            -125.91028,
            49.41965
          ],
          [
            -125.91195,
            49.42229
          ],
          [
            -125.91312,
            49.42171
          ],
          [
            -125.91304,
            49.41812
          ],
          [
            -125.91701,
            49.4158
          ],
          [
            -125.91339,
            49.40937
          ],
          [
            -125.91904,
            49.4064
          ],
          [
            -125.91906,
            49.40267
          ],
          [
            -125.92456,
            49.40155
          ],
          [
            -125.93224,
            49.40294
          ],
          [
            -125.94526,
            49.39839
          ],
          [
            -125.94836,
            49.39257
          ],
          [
            -125.94783,
            49.38757
          ],
          [
            -125.95266,
            49.38658
          ],
          [
            -125.9545,
            49.38426
          ],
          [
            -125.95536,
            49.37967
          ],
          [
            -125.95265,
            49.37628
          ],
          [
            -125.95654,
            49.37609
          ],
          [
            -125.95956,
            49.37225
          ],
          [
            -125.9597,
            49.36939
          ],
          [
            -125.95713,
            49.36899
          ],
          [
            -125.95544,
            49.36631
          ],
          [
            -125.95656,
            49.36257
          ],
          [
            -125.95955,
            49.35887
          ],
          [
            -125.96702,
            49.35496
          ],
          [
            -125.96661,
            49.35343
          ],
          [
            -125.9715,
            49.35049
          ],
          [
            -125.97311,
            49.34635
          ],
          [
            -125.98306,
            49.34402
          ],
          [
            -125.9849,
            49.34788
          ],
          [
            -125.98583,
            49.35799
          ],
          [
            -125.98741,
            49.35773
          ],
          [
            -125.9868,
            49.35537
          ],
          [
            -125.99036,
            49.3555
          ],
          [
            -125.98953,
            49.35075
          ],
          [
            -125.99131,
            49.35058
          ],
          [
            -125.99215,
            49.34809
          ],
          [
            -125.98937,
            49.33847
          ],
          [
            -125.99113,
            49.33105
          ],
          [
            -125.99014,
            49.32932
          ],
          [
            -125.9931,
            49.32954
          ],
          [
            -125.99993,
            49.32119
          ],
          [
            -126.00567,
            49.31924
          ],
          [
            -126.0163,
            49.31944
          ],
          [
            -126.03383,
            49.32451
          ],
          [
            -126.03985,
            49.33241
          ],
          [
            -126.04151,
            49.33206
          ],
          [
            -126.04038,
            49.3312
          ],
          [
            -126.04134,
            49.32962
          ],
          [
            -126.04443,
            49.33028
          ],
          [
            -126.04286,
            49.33199
          ],
          [
            -126.04438,
            49.33465
          ],
          [
            -126.04344,
            49.33571
          ],
          [
            -126.04907,
            49.33488
          ],
          [
            -126.04982,
            49.33722
          ],
          [
            -126.05395,
            49.33743
          ],
          [
            -126.05863,
            49.34026
          ],
          [
            -126.05931,
            49.34785
          ],
          [
            -126.06201,
            49.35031
          ],
          [
            -126.06116,
            49.35723
          ],
          [
            -126.05948,
            49.35952
          ],
          [
            -126.0612,
            49.365
          ],
          [
            -126.05793,
            49.36973
          ],
          [
            -126.06191,
            49.37089
          ],
          [
            -126.06013,
            49.37442
          ],
          [
            -126.06536,
            49.37774
          ],
          [
            -126.06359,
            49.37949
          ],
          [
            -126.06616,
            49.38198
          ],
          [
            -126.06375,
            49.38308
          ],
          [
            -126.06754,
            49.38402
          ],
          [
            -126.07413,
            49.39467
          ],
          [
            -126.07939,
            49.39489
          ],
          [
            -126.08103,
            49.39326
          ],
          [
            -126.08282,
            49.39475
          ],
          [
            -126.08184,
            49.39846
          ],
          [
            -126.06742,
            49.40227
          ],
          [
            -126.068,
            49.40451
          ],
          [
            -126.05833,
            49.40752
          ],
          [
            -126.05995,
            49.41374
          ],
          [
            -126.06703,
            49.4152
          ],
          [
            -126.06338,
            49.419
          ],
          [
            -126.06834,
            49.41988
          ],
          [
            -126.06123,
            49.42187
          ],
          [
            -126.05364,
            49.42125
          ],
          [
            -126.03825,
            49.42693
          ],
          [
            -126.03781,
            49.42909
          ],
          [
            -126.0335,
            49.43247
          ],
          [
            -126.03923,
            49.43811
          ],
          [
            -126.03749,
            49.43947
          ],
          [
            -126.04159,
            49.43943
          ],
          [
            -126.04034,
            49.44348
          ],
          [
            -126.04423,
            49.44466
          ],
          [
            -126.03635,
            49.4478
          ],
          [
            -126.03164,
            49.45224
          ],
          [
            -126.03242,
            49.45424
          ],
          [
            -126.02872,
            49.45612
          ],
          [
            -126.03511,
            49.45672
          ],
          [
            -126.03997,
            49.45291
          ],
          [
            -126.04086,
            49.44933
          ],
          [
            -126.04795,
            49.44641
          ],
          [
            -126.04654,
            49.44434
          ],
          [
            -126.04883,
            49.44523
          ],
          [
            -126.05223,
            49.44289
          ],
          [
            -126.05364,
            49.43777
          ],
          [
            -126.05275,
            49.43442
          ],
          [
            -126.05722,
            49.43163
          ],
          [
            -126.07133,
            49.43048
          ],
          [
            -126.07565,
            49.43236
          ],
          [
            -126.07424,
            49.43348
          ],
          [
            -126.07709,
            49.43473
          ],
          [
            -126.07537,
            49.43607
          ],
          [
            -126.0779597,
            49.43776
          ],
          [
            -126.07696,
            49.43763
          ],
          [
            -126.07731,
            49.43788
          ],
          [
            -126.0779598,
            49.43776
          ],
          [
            -126.07868,
            49.43823
          ],
          [
            -126.08345,
            49.43598
          ],
          [
            -126.0889,
            49.43576
          ],
          [
            -126.08847,
            49.4343
          ],
          [
            -126.09395,
            49.4308
          ],
          [
            -126.12189,
            49.43
          ],
          [
            -126.12398,
            49.42907
          ],
          [
            -126.12307,
            49.42611
          ],
          [
            -126.12536,
            49.42602
          ],
          [
            -126.12255,
            49.42358
          ],
          [
            -126.13834,
            49.41724
          ],
          [
            -126.14307,
            49.41367
          ],
          [
            -126.14452,
            49.41041
          ],
          [
            -126.15037,
            49.40912
          ],
          [
            -126.16348,
            49.40979
          ],
          [
            -126.16784,
            49.4081
          ],
          [
            -126.16791,
            49.40616
          ],
          [
            -126.17306,
            49.40326
          ],
          [
            -126.16828,
            49.4014
          ],
          [
            -126.15834,
            49.40384
          ],
          [
            -126.14879,
            49.40088
          ],
          [
            -126.17314,
            49.39801
          ],
          [
            -126.18661,
            49.39997
          ],
          [
            -126.19183,
            49.39802
          ],
          [
            -126.20659,
            49.40293
          ],
          [
            -126.21434,
            49.40157
          ],
          [
            -126.22074,
            49.40449
          ],
          [
            -126.22579,
            49.40416
          ],
          [
            -126.22903,
            49.40756
          ],
          [
            -126.23013,
            49.41263
          ],
          [
            -126.23616,
            49.41465
          ],
          [
            -126.23799,
            49.41876
          ],
          [
            -126.23584,
            49.42385
          ],
          [
            -126.23107,
            49.42774
          ],
          [
            -126.22046,
            49.42586
          ],
          [
            -126.21576,
            49.428
          ],
          [
            -126.22168,
            49.42983
          ],
          [
            -126.22555,
            49.42889
          ],
          [
            -126.2333,
            49.43295
          ],
          [
            -126.22578,
            49.43539
          ],
          [
            -126.22547,
            49.4417
          ],
          [
            -126.21964,
            49.44484
          ],
          [
            -126.21468,
            49.44473
          ],
          [
            -126.21501,
            49.44708
          ],
          [
            -126.21878,
            49.44653
          ],
          [
            -126.22129,
            49.44814
          ],
          [
            -126.22321,
            49.44697
          ],
          [
            -126.22245,
            49.44566
          ],
          [
            -126.22505,
            49.44569
          ],
          [
            -126.22431,
            49.44403
          ],
          [
            -126.22592,
            49.44215
          ],
          [
            -126.22765,
            49.44254
          ],
          [
            -126.22688,
            49.44378
          ],
          [
            -126.22887,
            49.44327
          ],
          [
            -126.23187,
            49.43945
          ],
          [
            -126.23555,
            49.44001
          ],
          [
            -126.23712,
            49.44319
          ],
          [
            -126.2316,
            49.45234
          ],
          [
            -126.23422,
            49.45682
          ],
          [
            -126.23375,
            49.45857
          ],
          [
            -126.23723,
            49.46171
          ],
          [
            -126.23475,
            49.46104
          ],
          [
            -126.23421,
            49.46233
          ],
          [
            -126.23822,
            49.46294
          ],
          [
            -126.2405,
            49.4673
          ],
          [
            -126.22892,
            49.47432
          ],
          [
            -126.23121,
            49.47348
          ],
          [
            -126.23161,
            49.4757
          ],
          [
            -126.23502,
            49.47414
          ],
          [
            -126.24112,
            49.47418
          ],
          [
            -126.24731,
            49.46994
          ],
          [
            -126.24587,
            49.46752
          ],
          [
            -126.24632,
            49.45951
          ],
          [
            -126.24134,
            49.45383
          ],
          [
            -126.24122,
            49.45084
          ],
          [
            -126.2421931,
            49.4493114
          ],
          [
            -126.24225,
            49.44945
          ],
          [
            -126.2422896,
            49.4491598
          ],
          [
            -126.24623,
            49.44297
          ],
          [
            -126.24328,
            49.43862
          ],
          [
            -126.24425,
            49.43547
          ],
          [
            -126.25021,
            49.43517
          ],
          [
            -126.25071,
            49.43701
          ],
          [
            -126.25844,
            49.44119
          ],
          [
            -126.25983,
            49.44351
          ],
          [
            -126.25954,
            49.44681
          ],
          [
            -126.26529,
            49.45548
          ],
          [
            -126.27135,
            49.47627
          ],
          [
            -126.27896,
            49.48365
          ],
          [
            -126.28387,
            49.49185
          ],
          [
            -126.28288,
            49.4958
          ],
          [
            -126.28499,
            49.49875
          ],
          [
            -126.28791,
            49.49971
          ],
          [
            -126.28659,
            49.50304
          ],
          [
            -126.29031,
            49.50591
          ],
          [
            -126.29137,
            49.51084
          ],
          [
            -126.2946,
            49.51492
          ],
          [
            -126.29459,
            49.51297
          ],
          [
            -126.29728,
            49.51516
          ],
          [
            -126.29751,
            49.51416
          ],
          [
            -126.3013,
            49.5152
          ],
          [
            -126.2981,
            49.51158
          ],
          [
            -126.2964,
            49.50608
          ],
          [
            -126.29713,
            49.50235
          ],
          [
            -126.29472,
            49.49967
          ],
          [
            -126.29543,
            49.49755
          ],
          [
            -126.29282,
            49.49161
          ],
          [
            -126.2878,
            49.48721
          ],
          [
            -126.28471,
            49.47808
          ],
          [
            -126.28184,
            49.47511
          ],
          [
            -126.28265,
            49.47101
          ],
          [
            -126.28022,
            49.46766
          ],
          [
            -126.28175,
            49.46628
          ],
          [
            -126.27755,
            49.46089
          ],
          [
            -126.27727,
            49.45441
          ],
          [
            -126.28304,
            49.45036
          ],
          [
            -126.29126,
            49.45203
          ],
          [
            -126.29242,
            49.44801
          ],
          [
            -126.29669,
            49.44654
          ],
          [
            -126.2974,
            49.44316
          ],
          [
            -126.30205,
            49.43789
          ],
          [
            -126.30432,
            49.42775
          ],
          [
            -126.31191,
            49.4241
          ],
          [
            -126.31628,
            49.41965
          ],
          [
            -126.32225,
            49.41996
          ],
          [
            -126.31716,
            49.41839
          ],
          [
            -126.30308,
            49.42198
          ],
          [
            -126.29969,
            49.42818
          ],
          [
            -126.29807,
            49.4285
          ],
          [
            -126.29615,
            49.42603
          ],
          [
            -126.2917,
            49.42935
          ],
          [
            -126.2905,
            49.43208
          ],
          [
            -126.29192,
            49.43559
          ],
          [
            -126.28951,
            49.43838
          ],
          [
            -126.28252,
            49.44156
          ],
          [
            -126.27611,
            49.44192
          ],
          [
            -126.27097,
            49.44532
          ],
          [
            -126.2685,
            49.44515
          ],
          [
            -126.26092,
            49.43721
          ],
          [
            -126.25535,
            49.43051
          ],
          [
            -126.25592,
            49.4294
          ],
          [
            -126.25237,
            49.42713
          ],
          [
            -126.25089,
            49.42225
          ],
          [
            -126.25289,
            49.41955
          ],
          [
            -126.2517,
            49.41566
          ],
          [
            -126.2552,
            49.41441
          ],
          [
            -126.25263,
            49.4102
          ],
          [
            -126.25334,
            49.40796
          ],
          [
            -126.25515,
            49.40762
          ],
          [
            -126.25379,
            49.40565
          ],
          [
            -126.25904,
            49.40672
          ],
          [
            -126.25839,
            49.40519
          ],
          [
            -126.26028,
            49.40445
          ],
          [
            -126.2616,
            49.39882
          ],
          [
            -126.26016,
            49.39548
          ],
          [
            -126.26224,
            49.39398
          ],
          [
            -126.25867,
            49.38965
          ],
          [
            -126.26293,
            49.3875
          ],
          [
            -126.25857,
            49.38372
          ],
          [
            -126.26121,
            49.383
          ],
          [
            -126.26027,
            49.37919
          ],
          [
            -126.26159,
            49.37795
          ],
          [
            -126.25856,
            49.37665
          ],
          [
            -126.26078,
            49.37172
          ],
          [
            -126.25813,
            49.37224
          ],
          [
            -126.25845,
            49.36725
          ],
          [
            -126.25512,
            49.36431
          ],
          [
            -126.25667,
            49.36334
          ],
          [
            -126.25641,
            49.36092
          ],
          [
            -126.25293,
            49.3608
          ],
          [
            -126.25416,
            49.36029
          ],
          [
            -126.25349,
            49.35806
          ],
          [
            -126.25561,
            49.35884
          ],
          [
            -126.25624,
            49.35769
          ],
          [
            -126.2557159,
            49.3569464
          ],
          [
            -126.25596,
            49.35692
          ],
          [
            -126.2556237,
            49.3568155
          ],
          [
            -126.25402,
            49.35454
          ],
          [
            -126.25668,
            49.35271
          ],
          [
            -126.255,
            49.35148
          ],
          [
            -126.26007,
            49.34705
          ],
          [
            -126.26178,
            49.34852
          ],
          [
            -126.25964,
            49.34962
          ],
          [
            -126.26066,
            49.35059
          ],
          [
            -126.25911,
            49.35372
          ],
          [
            -126.26393,
            49.35848
          ],
          [
            -126.26629,
            49.35882
          ],
          [
            -126.26224,
            49.36779
          ],
          [
            -126.26708,
            49.36763
          ],
          [
            -126.26592,
            49.37072
          ],
          [
            -126.26767,
            49.37259
          ],
          [
            -126.26499,
            49.37503
          ],
          [
            -126.2667,
            49.37933
          ],
          [
            -126.27269,
            49.3781
          ],
          [
            -126.27237,
            49.37646
          ],
          [
            -126.27435,
            49.37489
          ],
          [
            -126.26968,
            49.36426
          ],
          [
            -126.26961,
            49.3605
          ],
          [
            -126.28059,
            49.35227
          ],
          [
            -126.28664,
            49.35275
          ],
          [
            -126.28598,
            49.35448
          ],
          [
            -126.28873,
            49.3568
          ],
          [
            -126.28762,
            49.35889
          ],
          [
            -126.29147,
            49.3602
          ],
          [
            -126.29044,
            49.36127
          ],
          [
            -126.29285,
            49.36304
          ],
          [
            -126.29884,
            49.36155
          ],
          [
            -126.30171,
            49.36325
          ],
          [
            -126.30051,
            49.36373
          ],
          [
            -126.30304,
            49.36364
          ],
          [
            -126.30149,
            49.36596
          ],
          [
            -126.30606,
            49.3678
          ],
          [
            -126.30563,
            49.37039
          ],
          [
            -126.31006,
            49.37039
          ],
          [
            -126.31215,
            49.37237
          ],
          [
            -126.323,
            49.37448
          ],
          [
            -126.32477,
            49.37759
          ],
          [
            -126.32659,
            49.37684
          ],
          [
            -126.33184,
            49.37918
          ],
          [
            -126.3376,
            49.38777
          ],
          [
            -126.33721,
            49.38923
          ],
          [
            -126.34334,
            49.39169
          ],
          [
            -126.34254,
            49.39305
          ],
          [
            -126.34489,
            49.39369
          ],
          [
            -126.34442,
            49.39604
          ],
          [
            -126.3512,
            49.39865
          ],
          [
            -126.34956,
            49.39985
          ],
          [
            -126.35073,
            49.40165
          ],
          [
            -126.36723,
            49.40668
          ],
          [
            -126.38092,
            49.40652
          ],
          [
            -126.38908,
            49.40812
          ],
          [
            -126.39428,
            49.41134
          ],
          [
            -126.40201,
            49.41092
          ],
          [
            -126.40793,
            49.41337
          ],
          [
            -126.40324,
            49.41767
          ],
          [
            -126.40369,
            49.42813
          ],
          [
            -126.41757,
            49.43617
          ],
          [
            -126.41674,
            49.43833
          ],
          [
            -126.41855,
            49.44218
          ],
          [
            -126.43217,
            49.44645
          ],
          [
            -126.43233,
            49.44807
          ],
          [
            -126.42384,
            49.45597
          ],
          [
            -126.41559,
            49.45655
          ],
          [
            -126.4133,
            49.46249
          ],
          [
            -126.41616,
            49.46458
          ],
          [
            -126.41344,
            49.46501
          ],
          [
            -126.41246,
            49.46818
          ],
          [
            -126.40993,
            49.46836
          ],
          [
            -126.40968,
            49.47019
          ],
          [
            -126.40677,
            49.4717
          ],
          [
            -126.40582,
            49.46978
          ],
          [
            -126.40378,
            49.47081
          ],
          [
            -126.40244,
            49.47398
          ],
          [
            -126.40413,
            49.47494
          ],
          [
            -126.40727,
            49.47485
          ],
          [
            -126.41146,
            49.47175
          ],
          [
            -126.41658,
            49.47315
          ],
          [
            -126.41808,
            49.47522
          ],
          [
            -126.42615,
            49.47665
          ],
          [
            -126.43563,
            49.47523
          ],
          [
            -126.44841,
            49.4693
          ],
          [
            -126.45238,
            49.46485
          ],
          [
            -126.4531,
            49.46228
          ],
          [
            -126.45172,
            49.46111
          ],
          [
            -126.45578,
            49.45959
          ],
          [
            -126.45462,
            49.45568
          ],
          [
            -126.464,
            49.44747
          ],
          [
            -126.46176,
            49.44462
          ],
          [
            -126.46728,
            49.44538
          ],
          [
            -126.46758,
            49.44309
          ],
          [
            -126.4771,
            49.44566
          ],
          [
            -126.47675,
            49.44316
          ],
          [
            -126.48137,
            49.44022
          ],
          [
            -126.48758,
            49.43268
          ],
          [
            -126.49026,
            49.42592
          ],
          [
            -126.48916,
            49.42099
          ],
          [
            -126.48313,
            49.41685
          ],
          [
            -126.47113,
            49.41655
          ],
          [
            -126.47127,
            49.41079
          ],
          [
            -126.46222,
            49.40652
          ],
          [
            -126.46872,
            49.39716
          ],
          [
            -126.46807,
            49.395
          ],
          [
            -126.46367,
            49.39213
          ],
          [
            -126.47139,
            49.38423
          ],
          [
            -126.47546,
            49.38306
          ],
          [
            -126.47503,
            49.37778
          ],
          [
            -126.47938,
            49.37674
          ],
          [
            -126.48358,
            49.38025
          ],
          [
            -126.49551,
            49.38171
          ],
          [
            -126.52058,
            49.37812
          ],
          [
            -126.53228,
            49.3777
          ],
          [
            -126.53971,
            49.38001
          ],
          [
            -126.54512,
            49.38259
          ],
          [
            -126.54513,
            49.38459
          ],
          [
            -126.54122,
            49.38667
          ],
          [
            -126.54254,
            49.39138
          ],
          [
            -126.55301,
            49.40001
          ],
          [
            -126.56494,
            49.40449
          ],
          [
            -126.56638,
            49.4084
          ],
          [
            -126.5712,
            49.40925
          ],
          [
            -126.57191,
            49.41405
          ],
          [
            -126.57715,
            49.41465
          ],
          [
            -126.57418,
            49.42146
          ],
          [
            -126.56377,
            49.42558
          ],
          [
            -126.56277,
            49.42953
          ],
          [
            -126.56496,
            49.43455
          ],
          [
            -126.55935,
            49.43736
          ],
          [
            -126.55776,
            49.44335
          ],
          [
            -126.54658,
            49.44526
          ],
          [
            -126.54937,
            49.4452
          ],
          [
            -126.5479,
            49.44893
          ],
          [
            -126.55098,
            49.4514
          ],
          [
            -126.55581,
            49.45174
          ],
          [
            -126.56665,
            49.45636
          ],
          [
            -126.57099,
            49.45919
          ],
          [
            -126.57135,
            49.4619
          ],
          [
            -126.57429,
            49.46429
          ],
          [
            -126.56605,
            49.46812
          ],
          [
            -126.56937,
            49.4708
          ],
          [
            -126.57117,
            49.475
          ],
          [
            -126.56624,
            49.47712
          ],
          [
            -126.56787,
            49.48012
          ],
          [
            -126.56119,
            49.48333
          ],
          [
            -126.56163,
            49.48987
          ],
          [
            -126.55782,
            49.49502
          ],
          [
            -126.55802,
            49.50941
          ],
          [
            -126.55013,
            49.51139
          ],
          [
            -126.55232,
            49.52121
          ],
          [
            -126.555,
            49.52173
          ],
          [
            -126.55682,
            49.52534
          ],
          [
            -126.56265,
            49.52606
          ],
          [
            -126.56215,
            49.52829
          ],
          [
            -126.56883,
            49.53169
          ],
          [
            -126.57065,
            49.53449
          ],
          [
            -126.56527,
            49.53443
          ],
          [
            -126.56036,
            49.53653
          ],
          [
            -126.55873,
            49.54166
          ],
          [
            -126.56351,
            49.54618
          ],
          [
            -126.56188,
            49.5489
          ],
          [
            -126.56444,
            49.54951
          ],
          [
            -126.56257,
            49.55085
          ],
          [
            -126.56506,
            49.5526
          ],
          [
            -126.56367,
            49.55301
          ],
          [
            -126.56539,
            49.55519
          ],
          [
            -126.56394,
            49.55726
          ],
          [
            -126.56602,
            49.55903
          ],
          [
            -126.56367,
            49.55984
          ],
          [
            -126.56573,
            49.56167
          ],
          [
            -126.56284,
            49.56333
          ],
          [
            -126.56563,
            49.56484
          ],
          [
            -126.56078,
            49.56542
          ],
          [
            -126.56132,
            49.56716
          ],
          [
            -126.56382,
            49.56854
          ],
          [
            -126.56349,
            49.57076
          ],
          [
            -126.56802,
            49.57209
          ],
          [
            -126.56466,
            49.57345
          ],
          [
            -126.56481,
            49.57633
          ],
          [
            -126.57029,
            49.5773
          ],
          [
            -126.56827,
            49.57819
          ],
          [
            -126.56886,
            49.57927
          ],
          [
            -126.564,
            49.5806
          ],
          [
            -126.56153,
            49.57836
          ],
          [
            -126.55636,
            49.57773
          ],
          [
            -126.55437,
            49.58025
          ],
          [
            -126.55841,
            49.58227
          ],
          [
            -126.55615,
            49.58656
          ],
          [
            -126.54839,
            49.587
          ],
          [
            -126.54781,
            49.58939
          ],
          [
            -126.52631,
            49.59063
          ],
          [
            -126.52222,
            49.59517
          ],
          [
            -126.51581,
            49.59559
          ],
          [
            -126.51086,
            49.59876
          ],
          [
            -126.50611,
            49.60579
          ],
          [
            -126.50072,
            49.60508
          ],
          [
            -126.49354,
            49.61335
          ],
          [
            -126.4914,
            49.61857
          ],
          [
            -126.49213,
            49.62054
          ],
          [
            -126.4828,
            49.62373
          ],
          [
            -126.48495,
            49.62731
          ],
          [
            -126.47958,
            49.62956
          ],
          [
            -126.47964,
            49.63376
          ],
          [
            -126.47579,
            49.63585
          ],
          [
            -126.48006,
            49.63557
          ],
          [
            -126.48123,
            49.63845
          ],
          [
            -126.4782,
            49.63987
          ],
          [
            -126.4793,
            49.64255
          ],
          [
            -126.47749,
            49.64273
          ],
          [
            -126.47808,
            49.6442
          ],
          [
            -126.46894,
            49.64639
          ],
          [
            -126.46262,
            49.64437
          ],
          [
            -126.45959,
            49.63707
          ],
          [
            -126.4704,
            49.63549
          ],
          [
            -126.46684,
            49.63441
          ],
          [
            -126.45944,
            49.63606
          ],
          [
            -126.45745,
            49.63182
          ],
          [
            -126.45281,
            49.62936
          ],
          [
            -126.44393,
            49.63056
          ],
          [
            -126.44416,
            49.63397
          ],
          [
            -126.44092,
            49.63316
          ],
          [
            -126.44508,
            49.63643
          ],
          [
            -126.44173,
            49.63569
          ],
          [
            -126.44162,
            49.63697
          ],
          [
            -126.43812,
            49.63716
          ],
          [
            -126.43121,
            49.6345
          ],
          [
            -126.42829,
            49.63834
          ],
          [
            -126.42168,
            49.63793
          ],
          [
            -126.42025,
            49.6395
          ],
          [
            -126.39937,
            49.63878
          ],
          [
            -126.38389,
            49.63434
          ],
          [
            -126.3783,
            49.63012
          ],
          [
            -126.37147,
            49.6285
          ],
          [
            -126.3713,
            49.62989
          ],
          [
            -126.36319,
            49.63241
          ],
          [
            -126.34709,
            49.63039
          ],
          [
            -126.34901,
            49.63303
          ],
          [
            -126.35444,
            49.63468
          ],
          [
            -126.35406,
            49.63589
          ],
          [
            -126.34937,
            49.63517
          ],
          [
            -126.34985,
            49.63641
          ],
          [
            -126.30149,
            49.63785
          ],
          [
            -126.30072,
            49.63676
          ],
          [
            -126.30271,
            49.63511
          ],
          [
            -126.29169,
            49.6384
          ],
          [
            -126.28155,
            49.63832
          ],
          [
            -126.27554,
            49.64283
          ],
          [
            -126.26167,
            49.64174
          ],
          [
            -126.24393,
            49.64503
          ],
          [
            -126.23453,
            49.64416
          ],
          [
            -126.22764,
            49.64615
          ],
          [
            -126.22293,
            49.65198
          ],
          [
            -126.21231,
            49.65426
          ],
          [
            -126.20194,
            49.65407
          ],
          [
            -126.18931,
            49.65709
          ],
          [
            -126.17751,
            49.65599
          ],
          [
            -126.16833,
            49.6499
          ],
          [
            -126.16068,
            49.65023
          ],
          [
            -126.15766,
            49.65201
          ],
          [
            -126.1553,
            49.65011
          ],
          [
            -126.15546,
            49.64681
          ],
          [
            -126.15401,
            49.64956
          ],
          [
            -126.15575,
            49.65179
          ],
          [
            -126.15248,
            49.64989
          ],
          [
            -126.15173,
            49.65073
          ],
          [
            -126.15509,
            49.65311
          ],
          [
            -126.14339,
            49.65841
          ],
          [
            -126.13589,
            49.6564
          ],
          [
            -126.12191,
            49.65911
          ],
          [
            -126.11415,
            49.65709
          ],
          [
            -126.10486,
            49.65845
          ],
          [
            -126.09741,
            49.65588
          ],
          [
            -126.09686,
            49.64918
          ],
          [
            -126.09843,
            49.64659
          ],
          [
            -126.09049,
            49.63543
          ],
          [
            -126.07001,
            49.62815
          ],
          [
            -126.06174,
            49.62048
          ],
          [
            -126.0569,
            49.61315
          ],
          [
            -126.05289,
            49.61124
          ],
          [
            -126.04962,
            49.61158
          ],
          [
            -126.04609,
            49.60766
          ],
          [
            -126.04579,
            49.61244
          ],
          [
            -126.05007,
            49.6184
          ],
          [
            -126.04863,
            49.62122
          ],
          [
            -126.04985,
            49.62289
          ],
          [
            -126.05766,
            49.62999
          ],
          [
            -126.06481,
            49.63356
          ],
          [
            -126.07517,
            49.63475
          ],
          [
            -126.08454,
            49.64202
          ],
          [
            -126.08693,
            49.6457
          ],
          [
            -126.08496,
            49.64779
          ],
          [
            -126.08556,
            49.65075
          ],
          [
            -126.08779,
            49.6521
          ],
          [
            -126.08489,
            49.65807
          ],
          [
            -126.09394,
            49.66354
          ],
          [
            -126.09732,
            49.67115
          ],
          [
            -126.1037,
            49.6775
          ],
          [
            -126.11189,
            49.67949
          ],
          [
            -126.11287,
            49.68123
          ],
          [
            -126.11617,
            49.67929
          ],
          [
            -126.11769,
            49.68223
          ],
          [
            -126.11614,
            49.68449
          ],
          [
            -126.11843,
            49.68258
          ],
          [
            -126.11742,
            49.67873
          ],
          [
            -126.12187,
            49.68065
          ],
          [
            -126.12926,
            49.67928
          ],
          [
            -126.12689,
            49.67652
          ],
          [
            -126.12789,
            49.67482
          ],
          [
            -126.1412,
            49.6773
          ],
          [
            -126.16284,
            49.67708
          ],
          [
            -126.17359,
            49.67387
          ],
          [
            -126.18045,
            49.67444
          ],
          [
            -126.18352,
            49.67072
          ],
          [
            -126.18932,
            49.67105
          ],
          [
            -126.18849,
            49.67232
          ],
          [
            -126.20735,
            49.66981
          ],
          [
            -126.2138,
            49.66724
          ],
          [
            -126.22753,
            49.6657
          ],
          [
            -126.23262,
            49.66344
          ],
          [
            -126.23679,
            49.65882
          ],
          [
            -126.26677,
            49.65073
          ],
          [
            -126.28014,
            49.65128
          ],
          [
            -126.28781,
            49.64915
          ],
          [
            -126.29271,
            49.64996
          ],
          [
            -126.3141,
            49.64752
          ],
          [
            -126.33259,
            49.6484
          ],
          [
            -126.34834,
            49.64464
          ],
          [
            -126.35844,
            49.65049
          ],
          [
            -126.37239,
            49.65208
          ],
          [
            -126.37668,
            49.65418
          ],
          [
            -126.37968,
            49.65823
          ],
          [
            -126.37291,
            49.65987
          ],
          [
            -126.37019,
            49.66207
          ],
          [
            -126.37381,
            49.66506
          ],
          [
            -126.38558,
            49.66426
          ],
          [
            -126.39176,
            49.66164
          ],
          [
            -126.39877,
            49.66334
          ],
          [
            -126.41592,
            49.66259
          ],
          [
            -126.42828,
            49.66001
          ],
          [
            -126.44132,
            49.65295
          ],
          [
            -126.44585,
            49.65484
          ],
          [
            -126.45136,
            49.66128
          ],
          [
            -126.4604,
            49.66311
          ],
          [
            -126.46954,
            49.6696
          ],
          [
            -126.46687,
            49.67334
          ],
          [
            -126.46929,
            49.6749
          ],
          [
            -126.46924,
            49.67673
          ],
          [
            -126.47364,
            49.67562
          ],
          [
            -126.47316,
            49.67787
          ],
          [
            -126.47831,
            49.68097
          ],
          [
            -126.48759,
            49.68191
          ],
          [
            -126.49354,
            49.6852
          ],
          [
            -126.50006,
            49.68641
          ],
          [
            -126.49889,
            49.69
          ],
          [
            -126.49562,
            49.69218
          ],
          [
            -126.4912,
            49.69143
          ],
          [
            -126.49081,
            49.68921
          ],
          [
            -126.48489,
            49.69044
          ],
          [
            -126.49272,
            49.69242
          ],
          [
            -126.48816,
            49.69397
          ],
          [
            -126.49071,
            49.69464
          ],
          [
            -126.49177,
            49.69853
          ],
          [
            -126.48922,
            49.69917
          ],
          [
            -126.48988,
            49.70252
          ],
          [
            -126.48769,
            49.70543
          ],
          [
            -126.47867,
            49.71254
          ],
          [
            -126.46904,
            49.70401
          ],
          [
            -126.46393,
            49.70386
          ],
          [
            -126.46651,
            49.70688
          ],
          [
            -126.47005,
            49.70814
          ],
          [
            -126.46751,
            49.71033
          ],
          [
            -126.46823,
            49.71379
          ],
          [
            -126.46454,
            49.71637
          ],
          [
            -126.46668,
            49.71908
          ],
          [
            -126.46334,
            49.72141
          ],
          [
            -126.45707,
            49.72209
          ],
          [
            -126.4543,
            49.72846
          ],
          [
            -126.45253,
            49.72874
          ],
          [
            -126.45257,
            49.73177
          ],
          [
            -126.45575,
            49.73616
          ],
          [
            -126.4526,
            49.73815
          ],
          [
            -126.44912,
            49.73765
          ],
          [
            -126.44721,
            49.74077
          ],
          [
            -126.44369,
            49.74153
          ],
          [
            -126.44365,
            49.74704
          ],
          [
            -126.44058,
            49.74857
          ],
          [
            -126.43914,
            49.75291
          ],
          [
            -126.43568,
            49.75616
          ],
          [
            -126.43629,
            49.75806
          ],
          [
            -126.42062,
            49.75495
          ],
          [
            -126.42132,
            49.75604
          ],
          [
            -126.41871,
            49.75602
          ],
          [
            -126.41978,
            49.75778
          ],
          [
            -126.41766,
            49.75963
          ],
          [
            -126.41351,
            49.76077
          ],
          [
            -126.40572,
            49.75654
          ],
          [
            -126.39594,
            49.75437
          ],
          [
            -126.38406,
            49.75506
          ],
          [
            -126.39194,
            49.75548
          ],
          [
            -126.39412,
            49.7582
          ],
          [
            -126.39093,
            49.75789
          ],
          [
            -126.39165,
            49.75899
          ],
          [
            -126.403,
            49.7655
          ],
          [
            -126.40139,
            49.768
          ],
          [
            -126.40456,
            49.77235
          ],
          [
            -126.41054,
            49.77201
          ],
          [
            -126.42715,
            49.76621
          ],
          [
            -126.45602,
            49.76241
          ],
          [
            -126.46381,
            49.76906
          ],
          [
            -126.46046,
            49.77126
          ],
          [
            -126.45857,
            49.77577
          ],
          [
            -126.4536,
            49.78123
          ],
          [
            -126.4398,
            49.78844
          ],
          [
            -126.44172,
            49.78948
          ],
          [
            -126.43849,
            49.79569
          ],
          [
            -126.44277,
            49.79216
          ],
          [
            -126.44738,
            49.79254
          ],
          [
            -126.45122,
            49.78982
          ],
          [
            -126.46014,
            49.78981
          ],
          [
            -126.46352,
            49.78806
          ],
          [
            -126.4685,
            49.79011
          ],
          [
            -126.46895,
            49.79359
          ],
          [
            -126.47182,
            49.79223
          ],
          [
            -126.47423,
            49.79436
          ],
          [
            -126.47334,
            49.79602
          ],
          [
            -126.47494,
            49.79511
          ],
          [
            -126.4743,
            49.79248
          ],
          [
            -126.47704,
            49.793
          ],
          [
            -126.48973,
            49.80116
          ],
          [
            -126.49613,
            49.80213
          ],
          [
            -126.49751,
            49.79861
          ],
          [
            -126.48996,
            49.79292
          ],
          [
            -126.49089,
            49.79094
          ],
          [
            -126.49414,
            49.79016
          ],
          [
            -126.48685,
            49.78672
          ],
          [
            -126.48729,
            49.78381
          ],
          [
            -126.4819,
            49.7825
          ],
          [
            -126.47701,
            49.77446
          ],
          [
            -126.47707,
            49.77215
          ],
          [
            -126.48003,
            49.77085
          ],
          [
            -126.47664,
            49.768
          ],
          [
            -126.47483,
            49.7635
          ],
          [
            -126.4612,
            49.75632
          ],
          [
            -126.46163,
            49.75491
          ],
          [
            -126.4563,
            49.74936
          ],
          [
            -126.45694,
            49.74669
          ],
          [
            -126.46174,
            49.74432
          ],
          [
            -126.4615,
            49.74189
          ],
          [
            -126.47037,
            49.7334
          ],
          [
            -126.46882,
            49.73073
          ],
          [
            -126.47548,
            49.72756
          ],
          [
            -126.47982,
            49.72891
          ],
          [
            -126.48885,
            49.72704
          ],
          [
            -126.4888,
            49.72977
          ],
          [
            -126.48379,
            49.7313
          ],
          [
            -126.48539,
            49.73308
          ],
          [
            -126.48367,
            49.73316
          ],
          [
            -126.48298,
            49.7368
          ],
          [
            -126.49257,
            49.73444
          ],
          [
            -126.4903,
            49.73231
          ],
          [
            -126.49402,
            49.73165
          ],
          [
            -126.4973688,
            49.7344993
          ],
          [
            -126.49738,
            49.7346
          ],
          [
            -126.4974763,
            49.7345907
          ],
          [
            -126.49945,
            49.73627
          ],
          [
            -126.50756,
            49.73762
          ],
          [
            -126.51606,
            49.74651
          ],
          [
            -126.51463,
            49.74952
          ],
          [
            -126.51135,
            49.75149
          ],
          [
            -126.50993,
            49.75542
          ],
          [
            -126.5138,
            49.75355
          ],
          [
            -126.51904,
            49.75391
          ],
          [
            -126.52099,
            49.7519
          ],
          [
            -126.51987,
            49.74837
          ],
          [
            -126.52266,
            49.74555
          ],
          [
            -126.51924,
            49.74264
          ],
          [
            -126.52137,
            49.74209
          ],
          [
            -126.52181,
            49.7401
          ],
          [
            -126.51522,
            49.73702
          ],
          [
            -126.50533,
            49.72729
          ],
          [
            -126.49123,
            49.72059
          ],
          [
            -126.4955,
            49.71631
          ],
          [
            -126.49647,
            49.71173
          ],
          [
            -126.50381,
            49.7101
          ],
          [
            -126.51078,
            49.71301
          ],
          [
            -126.50951,
            49.71475
          ],
          [
            -126.51424,
            49.71553
          ],
          [
            -126.50928,
            49.71171
          ],
          [
            -126.50871,
            49.70916
          ],
          [
            -126.51285,
            49.70621
          ],
          [
            -126.51875,
            49.70639
          ],
          [
            -126.52195,
            49.70726
          ],
          [
            -126.5198,
            49.70935
          ],
          [
            -126.5319,
            49.70756
          ],
          [
            -126.54117,
            49.71385
          ],
          [
            -126.54827,
            49.71529
          ],
          [
            -126.5551,
            49.71284
          ],
          [
            -126.53925,
            49.71093
          ],
          [
            -126.53017,
            49.70512
          ],
          [
            -126.53431,
            49.70188
          ],
          [
            -126.53988,
            49.70163
          ],
          [
            -126.54646,
            49.69757
          ],
          [
            -126.55186,
            49.697
          ],
          [
            -126.55029,
            49.69597
          ],
          [
            -126.55092,
            49.69375
          ],
          [
            -126.56299,
            49.69444
          ],
          [
            -126.5657,
            49.69695
          ],
          [
            -126.58727,
            49.69466
          ],
          [
            -126.59387,
            49.69887
          ],
          [
            -126.59547,
            49.70344
          ],
          [
            -126.61328,
            49.72082
          ],
          [
            -126.61374,
            49.72457
          ],
          [
            -126.61898,
            49.73077
          ],
          [
            -126.61967,
            49.7343
          ],
          [
            -126.62388,
            49.73707
          ],
          [
            -126.62267,
            49.73906
          ],
          [
            -126.62654,
            49.74842
          ],
          [
            -126.62611,
            49.75406
          ],
          [
            -126.62808,
            49.75748
          ],
          [
            -126.62834,
            49.76445
          ],
          [
            -126.63361,
            49.76941
          ],
          [
            -126.633,
            49.77252
          ],
          [
            -126.64217,
            49.77651
          ],
          [
            -126.64162,
            49.77808
          ],
          [
            -126.63818,
            49.77832
          ],
          [
            -126.64102,
            49.77849
          ],
          [
            -126.63932,
            49.78278
          ],
          [
            -126.64157,
            49.78428
          ],
          [
            -126.64076,
            49.78612
          ],
          [
            -126.6431,
            49.79709
          ],
          [
            -126.65066,
            49.80866
          ],
          [
            -126.65291,
            49.81635
          ],
          [
            -126.65141,
            49.82699
          ],
          [
            -126.65307,
            49.82899
          ],
          [
            -126.65175,
            49.83042
          ],
          [
            -126.65315,
            49.83508
          ],
          [
            -126.65182,
            49.83628
          ],
          [
            -126.65206,
            49.84967
          ],
          [
            -126.65465,
            49.85426
          ],
          [
            -126.65086,
            49.85763
          ],
          [
            -126.65215,
            49.86063
          ],
          [
            -126.65134,
            49.86585
          ],
          [
            -126.65364,
            49.8708
          ],
          [
            -126.65189,
            49.87161
          ],
          [
            -126.65301,
            49.87506
          ],
          [
            -126.64933,
            49.88341
          ],
          [
            -126.65064,
            49.88687
          ],
          [
            -126.6488,
            49.89647
          ],
          [
            -126.64973,
            49.89857
          ],
          [
            -126.64586,
            49.90238
          ],
          [
            -126.64269,
            49.9108
          ],
          [
            -126.64377,
            49.91214
          ],
          [
            -126.64823,
            49.91222
          ],
          [
            -126.65006,
            49.91016
          ],
          [
            -126.65247,
            49.91167
          ],
          [
            -126.65024,
            49.91086
          ],
          [
            -126.6485538,
            49.9135503
          ],
          [
            -126.65204,
            49.91347
          ],
          [
            -126.65172,
            49.92132
          ],
          [
            -126.65882,
            49.92372
          ],
          [
            -126.65809,
            49.92067
          ],
          [
            -126.66235,
            49.92132
          ],
          [
            -126.66316,
            49.91982
          ],
          [
            -126.66379,
            49.91625
          ],
          [
            -126.66145,
            49.91353
          ],
          [
            -126.66468,
            49.90876
          ],
          [
            -126.6632,
            49.90522
          ],
          [
            -126.66613,
            49.90139
          ],
          [
            -126.66828,
            49.90088
          ],
          [
            -126.6692,
            49.89806
          ],
          [
            -126.66719,
            49.88652
          ],
          [
            -126.66939,
            49.88564
          ],
          [
            -126.6692,
            49.88015
          ],
          [
            -126.6742,
            49.87373
          ],
          [
            -126.67094,
            49.87035
          ],
          [
            -126.67025,
            49.86617
          ],
          [
            -126.67043,
            49.86131
          ],
          [
            -126.6727,
            49.85948
          ],
          [
            -126.67574,
            49.86043
          ],
          [
            -126.67359,
            49.86402
          ],
          [
            -126.67852,
            49.86483
          ],
          [
            -126.68758,
            49.86233
          ],
          [
            -126.70542,
            49.86366
          ],
          [
            -126.70936,
            49.8663
          ],
          [
            -126.71198,
            49.87325
          ],
          [
            -126.72302,
            49.8724
          ],
          [
            -126.72702,
            49.86951
          ],
          [
            -126.73304,
            49.86816
          ],
          [
            -126.73889,
            49.87088
          ],
          [
            -126.74342,
            49.87102
          ],
          [
            -126.74489,
            49.87285
          ],
          [
            -126.75156,
            49.87334
          ],
          [
            -126.78075,
            49.89943
          ],
          [
            -126.78196,
            49.90797
          ],
          [
            -126.78659,
            49.91343
          ],
          [
            -126.78383,
            49.91394
          ],
          [
            -126.78802,
            49.91779
          ],
          [
            -126.79243,
            49.93105
          ],
          [
            -126.79984,
            49.93834
          ],
          [
            -126.80202,
            49.94899
          ],
          [
            -126.80743,
            49.95346
          ],
          [
            -126.8146,
            49.95374
          ],
          [
            -126.81677,
            49.95577
          ],
          [
            -126.81906,
            49.9541
          ],
          [
            -126.84591,
            49.95938
          ],
          [
            -126.84729,
            49.96225
          ],
          [
            -126.8437,
            49.9709
          ],
          [
            -126.84314,
            49.97933
          ],
          [
            -126.84486,
            49.97821
          ],
          [
            -126.84598,
            49.98041
          ],
          [
            -126.84871,
            49.97944
          ],
          [
            -126.84828,
            49.98146
          ],
          [
            -126.85826,
            49.98318
          ],
          [
            -126.85664,
            49.98625
          ],
          [
            -126.85995,
            49.98247
          ],
          [
            -126.85984,
            49.9803
          ],
          [
            -126.85707,
            49.97788
          ],
          [
            -126.85794,
            49.97389
          ],
          [
            -126.85659,
            49.96824
          ],
          [
            -126.86021,
            49.96553
          ],
          [
            -126.86082,
            49.9612
          ],
          [
            -126.85904,
            49.95959
          ],
          [
            -126.86116,
            49.95675
          ],
          [
            -126.85208,
            49.95118
          ],
          [
            -126.81854,
            49.94475
          ],
          [
            -126.81817,
            49.94165
          ],
          [
            -126.81537,
            49.93881
          ],
          [
            -126.81303,
            49.92722
          ],
          [
            -126.80903,
            49.92013
          ],
          [
            -126.80313,
            49.91449
          ],
          [
            -126.80347,
            49.91041
          ],
          [
            -126.80079,
            49.90701
          ],
          [
            -126.80445,
            49.90636
          ],
          [
            -126.80388,
            49.90219
          ],
          [
            -126.80975,
            49.89737
          ],
          [
            -126.81803,
            49.8934
          ],
          [
            -126.81904,
            49.89229
          ],
          [
            -126.81573,
            49.88775
          ],
          [
            -126.8255,
            49.8808
          ],
          [
            -126.83141,
            49.88264
          ],
          [
            -126.837,
            49.88139
          ],
          [
            -126.83508,
            49.87981
          ],
          [
            -126.85422,
            49.87538
          ],
          [
            -126.85805,
            49.87194
          ],
          [
            -126.86744,
            49.87158
          ],
          [
            -126.87518,
            49.87383
          ],
          [
            -126.87934,
            49.86888
          ],
          [
            -126.89003,
            49.87065
          ],
          [
            -126.89572,
            49.87014
          ],
          [
            -126.89762,
            49.86727
          ],
          [
            -126.9101,
            49.86874
          ],
          [
            -126.90934,
            49.8702
          ],
          [
            -126.91265,
            49.87388
          ],
          [
            -126.91558,
            49.87442
          ],
          [
            -126.91449,
            49.87534
          ],
          [
            -126.91508,
            49.88554
          ],
          [
            -126.91778,
            49.88958
          ],
          [
            -126.91548,
            49.89218
          ],
          [
            -126.91895,
            49.89974
          ],
          [
            -126.92339,
            49.90348
          ],
          [
            -126.92108,
            49.91158
          ],
          [
            -126.91781,
            49.91437
          ],
          [
            -126.91925,
            49.91778
          ],
          [
            -126.91841,
            49.92428
          ],
          [
            -126.91262,
            49.92478
          ],
          [
            -126.91196,
            49.9283
          ],
          [
            -126.9056,
            49.92958
          ],
          [
            -126.90689,
            49.93157
          ],
          [
            -126.90556,
            49.93413
          ],
          [
            -126.9081,
            49.93818
          ],
          [
            -126.90584,
            49.94598
          ],
          [
            -126.90683,
            49.94683
          ],
          [
            -126.90444,
            49.94699
          ],
          [
            -126.90635,
            49.9498
          ],
          [
            -126.90702,
            49.95859
          ],
          [
            -126.8968,
            49.959
          ],
          [
            -126.88807,
            49.95642
          ],
          [
            -126.86608,
            49.95716
          ],
          [
            -126.86947,
            49.96143
          ],
          [
            -126.88474,
            49.95861
          ],
          [
            -126.8863,
            49.96158
          ],
          [
            -126.8888,
            49.96233
          ],
          [
            -126.89515,
            49.96071
          ],
          [
            -126.90268,
            49.96209
          ],
          [
            -126.90752,
            49.95952
          ],
          [
            -126.91071,
            49.96007
          ],
          [
            -126.91324,
            49.95821
          ],
          [
            -126.91226,
            49.95372
          ],
          [
            -126.9143,
            49.94978
          ],
          [
            -126.91189,
            49.94238
          ],
          [
            -126.91278,
            49.9373
          ],
          [
            -126.91099,
            49.9351
          ],
          [
            -126.91122,
            49.93205
          ],
          [
            -126.91492,
            49.93133
          ],
          [
            -126.91815,
            49.93331
          ],
          [
            -126.91907,
            49.93794
          ],
          [
            -126.91488,
            49.93829
          ],
          [
            -126.91627,
            49.94028
          ],
          [
            -126.92214,
            49.94171
          ],
          [
            -126.92526,
            49.94418
          ],
          [
            -126.92986,
            49.95666
          ],
          [
            -126.92822,
            49.95943
          ],
          [
            -126.93106,
            49.96598
          ],
          [
            -126.93073,
            49.96957
          ],
          [
            -126.92954,
            49.97182
          ],
          [
            -126.92496,
            49.9717
          ],
          [
            -126.92353,
            49.97351
          ],
          [
            -126.92818,
            49.9771
          ],
          [
            -126.93146,
            49.98429
          ],
          [
            -126.9442,
            49.98896
          ],
          [
            -126.94656,
            49.98483
          ],
          [
            -126.94344,
            49.97687
          ],
          [
            -126.94514,
            49.97523
          ],
          [
            -126.94346,
            49.97289
          ],
          [
            -126.9405,
            49.97395
          ],
          [
            -126.93945,
            49.97193
          ],
          [
            -126.94417,
            49.97144
          ],
          [
            -126.94577,
            49.96827
          ],
          [
            -126.94206,
            49.96407
          ],
          [
            -126.94355,
            49.96253
          ],
          [
            -126.94233,
            49.95414
          ],
          [
            -126.93728,
            49.94928
          ],
          [
            -126.93814,
            49.94483
          ],
          [
            -126.94049,
            49.94471
          ],
          [
            -126.93699,
            49.94173
          ],
          [
            -126.93583,
            49.93396
          ],
          [
            -126.9397,
            49.93278
          ],
          [
            -126.9388,
            49.93193
          ],
          [
            -126.94237,
            49.92911
          ],
          [
            -126.94094,
            49.9256
          ],
          [
            -126.94249,
            49.92261
          ],
          [
            -126.9387,
            49.92006
          ],
          [
            -126.93667,
            49.91564
          ],
          [
            -126.93751,
            49.91364
          ],
          [
            -126.94014,
            49.91312
          ],
          [
            -126.93929,
            49.90526
          ],
          [
            -126.94182,
            49.90082
          ],
          [
            -126.937,
            49.89823
          ],
          [
            -126.93791,
            49.8941
          ],
          [
            -126.93625,
            49.89152
          ],
          [
            -126.93722,
            49.88279
          ],
          [
            -126.94101,
            49.88059
          ],
          [
            -126.93908,
            49.87619
          ],
          [
            -126.94732,
            49.87331
          ],
          [
            -126.93517,
            49.87382
          ],
          [
            -126.93108,
            49.87156
          ],
          [
            -126.93502,
            49.87052
          ],
          [
            -126.93503,
            49.86856
          ],
          [
            -126.94088,
            49.86158
          ],
          [
            -126.94385,
            49.86158
          ],
          [
            -126.9431,
            49.86011
          ],
          [
            -126.95059,
            49.86062
          ],
          [
            -126.95115,
            49.85838
          ],
          [
            -126.95352,
            49.85858
          ],
          [
            -126.95669,
            49.85602
          ],
          [
            -126.96118,
            49.85678
          ],
          [
            -126.96355,
            49.85555
          ],
          [
            -126.96356,
            49.85742
          ],
          [
            -126.9667,
            49.85726
          ],
          [
            -126.97095,
            49.86165
          ],
          [
            -126.97829,
            49.86015
          ],
          [
            -126.98014,
            49.86496
          ],
          [
            -126.97612,
            49.86946
          ],
          [
            -126.96844,
            49.87131
          ],
          [
            -126.9644,
            49.87054
          ],
          [
            -126.96305,
            49.87226
          ],
          [
            -126.96892,
            49.87316
          ],
          [
            -126.9737,
            49.87112
          ],
          [
            -126.97734,
            49.87302
          ],
          [
            -126.97885,
            49.87218
          ],
          [
            -126.97943,
            49.87375
          ],
          [
            -126.98155,
            49.87276
          ],
          [
            -126.97992,
            49.87523
          ],
          [
            -126.98176,
            49.88483
          ],
          [
            -126.9854,
            49.88294
          ],
          [
            -126.98874,
            49.8864
          ],
          [
            -126.98567,
            49.8821
          ],
          [
            -126.98549,
            49.88083
          ],
          [
            -126.98738,
            49.88108
          ],
          [
            -126.9859,
            49.87686
          ],
          [
            -126.99036,
            49.87416
          ],
          [
            -126.99194,
            49.87632
          ],
          [
            -126.99592,
            49.87607
          ],
          [
            -126.99919,
            49.87805
          ],
          [
            -127.00336,
            49.88243
          ],
          [
            -127.00558,
            49.88132
          ],
          [
            -127.00584,
            49.88281
          ],
          [
            -127.00869,
            49.8837
          ],
          [
            -127.00911,
            49.88589
          ],
          [
            -127.01381,
            49.88906
          ],
          [
            -127.0153,
            49.89245
          ],
          [
            -127.0144,
            49.89601
          ],
          [
            -127.01775,
            49.90059
          ],
          [
            -127.01786,
            49.9044
          ],
          [
            -127.02003,
            49.90414
          ],
          [
            -127.01592,
            49.90921
          ],
          [
            -127.02222,
            49.91261
          ],
          [
            -127.02469,
            49.92055
          ],
          [
            -127.02935,
            49.92209
          ],
          [
            -127.0309,
            49.92476
          ],
          [
            -127.03499,
            49.92454
          ],
          [
            -127.04473,
            49.94383
          ],
          [
            -127.05266,
            49.94206
          ],
          [
            -127.05066,
            49.93777
          ],
          [
            -127.04781,
            49.93609
          ],
          [
            -127.04786,
            49.9321
          ],
          [
            -127.04078,
            49.92785
          ],
          [
            -127.04317,
            49.92801
          ],
          [
            -127.04158,
            49.92192
          ],
          [
            -127.03745,
            49.91722
          ],
          [
            -127.03789,
            49.91566
          ],
          [
            -127.03478,
            49.91368
          ],
          [
            -127.03525,
            49.91048
          ],
          [
            -127.03255,
            49.90729
          ],
          [
            -127.03274,
            49.90494
          ],
          [
            -127.02837,
            49.90105
          ],
          [
            -127.0288,
            49.89914
          ],
          [
            -127.02329,
            49.89498
          ],
          [
            -127.02497,
            49.89198
          ],
          [
            -127.02335,
            49.89001
          ],
          [
            -127.02362,
            49.88606
          ],
          [
            -127.02016,
            49.88095
          ],
          [
            -127.00809,
            49.87021
          ],
          [
            -127.00574,
            49.86893
          ],
          [
            -127.00652,
            49.87138
          ],
          [
            -127.00373,
            49.87121
          ],
          [
            -126.99198,
            49.86492
          ],
          [
            -126.99235,
            49.86041
          ],
          [
            -126.99471,
            49.85984
          ],
          [
            -127.00324,
            49.86598
          ],
          [
            -126.9999981,
            49.861562
          ],
          [
            -127.00022,
            49.86177
          ],
          [
            -127.00022,
            49.86154
          ],
          [
            -126.9999365,
            49.861478
          ],
          [
            -126.99566,
            49.85565
          ],
          [
            -126.99644,
            49.85371
          ],
          [
            -126.9986,
            49.85358
          ],
          [
            -126.99774,
            49.85222
          ],
          [
            -127.01637,
            49.84974
          ],
          [
            -127.02427,
            49.85477
          ],
          [
            -127.02536,
            49.85271
          ],
          [
            -127.02777,
            49.85424
          ],
          [
            -127.03185,
            49.85214
          ],
          [
            -127.03612,
            49.85369
          ],
          [
            -127.04348,
            49.85233
          ],
          [
            -127.05165,
            49.85589
          ],
          [
            -127.06572,
            49.85803
          ],
          [
            -127.07735,
            49.86327
          ],
          [
            -127.0824,
            49.86187
          ],
          [
            -127.08235,
            49.85995
          ],
          [
            -127.08743,
            49.86088
          ],
          [
            -127.09265,
            49.85941
          ],
          [
            -127.08911,
            49.86254
          ],
          [
            -127.09464,
            49.86636
          ],
          [
            -127.10525,
            49.8661
          ],
          [
            -127.11425,
            49.86359
          ],
          [
            -127.1211,
            49.85853
          ],
          [
            -127.12163,
            49.8566
          ],
          [
            -127.11753,
            49.8555
          ],
          [
            -127.11987,
            49.85434
          ],
          [
            -127.12705,
            49.8565
          ],
          [
            -127.12242,
            49.85711
          ],
          [
            -127.12796,
            49.86129
          ],
          [
            -127.13261,
            49.86105
          ],
          [
            -127.13681,
            49.85772
          ],
          [
            -127.15179,
            49.85946
          ],
          [
            -127.15819,
            49.86632
          ],
          [
            -127.1698,
            49.87146
          ],
          [
            -127.16792,
            49.8715
          ],
          [
            -127.16968,
            49.87301
          ],
          [
            -127.16836,
            49.87479
          ],
          [
            -127.17101,
            49.8783
          ],
          [
            -127.1771,
            49.88021
          ],
          [
            -127.17779,
            49.88163
          ],
          [
            -127.1737,
            49.88305
          ],
          [
            -127.17675,
            49.8828
          ],
          [
            -127.175,
            49.88674
          ],
          [
            -127.18224,
            49.89585
          ],
          [
            -127.18244,
            49.8995
          ],
          [
            -127.19341,
            49.90292
          ],
          [
            -127.19388,
            49.90415
          ],
          [
            -127.19167,
            49.90529
          ],
          [
            -127.19324,
            49.90908
          ],
          [
            -127.1977,
            49.91045
          ],
          [
            -127.19737,
            49.91207
          ],
          [
            -127.2015,
            49.91383
          ],
          [
            -127.19961,
            49.92097
          ],
          [
            -127.20462,
            49.92517
          ],
          [
            -127.20754,
            49.92403
          ],
          [
            -127.21193,
            49.92574
          ],
          [
            -127.21311,
            49.92425
          ],
          [
            -127.21903,
            49.92726
          ],
          [
            -127.21625,
            49.93042
          ],
          [
            -127.22405,
            49.93653
          ],
          [
            -127.22155,
            49.9391
          ],
          [
            -127.2247,
            49.94181
          ],
          [
            -127.22564,
            49.94575
          ],
          [
            -127.22471,
            49.94746
          ],
          [
            -127.2209,
            49.94823
          ],
          [
            -127.2248,
            49.95342
          ],
          [
            -127.22855,
            49.95224
          ],
          [
            -127.22899,
            49.95386
          ],
          [
            -127.23127,
            49.95424
          ],
          [
            -127.23086,
            49.95773
          ],
          [
            -127.23259,
            49.96
          ],
          [
            -127.24053,
            49.96371
          ],
          [
            -127.24434,
            49.96239
          ],
          [
            -127.24544,
            49.96427
          ],
          [
            -127.24916,
            49.96399
          ],
          [
            -127.25097,
            49.96307
          ],
          [
            -127.25155,
            49.95996
          ],
          [
            -127.25185,
            49.96325
          ],
          [
            -127.25525,
            49.96571
          ],
          [
            -127.25153,
            49.9709
          ],
          [
            -127.25189,
            49.96847
          ],
          [
            -127.2503,
            49.96756
          ],
          [
            -127.24852,
            49.9698
          ],
          [
            -127.24863,
            49.96702
          ],
          [
            -127.24194,
            49.96818
          ],
          [
            -127.24099,
            49.96983
          ],
          [
            -127.24228,
            49.97037
          ],
          [
            -127.23901,
            49.97136
          ],
          [
            -127.23011,
            49.9689
          ],
          [
            -127.2292,
            49.97067
          ],
          [
            -127.23519,
            49.97244
          ],
          [
            -127.23436,
            49.97634
          ],
          [
            -127.23165,
            49.97418
          ],
          [
            -127.23236,
            49.9758
          ],
          [
            -127.23076,
            49.97824
          ],
          [
            -127.22324,
            49.97838
          ],
          [
            -127.21909,
            49.98452
          ],
          [
            -127.21392,
            49.98404
          ],
          [
            -127.21626,
            49.98656
          ],
          [
            -127.21277,
            49.98942
          ],
          [
            -127.2107,
            49.98898
          ],
          [
            -127.21031,
            49.99218
          ],
          [
            -127.20375,
            49.99173
          ],
          [
            -127.20268,
            49.99408
          ],
          [
            -127.18912,
            49.998
          ],
          [
            -127.18627,
            50.00126
          ],
          [
            -127.17344,
            50.00265
          ],
          [
            -127.16497,
            49.99798
          ],
          [
            -127.15733,
            49.99901
          ],
          [
            -127.1546,
            49.99694
          ],
          [
            -127.14982,
            49.99827
          ],
          [
            -127.14588,
            49.99683
          ],
          [
            -127.12302,
            49.99623
          ],
          [
            -127.12288,
            49.99803
          ],
          [
            -127.12843,
            49.99927
          ],
          [
            -127.1467,
            49.99916
          ],
          [
            -127.15318,
            50.00073
          ],
          [
            -127.15428,
            50.00251
          ],
          [
            -127.15119,
            50.00404
          ],
          [
            -127.15113,
            50.0055
          ],
          [
            -127.155,
            50.00837
          ],
          [
            -127.15122,
            50.01098
          ],
          [
            -127.15696,
            50.01409
          ],
          [
            -127.1551,
            50.0152
          ],
          [
            -127.15874,
            50.01655
          ],
          [
            -127.15288,
            50.01828
          ],
          [
            -127.15135,
            50.02056
          ],
          [
            -127.15228,
            50.02137
          ],
          [
            -127.14899,
            50.02272
          ],
          [
            -127.142,
            50.02373
          ],
          [
            -127.13907,
            50.01976
          ],
          [
            -127.13771,
            50.02195
          ],
          [
            -127.11282,
            50.01776
          ],
          [
            -127.11139,
            50.01969
          ],
          [
            -127.10122,
            50.02079
          ],
          [
            -127.09898,
            50.02349
          ],
          [
            -127.09377,
            50.02534
          ],
          [
            -127.07726,
            50.0228
          ],
          [
            -127.08135,
            50.02564
          ],
          [
            -127.0776,
            50.02456
          ],
          [
            -127.07539,
            50.02577
          ],
          [
            -127.08016,
            50.02651
          ],
          [
            -127.08051,
            50.02876
          ],
          [
            -127.08626,
            50.03217
          ],
          [
            -127.09799,
            50.02867
          ],
          [
            -127.10933,
            50.02831
          ],
          [
            -127.11651,
            50.02636
          ],
          [
            -127.14533,
            50.02779
          ],
          [
            -127.16211,
            50.02383
          ],
          [
            -127.17177,
            50.02426
          ],
          [
            -127.17658,
            50.0228
          ],
          [
            -127.18194,
            50.02496
          ],
          [
            -127.18299,
            50.02384
          ],
          [
            -127.17408,
            50.02012
          ],
          [
            -127.17696,
            50.0187
          ],
          [
            -127.17559,
            50.01759
          ],
          [
            -127.18026,
            50.01814
          ],
          [
            -127.18445,
            50.01605
          ],
          [
            -127.19059,
            50.02126
          ],
          [
            -127.19666,
            50.02285
          ],
          [
            -127.19018,
            50.02592
          ],
          [
            -127.18635,
            50.02538
          ],
          [
            -127.18729,
            50.02857
          ],
          [
            -127.18277,
            50.03228
          ],
          [
            -127.1833,
            50.03325
          ],
          [
            -127.1787,
            50.03565
          ],
          [
            -127.17462,
            50.03362
          ],
          [
            -127.17443,
            50.03682
          ],
          [
            -127.17183,
            50.03887
          ],
          [
            -127.17122,
            50.04622
          ],
          [
            -127.17602,
            50.04929
          ],
          [
            -127.17538,
            50.05214
          ],
          [
            -127.17312,
            50.05318
          ],
          [
            -127.1752,
            50.05754
          ],
          [
            -127.17726,
            50.05821
          ],
          [
            -127.17678,
            50.06009
          ],
          [
            -127.18178,
            50.06138
          ],
          [
            -127.18504,
            50.06492
          ],
          [
            -127.18017,
            50.06888
          ],
          [
            -127.17764,
            50.06911
          ],
          [
            -127.17753,
            50.0714
          ],
          [
            -127.17443,
            50.07347
          ],
          [
            -127.16859,
            50.07351
          ],
          [
            -127.16966,
            50.07407
          ],
          [
            -127.16862,
            50.0753
          ],
          [
            -127.16369,
            50.07555
          ],
          [
            -127.15973,
            50.07279
          ],
          [
            -127.15437,
            50.07241
          ],
          [
            -127.15072,
            50.06882
          ],
          [
            -127.16237,
            50.06436
          ],
          [
            -127.17517,
            50.06189
          ],
          [
            -127.1757,
            50.05954
          ],
          [
            -127.14963,
            50.06325
          ],
          [
            -127.13313,
            50.06376
          ],
          [
            -127.11805,
            50.06023
          ],
          [
            -127.11185,
            50.06234
          ],
          [
            -127.10637,
            50.06092
          ],
          [
            -127.10539,
            50.05924
          ],
          [
            -127.09631,
            50.05998
          ],
          [
            -127.09807,
            50.06345
          ],
          [
            -127.10322,
            50.06352
          ],
          [
            -127.10915,
            50.06609
          ],
          [
            -127.13469,
            50.06945
          ],
          [
            -127.14415,
            50.06864
          ],
          [
            -127.14826,
            50.0711
          ],
          [
            -127.14566,
            50.07411
          ],
          [
            -127.15072,
            50.07591
          ],
          [
            -127.15135,
            50.07706
          ],
          [
            -127.14919,
            50.07761
          ],
          [
            -127.15611,
            50.07889
          ],
          [
            -127.15403,
            50.08036
          ],
          [
            -127.14698,
            50.08049
          ],
          [
            -127.14874,
            50.08129
          ],
          [
            -127.14697,
            50.08297
          ],
          [
            -127.1408,
            50.08383
          ],
          [
            -127.14157,
            50.08483
          ],
          [
            -127.13745,
            50.0878
          ],
          [
            -127.13796,
            50.08885
          ],
          [
            -127.13345,
            50.08929
          ],
          [
            -127.13355,
            50.09082
          ],
          [
            -127.13096,
            50.09165
          ],
          [
            -127.13301,
            50.09306
          ],
          [
            -127.13205,
            50.09437
          ],
          [
            -127.12256,
            50.0926
          ],
          [
            -127.12301,
            50.09459
          ],
          [
            -127.12049,
            50.09838
          ],
          [
            -127.10301,
            50.10303
          ],
          [
            -127.09168,
            50.10307
          ],
          [
            -127.0907,
            50.10669
          ],
          [
            -127.0851,
            50.11094
          ],
          [
            -127.08374,
            50.11614
          ],
          [
            -127.08626,
            50.11411
          ],
          [
            -127.0917,
            50.11807
          ],
          [
            -127.09054,
            50.12045
          ],
          [
            -127.08603,
            50.12253
          ],
          [
            -127.0859,
            50.13048
          ],
          [
            -127.08977,
            50.13412
          ],
          [
            -127.09006,
            50.14188
          ],
          [
            -127.094,
            50.14681
          ],
          [
            -127.10047,
            50.14634
          ],
          [
            -127.10463,
            50.14223
          ],
          [
            -127.1053,
            50.13754
          ],
          [
            -127.10258,
            50.13603
          ],
          [
            -127.10426,
            50.13461
          ],
          [
            -127.09894,
            50.12734
          ],
          [
            -127.10104,
            50.12389
          ],
          [
            -127.11453,
            50.1136
          ],
          [
            -127.12858,
            50.10642
          ],
          [
            -127.13712,
            50.1043
          ],
          [
            -127.15035,
            50.10649
          ],
          [
            -127.15769,
            50.10536
          ],
          [
            -127.14857,
            50.10288
          ],
          [
            -127.15342,
            50.10123
          ],
          [
            -127.16285,
            50.10305
          ],
          [
            -127.17575,
            50.10129
          ],
          [
            -127.17638,
            50.09974
          ],
          [
            -127.17383,
            50.09916
          ],
          [
            -127.17414,
            50.09687
          ],
          [
            -127.16939,
            50.0976
          ],
          [
            -127.16952,
            50.09609
          ],
          [
            -127.18472,
            50.09583
          ],
          [
            -127.19985,
            50.09189
          ],
          [
            -127.2129,
            50.09318
          ],
          [
            -127.22854,
            50.10019
          ],
          [
            -127.22781,
            50.10105
          ],
          [
            -127.22969,
            50.10265
          ],
          [
            -127.22637,
            50.10405
          ],
          [
            -127.23485,
            50.10549
          ],
          [
            -127.22294,
            50.10684
          ],
          [
            -127.21826,
            50.10486
          ],
          [
            -127.2271,
            50.11155
          ],
          [
            -127.2295,
            50.11169
          ],
          [
            -127.23005,
            50.10865
          ],
          [
            -127.23214,
            50.10996
          ],
          [
            -127.23247,
            50.1122
          ],
          [
            -127.22605,
            50.11282
          ],
          [
            -127.22992,
            50.11574
          ],
          [
            -127.22899,
            50.11703
          ],
          [
            -127.2303,
            50.11858
          ],
          [
            -127.23952,
            50.12295
          ],
          [
            -127.25004,
            50.12537
          ],
          [
            -127.25193,
            50.12713
          ],
          [
            -127.24995,
            50.13052
          ],
          [
            -127.25074,
            50.13147
          ],
          [
            -127.2658,
            50.13589
          ],
          [
            -127.26352,
            50.14202
          ],
          [
            -127.27036,
            50.143
          ],
          [
            -127.2704,
            50.14648
          ],
          [
            -127.27363,
            50.14402
          ],
          [
            -127.28117,
            50.14556
          ],
          [
            -127.28956,
            50.151
          ],
          [
            -127.29052,
            50.15348
          ],
          [
            -127.30702,
            50.15987
          ],
          [
            -127.30234,
            50.16331
          ],
          [
            -127.30286,
            50.16619
          ],
          [
            -127.30002,
            50.16853
          ],
          [
            -127.30375,
            50.17607
          ],
          [
            -127.29944,
            50.18643
          ],
          [
            -127.30559,
            50.19043
          ],
          [
            -127.30512,
            50.19438
          ],
          [
            -127.30692,
            50.19396
          ],
          [
            -127.30846,
            50.19613
          ],
          [
            -127.31082,
            50.191
          ],
          [
            -127.31074,
            50.18272
          ],
          [
            -127.3094,
            50.18106
          ],
          [
            -127.3127,
            50.17567
          ],
          [
            -127.30866,
            50.16946
          ],
          [
            -127.31095,
            50.16576
          ],
          [
            -127.30973,
            50.15533
          ],
          [
            -127.31124,
            50.15325
          ],
          [
            -127.30946,
            50.15163
          ],
          [
            -127.30888,
            50.15396
          ],
          [
            -127.30454,
            50.15296
          ],
          [
            -127.30737,
            50.14952
          ],
          [
            -127.30647,
            50.14724
          ],
          [
            -127.30174,
            50.14426
          ],
          [
            -127.29729,
            50.1436
          ],
          [
            -127.29809,
            50.14217
          ],
          [
            -127.30653,
            50.14169
          ],
          [
            -127.30913,
            50.13911
          ],
          [
            -127.30649,
            50.13062
          ],
          [
            -127.31124,
            50.12797
          ],
          [
            -127.30219,
            50.12462
          ],
          [
            -127.29635,
            50.11937
          ],
          [
            -127.28023,
            50.11634
          ],
          [
            -127.27742,
            50.11247
          ],
          [
            -127.27429,
            50.11196
          ],
          [
            -127.27487,
            50.11572
          ],
          [
            -127.28349,
            50.11998
          ],
          [
            -127.29006,
            50.12048
          ],
          [
            -127.29687,
            50.12797
          ],
          [
            -127.29633,
            50.1298
          ],
          [
            -127.30188,
            50.13386
          ],
          [
            -127.29939,
            50.13611
          ],
          [
            -127.29091,
            50.13535
          ],
          [
            -127.28612,
            50.13288
          ],
          [
            -127.28677,
            50.1317
          ],
          [
            -127.29116,
            50.13209
          ],
          [
            -127.28953,
            50.1305
          ],
          [
            -127.29091,
            50.13033
          ],
          [
            -127.29018,
            50.12851
          ],
          [
            -127.28435,
            50.12742
          ],
          [
            -127.28237,
            50.12892
          ],
          [
            -127.27156,
            50.12547
          ],
          [
            -127.27044,
            50.12441
          ],
          [
            -127.27522,
            50.12382
          ],
          [
            -127.26509,
            50.1184
          ],
          [
            -127.26725,
            50.11664
          ],
          [
            -127.26573,
            50.11397
          ],
          [
            -127.26925,
            50.11249
          ],
          [
            -127.27111,
            50.10973
          ],
          [
            -127.26515,
            50.10699
          ],
          [
            -127.26312,
            50.10375
          ],
          [
            -127.27542,
            50.10187
          ],
          [
            -127.27202,
            50.10363
          ],
          [
            -127.27283,
            50.10545
          ],
          [
            -127.27582,
            50.10531
          ],
          [
            -127.27562,
            50.10294
          ],
          [
            -127.28413,
            50.0969
          ],
          [
            -127.28377,
            50.09495
          ],
          [
            -127.27893,
            50.09304
          ],
          [
            -127.27947,
            50.08925
          ],
          [
            -127.26996,
            50.08532
          ],
          [
            -127.26998,
            50.08243
          ],
          [
            -127.27419,
            50.07812
          ],
          [
            -127.28173,
            50.07577
          ],
          [
            -127.28914,
            50.07909
          ],
          [
            -127.2869,
            50.07577
          ],
          [
            -127.28653,
            50.07275
          ],
          [
            -127.28842,
            50.07096
          ],
          [
            -127.28621,
            50.06992
          ],
          [
            -127.28747,
            50.06902
          ],
          [
            -127.28599,
            50.06665
          ],
          [
            -127.27468,
            50.06423
          ],
          [
            -127.26726,
            50.05781
          ],
          [
            -127.27124,
            50.05406
          ],
          [
            -127.28711,
            50.05382
          ],
          [
            -127.28646,
            50.05039
          ],
          [
            -127.29962,
            50.04752
          ],
          [
            -127.3,
            50.04441
          ],
          [
            -127.31252,
            50.04213
          ],
          [
            -127.31186,
            50.04057
          ],
          [
            -127.31495,
            50.04061
          ],
          [
            -127.31383,
            50.04154
          ],
          [
            -127.31528,
            50.0428
          ],
          [
            -127.31282,
            50.04331
          ],
          [
            -127.31632,
            50.04445
          ],
          [
            -127.32184,
            50.04003
          ],
          [
            -127.32111,
            50.03629
          ],
          [
            -127.32672,
            50.03638
          ],
          [
            -127.32837,
            50.03059
          ],
          [
            -127.3359,
            50.0284
          ],
          [
            -127.3391,
            50.02571
          ],
          [
            -127.34374,
            50.02612
          ],
          [
            -127.34588,
            50.02491
          ],
          [
            -127.34458,
            50.02447
          ],
          [
            -127.34838,
            50.02412
          ],
          [
            -127.34779,
            50.02216
          ],
          [
            -127.34455,
            50.0217
          ],
          [
            -127.34416,
            50.0196
          ],
          [
            -127.34918,
            50.02052
          ],
          [
            -127.35031,
            50.02231
          ],
          [
            -127.35107,
            50.02106
          ],
          [
            -127.35892,
            50.02282
          ],
          [
            -127.35688,
            50.02406
          ],
          [
            -127.35918,
            50.02867
          ],
          [
            -127.35218,
            50.02934
          ],
          [
            -127.35446,
            50.03447
          ],
          [
            -127.34809,
            50.04082
          ],
          [
            -127.34931,
            50.04588
          ],
          [
            -127.35702,
            50.04706
          ],
          [
            -127.35955,
            50.04566
          ],
          [
            -127.35775,
            50.04212
          ],
          [
            -127.36098,
            50.03668
          ],
          [
            -127.36,
            50.03491
          ],
          [
            -127.36138,
            50.03139
          ],
          [
            -127.3585,
            50.03145
          ],
          [
            -127.36212,
            50.02856
          ],
          [
            -127.37384,
            50.03096
          ],
          [
            -127.37616,
            50.02967
          ],
          [
            -127.38012,
            50.02942
          ],
          [
            -127.38102,
            50.03081
          ],
          [
            -127.39027,
            50.0298
          ],
          [
            -127.38692,
            50.03129
          ],
          [
            -127.39198,
            50.03279
          ],
          [
            -127.39452,
            50.03225
          ],
          [
            -127.39123,
            50.02911
          ],
          [
            -127.39283,
            50.02824
          ],
          [
            -127.40326,
            50.03634
          ],
          [
            -127.40253,
            50.038
          ],
          [
            -127.39944,
            50.03705
          ],
          [
            -127.39948,
            50.03884
          ],
          [
            -127.40482,
            50.03854
          ],
          [
            -127.41069,
            50.04144
          ],
          [
            -127.41372,
            50.0388
          ],
          [
            -127.41926,
            50.0419
          ],
          [
            -127.42055,
            50.03726
          ],
          [
            -127.41944,
            50.03597
          ],
          [
            -127.423,
            50.03487
          ],
          [
            -127.42362,
            50.03621
          ],
          [
            -127.42872,
            50.0359
          ],
          [
            -127.42753,
            50.03778
          ],
          [
            -127.4303,
            50.03756
          ],
          [
            -127.42729,
            50.04014
          ],
          [
            -127.43203,
            50.04275
          ],
          [
            -127.43137,
            50.04394
          ],
          [
            -127.43598,
            50.04399
          ],
          [
            -127.4361913,
            50.0448453
          ],
          [
            -127.43605,
            50.04481
          ],
          [
            -127.43605,
            50.04502
          ],
          [
            -127.4362142,
            50.0449379
          ],
          [
            -127.43661,
            50.04654
          ],
          [
            -127.44021,
            50.04714
          ],
          [
            -127.43847,
            50.04875
          ],
          [
            -127.44279,
            50.05326
          ],
          [
            -127.44034,
            50.05509
          ],
          [
            -127.44502,
            50.06024
          ],
          [
            -127.44256,
            50.06418
          ],
          [
            -127.4477532,
            50.0674168
          ],
          [
            -127.44768,
            50.06749
          ],
          [
            -127.4477805,
            50.0674339
          ],
          [
            -127.47176,
            50.08238
          ],
          [
            -127.47636,
            50.08605
          ],
          [
            -127.47523,
            50.08716
          ],
          [
            -127.47757,
            50.09109
          ],
          [
            -127.48476,
            50.09275
          ],
          [
            -127.48388,
            50.09523
          ],
          [
            -127.48047,
            50.09512
          ],
          [
            -127.48213,
            50.09679
          ],
          [
            -127.48111,
            50.09835
          ],
          [
            -127.48399,
            50.10063
          ],
          [
            -127.48329,
            50.10226
          ],
          [
            -127.47944,
            50.10289
          ],
          [
            -127.48286,
            50.10667
          ],
          [
            -127.478,
            50.10797
          ],
          [
            -127.47947,
            50.1121
          ],
          [
            -127.47765,
            50.11488
          ],
          [
            -127.47003,
            50.12005
          ],
          [
            -127.45925,
            50.12237
          ],
          [
            -127.45877,
            50.12384
          ],
          [
            -127.4457,
            50.12489
          ],
          [
            -127.4432,
            50.12337
          ],
          [
            -127.43908,
            50.1257
          ],
          [
            -127.43489,
            50.12449
          ],
          [
            -127.42879,
            50.12906
          ],
          [
            -127.42225,
            50.12917
          ],
          [
            -127.41921,
            50.13302
          ],
          [
            -127.41946,
            50.13565
          ],
          [
            -127.42144,
            50.13678
          ],
          [
            -127.4197,
            50.13862
          ],
          [
            -127.42641,
            50.13748
          ],
          [
            -127.43581,
            50.13334
          ],
          [
            -127.4439,
            50.13473
          ],
          [
            -127.4478,
            50.13232
          ],
          [
            -127.45362,
            50.1331
          ],
          [
            -127.46829,
            50.13113
          ],
          [
            -127.47507,
            50.12618
          ],
          [
            -127.4847,
            50.123
          ],
          [
            -127.48673,
            50.11975
          ],
          [
            -127.4889753,
            50.1189527
          ],
          [
            -127.48905,
            50.11899
          ],
          [
            -127.4892598,
            50.1188516
          ],
          [
            -127.49515,
            50.11676
          ],
          [
            -127.49405,
            50.11564
          ],
          [
            -127.49862,
            50.11471
          ],
          [
            -127.50212,
            50.11526
          ],
          [
            -127.50736,
            50.11972
          ],
          [
            -127.51471,
            50.12188
          ],
          [
            -127.51315,
            50.12523
          ],
          [
            -127.51001,
            50.1254
          ],
          [
            -127.50792,
            50.12792
          ],
          [
            -127.50951,
            50.13005
          ],
          [
            -127.51513,
            50.13198
          ],
          [
            -127.51521,
            50.13391
          ],
          [
            -127.51048,
            50.13527
          ],
          [
            -127.50158,
            50.14271
          ],
          [
            -127.49615,
            50.14446
          ],
          [
            -127.48917,
            50.14437
          ],
          [
            -127.48607,
            50.14654
          ],
          [
            -127.48724,
            50.15028
          ],
          [
            -127.48358,
            50.15246
          ],
          [
            -127.47854,
            50.15172
          ],
          [
            -127.47,
            50.15578
          ],
          [
            -127.46517,
            50.16142
          ],
          [
            -127.45795,
            50.16426
          ],
          [
            -127.4541,
            50.16937
          ],
          [
            -127.45204,
            50.175
          ],
          [
            -127.45304,
            50.179
          ],
          [
            -127.44343,
            50.18052
          ],
          [
            -127.44129,
            50.18317
          ],
          [
            -127.43336,
            50.1827
          ],
          [
            -127.4329,
            50.18562
          ],
          [
            -127.43519,
            50.18813
          ],
          [
            -127.43349,
            50.18939
          ],
          [
            -127.43969,
            50.18891
          ],
          [
            -127.44869,
            50.18566
          ],
          [
            -127.45585,
            50.18564
          ],
          [
            -127.45941,
            50.1829
          ],
          [
            -127.46076,
            50.17888
          ],
          [
            -127.47631,
            50.18176
          ],
          [
            -127.47543,
            50.18027
          ],
          [
            -127.47887,
            50.18309
          ],
          [
            -127.4796,
            50.18067
          ],
          [
            -127.4851,
            50.18559
          ],
          [
            -127.47718,
            50.17724
          ],
          [
            -127.47986,
            50.17533
          ],
          [
            -127.47688,
            50.17368
          ],
          [
            -127.47693,
            50.17112
          ],
          [
            -127.48105,
            50.16921
          ],
          [
            -127.48548,
            50.17187
          ],
          [
            -127.48717,
            50.16888
          ],
          [
            -127.49032,
            50.16805
          ],
          [
            -127.49618,
            50.17047
          ],
          [
            -127.49317,
            50.16843
          ],
          [
            -127.4954,
            50.16699
          ],
          [
            -127.49361,
            50.16312
          ],
          [
            -127.50376,
            50.16178
          ],
          [
            -127.51058,
            50.15331
          ],
          [
            -127.50519,
            50.15258
          ],
          [
            -127.51001,
            50.14572
          ],
          [
            -127.5213,
            50.14268
          ],
          [
            -127.52343,
            50.1401
          ],
          [
            -127.53014,
            50.13973
          ],
          [
            -127.53118,
            50.13642
          ],
          [
            -127.52948,
            50.13518
          ],
          [
            -127.53016,
            50.13277
          ],
          [
            -127.53451,
            50.13196
          ],
          [
            -127.53661,
            50.12867
          ],
          [
            -127.53892,
            50.1292
          ],
          [
            -127.53743,
            50.12707
          ],
          [
            -127.54501,
            50.12785
          ],
          [
            -127.54624,
            50.12563
          ],
          [
            -127.55161,
            50.12498
          ],
          [
            -127.55164,
            50.12351
          ],
          [
            -127.55451,
            50.12468
          ],
          [
            -127.55411,
            50.12599
          ],
          [
            -127.55592,
            50.12345
          ],
          [
            -127.56127,
            50.12309
          ],
          [
            -127.56129,
            50.12498
          ],
          [
            -127.56401,
            50.12667
          ],
          [
            -127.56974,
            50.1273
          ],
          [
            -127.57101,
            50.12588
          ],
          [
            -127.57324,
            50.12798
          ],
          [
            -127.57767,
            50.12798
          ],
          [
            -127.5857,
            50.12319
          ],
          [
            -127.58649,
            50.12015
          ],
          [
            -127.59239,
            50.1215
          ],
          [
            -127.59343,
            50.12083
          ],
          [
            -127.59245,
            50.11987
          ],
          [
            -127.59653,
            50.11827
          ],
          [
            -127.59599,
            50.11634
          ],
          [
            -127.59743,
            50.11535
          ],
          [
            -127.59336,
            50.11282
          ],
          [
            -127.5930764,
            50.1113185
          ],
          [
            -127.5931444,
            50.1110355
          ],
          [
            -127.59688,
            50.1115
          ],
          [
            -127.59982,
            50.10894
          ],
          [
            -127.60457,
            50.10776
          ],
          [
            -127.60843,
            50.10777
          ],
          [
            -127.61064,
            50.11021
          ],
          [
            -127.61014,
            50.11203
          ],
          [
            -127.60745,
            50.11274
          ],
          [
            -127.60812,
            50.11495
          ],
          [
            -127.59998,
            50.1161
          ],
          [
            -127.60106,
            50.11756
          ],
          [
            -127.6006182,
            50.118308
          ],
          [
            -127.60047,
            50.11833
          ],
          [
            -127.6003958,
            50.1186846
          ],
          [
            -127.59917,
            50.12076
          ],
          [
            -127.605,
            50.11986
          ],
          [
            -127.60487,
            50.12137
          ],
          [
            -127.60853,
            50.11919
          ],
          [
            -127.61264,
            50.11933
          ],
          [
            -127.61449,
            50.11748
          ],
          [
            -127.61585,
            50.11924
          ],
          [
            -127.62547,
            50.11742
          ],
          [
            -127.62596,
            50.12466
          ],
          [
            -127.63193,
            50.12466
          ],
          [
            -127.63031,
            50.12632
          ],
          [
            -127.63188,
            50.12892
          ],
          [
            -127.63108,
            50.13218
          ],
          [
            -127.63871,
            50.13645
          ],
          [
            -127.63737,
            50.1394
          ],
          [
            -127.6397,
            50.14081
          ],
          [
            -127.63867,
            50.14406
          ],
          [
            -127.64272,
            50.14406
          ],
          [
            -127.64438,
            50.14581
          ],
          [
            -127.64256,
            50.14818
          ],
          [
            -127.63659,
            50.14839
          ],
          [
            -127.63516,
            50.15189
          ],
          [
            -127.6309,
            50.15451
          ],
          [
            -127.63173,
            50.16237
          ],
          [
            -127.62798,
            50.16305
          ],
          [
            -127.62144,
            50.16751
          ],
          [
            -127.62356,
            50.17132
          ],
          [
            -127.61814,
            50.17427
          ],
          [
            -127.61857,
            50.17678
          ],
          [
            -127.61399,
            50.18636
          ],
          [
            -127.6068,
            50.1901
          ],
          [
            -127.60707,
            50.1913
          ],
          [
            -127.61039,
            50.19139
          ],
          [
            -127.61013,
            50.19429
          ],
          [
            -127.612,
            50.19506
          ],
          [
            -127.61406,
            50.18993
          ],
          [
            -127.61957,
            50.19071
          ],
          [
            -127.62401,
            50.18329
          ],
          [
            -127.62884,
            50.18077
          ],
          [
            -127.62562,
            50.1805
          ],
          [
            -127.62955,
            50.17965
          ],
          [
            -127.62539,
            50.17744
          ],
          [
            -127.62912,
            50.17478
          ],
          [
            -127.63386,
            50.1756
          ],
          [
            -127.63658,
            50.16809
          ],
          [
            -127.64098,
            50.16926
          ],
          [
            -127.64091,
            50.16801
          ],
          [
            -127.64483,
            50.16746
          ],
          [
            -127.64695,
            50.17083
          ],
          [
            -127.65269,
            50.1728
          ],
          [
            -127.65675,
            50.18071
          ],
          [
            -127.6612,
            50.1825
          ],
          [
            -127.65868,
            50.18926
          ],
          [
            -127.65042,
            50.19497
          ],
          [
            -127.64819,
            50.19858
          ],
          [
            -127.6404,
            50.19932
          ],
          [
            -127.6298,
            50.2038
          ],
          [
            -127.62811,
            50.20692
          ],
          [
            -127.63076,
            50.20896
          ],
          [
            -127.63806,
            50.2047
          ],
          [
            -127.64259,
            50.20507
          ],
          [
            -127.64496,
            50.2042
          ],
          [
            -127.64497,
            50.20263
          ],
          [
            -127.65045,
            50.20167
          ],
          [
            -127.65356,
            50.19495
          ],
          [
            -127.6586,
            50.19509
          ],
          [
            -127.66096,
            50.18856
          ],
          [
            -127.66568,
            50.18705
          ],
          [
            -127.66715,
            50.1824
          ],
          [
            -127.66556,
            50.1804
          ],
          [
            -127.65078,
            50.17095
          ],
          [
            -127.65468,
            50.16879
          ],
          [
            -127.65464,
            50.16277
          ],
          [
            -127.66169,
            50.16299
          ],
          [
            -127.6595,
            50.16162
          ],
          [
            -127.66102,
            50.16092
          ],
          [
            -127.66021,
            50.15882
          ],
          [
            -127.65562,
            50.15715
          ],
          [
            -127.65715,
            50.15653
          ],
          [
            -127.65687,
            50.15448
          ],
          [
            -127.661,
            50.15539
          ],
          [
            -127.65899,
            50.15029
          ],
          [
            -127.66263,
            50.15027
          ],
          [
            -127.66202,
            50.14869
          ],
          [
            -127.66524,
            50.14801
          ],
          [
            -127.66394,
            50.14758
          ],
          [
            -127.66529,
            50.1461
          ],
          [
            -127.66984,
            50.14699
          ],
          [
            -127.67076,
            50.14919
          ],
          [
            -127.67278,
            50.14958
          ],
          [
            -127.67158,
            50.15164
          ],
          [
            -127.67276,
            50.15341
          ],
          [
            -127.67594,
            50.15285
          ],
          [
            -127.67496,
            50.15037
          ],
          [
            -127.67771,
            50.15016
          ],
          [
            -127.67633,
            50.14804
          ],
          [
            -127.67846,
            50.14676
          ],
          [
            -127.68566,
            50.1484
          ],
          [
            -127.68401,
            50.14996
          ],
          [
            -127.68651,
            50.14922
          ],
          [
            -127.68869,
            50.14692
          ],
          [
            -127.68571,
            50.1412
          ],
          [
            -127.69275,
            50.1403
          ],
          [
            -127.69656,
            50.14205
          ],
          [
            -127.69949,
            50.14046
          ],
          [
            -127.70132,
            50.13564
          ],
          [
            -127.69651,
            50.13651
          ],
          [
            -127.69891,
            50.13746
          ],
          [
            -127.69553,
            50.13855
          ],
          [
            -127.68992,
            50.13519
          ],
          [
            -127.69005,
            50.13328
          ],
          [
            -127.68403,
            50.13308
          ],
          [
            -127.68515,
            50.13096
          ],
          [
            -127.68854,
            50.1306
          ],
          [
            -127.69053,
            50.13234
          ],
          [
            -127.69443,
            50.13072
          ],
          [
            -127.6977051,
            50.1309055
          ],
          [
            -127.69774,
            50.13108
          ],
          [
            -127.69798,
            50.13108
          ],
          [
            -127.6977826,
            50.1309099
          ],
          [
            -127.70838,
            50.13151
          ],
          [
            -127.7107418,
            50.1322032
          ],
          [
            -127.71193,
            50.13008
          ],
          [
            -127.71091,
            50.12916
          ],
          [
            -127.7120886,
            50.1281438
          ],
          [
            -127.71235,
            50.12827
          ],
          [
            -127.71248,
            50.12812
          ],
          [
            -127.7121059,
            50.1281289
          ],
          [
            -127.71316,
            50.12722
          ],
          [
            -127.71864,
            50.12714
          ],
          [
            -127.71691,
            50.12421
          ],
          [
            -127.73346,
            50.12284
          ],
          [
            -127.74496,
            50.11198
          ],
          [
            -127.7502,
            50.11104
          ],
          [
            -127.75237,
            50.10826
          ],
          [
            -127.7558,
            50.10749
          ],
          [
            -127.75787,
            50.10358
          ],
          [
            -127.76413,
            50.10412
          ],
          [
            -127.78339,
            50.08781
          ],
          [
            -127.78637,
            50.08702
          ],
          [
            -127.78691,
            50.0845
          ],
          [
            -127.79139,
            50.08447
          ],
          [
            -127.79566,
            50.08054
          ],
          [
            -127.81308,
            50.08004
          ],
          [
            -127.81706,
            50.08131
          ],
          [
            -127.82013,
            50.08466
          ],
          [
            -127.81718,
            50.0871
          ],
          [
            -127.82081,
            50.08493
          ],
          [
            -127.83388,
            50.08853
          ],
          [
            -127.85054,
            50.09105
          ],
          [
            -127.85189,
            50.09001
          ],
          [
            -127.85344,
            50.09257
          ],
          [
            -127.85848,
            50.09466
          ],
          [
            -127.86215,
            50.09428
          ],
          [
            -127.86343,
            50.09208
          ],
          [
            -127.86687,
            50.09449
          ],
          [
            -127.88226,
            50.09832
          ],
          [
            -127.88538,
            50.10427
          ],
          [
            -127.90596,
            50.11202
          ],
          [
            -127.91648,
            50.11374
          ],
          [
            -127.91709,
            50.12325
          ],
          [
            -127.92077,
            50.12946
          ],
          [
            -127.90706,
            50.13233
          ],
          [
            -127.90795,
            50.13574
          ],
          [
            -127.90323,
            50.13707
          ],
          [
            -127.90333,
            50.13876
          ],
          [
            -127.89842,
            50.14071
          ],
          [
            -127.89821,
            50.14236
          ],
          [
            -127.8962,
            50.14189
          ],
          [
            -127.88994,
            50.14469
          ],
          [
            -127.88821,
            50.14699
          ],
          [
            -127.88512,
            50.14666
          ],
          [
            -127.88395,
            50.14907
          ],
          [
            -127.8830779,
            50.149211
          ],
          [
            -127.88309,
            50.14911
          ],
          [
            -127.88269,
            50.149
          ],
          [
            -127.8829313,
            50.1492348
          ],
          [
            -127.87282,
            50.15087
          ],
          [
            -127.8657,
            50.15494
          ],
          [
            -127.86394,
            50.15771
          ],
          [
            -127.85539,
            50.15916
          ],
          [
            -127.8517,
            50.16183
          ],
          [
            -127.85266,
            50.16272
          ],
          [
            -127.84838,
            50.16473
          ],
          [
            -127.84537,
            50.16952
          ],
          [
            -127.83569,
            50.17031
          ],
          [
            -127.83654,
            50.17155
          ],
          [
            -127.83441,
            50.17737
          ],
          [
            -127.82983,
            50.17854
          ],
          [
            -127.82783,
            50.18116
          ],
          [
            -127.82795,
            50.18324
          ],
          [
            -127.83048,
            50.18518
          ],
          [
            -127.82236,
            50.1876
          ],
          [
            -127.81888,
            50.19298
          ],
          [
            -127.81961,
            50.19543
          ],
          [
            -127.81488,
            50.19547
          ],
          [
            -127.81316,
            50.19722
          ],
          [
            -127.81483,
            50.19903
          ],
          [
            -127.81112,
            50.20024
          ],
          [
            -127.80505,
            50.19716
          ],
          [
            -127.80242,
            50.19751
          ],
          [
            -127.80343,
            50.19645
          ],
          [
            -127.79998,
            50.1952
          ],
          [
            -127.78142,
            50.19946
          ],
          [
            -127.78863,
            50.19883
          ],
          [
            -127.78987,
            50.20081
          ],
          [
            -127.79567,
            50.20076
          ],
          [
            -127.79763,
            50.19848
          ],
          [
            -127.80427,
            50.20022
          ],
          [
            -127.8017,
            50.2022
          ],
          [
            -127.79867,
            50.20178
          ],
          [
            -127.79225,
            50.20866
          ],
          [
            -127.80024,
            50.21396
          ],
          [
            -127.79943,
            50.21523
          ],
          [
            -127.80132,
            50.21526
          ],
          [
            -127.79979,
            50.21792
          ],
          [
            -127.80176,
            50.21767
          ],
          [
            -127.80042,
            50.21982
          ],
          [
            -127.80169,
            50.22036
          ],
          [
            -127.79429,
            50.21893
          ],
          [
            -127.78712,
            50.2235
          ],
          [
            -127.77464,
            50.22142
          ],
          [
            -127.77157,
            50.22469
          ],
          [
            -127.77236,
            50.2265
          ],
          [
            -127.7605,
            50.22837
          ],
          [
            -127.75885,
            50.23253
          ],
          [
            -127.76275,
            50.2352
          ],
          [
            -127.7594,
            50.2376
          ],
          [
            -127.75607,
            50.23856
          ],
          [
            -127.75153,
            50.23709
          ],
          [
            -127.75067,
            50.239
          ],
          [
            -127.73895,
            50.23978
          ],
          [
            -127.7359,
            50.23767
          ],
          [
            -127.73261,
            50.24013
          ],
          [
            -127.72265,
            50.24136
          ],
          [
            -127.73052,
            50.24267
          ],
          [
            -127.73263,
            50.24491
          ],
          [
            -127.72964,
            50.24732
          ],
          [
            -127.7348,
            50.2474
          ],
          [
            -127.7323,
            50.25158
          ],
          [
            -127.73265,
            50.25362
          ],
          [
            -127.72,
            50.26433
          ],
          [
            -127.7236,
            50.26444
          ],
          [
            -127.73477,
            50.25699
          ],
          [
            -127.73588,
            50.25366
          ],
          [
            -127.73445,
            50.24942
          ],
          [
            -127.73781,
            50.24578
          ],
          [
            -127.74396,
            50.24305
          ],
          [
            -127.74479,
            50.24459
          ],
          [
            -127.73914,
            50.2498
          ],
          [
            -127.74731,
            50.24941
          ],
          [
            -127.74442,
            50.25182
          ],
          [
            -127.74662,
            50.25178
          ],
          [
            -127.74738,
            50.25329
          ],
          [
            -127.77398,
            50.24512
          ],
          [
            -127.78753,
            50.24594
          ],
          [
            -127.78893,
            50.24756
          ],
          [
            -127.79602,
            50.24814
          ],
          [
            -127.7966,
            50.2463
          ],
          [
            -127.79945,
            50.24667
          ],
          [
            -127.80637,
            50.25322
          ],
          [
            -127.81558,
            50.25572
          ],
          [
            -127.81613,
            50.25796
          ],
          [
            -127.82432,
            50.25851
          ],
          [
            -127.82321,
            50.25985
          ],
          [
            -127.82414,
            50.26079
          ],
          [
            -127.83216,
            50.2633
          ],
          [
            -127.8338,
            50.26457
          ],
          [
            -127.83338,
            50.26614
          ],
          [
            -127.838,
            50.267
          ],
          [
            -127.83837,
            50.26868
          ],
          [
            -127.84275,
            50.27074
          ],
          [
            -127.84196,
            50.27163
          ],
          [
            -127.8474636,
            50.2733442
          ],
          [
            -127.84729,
            50.27342
          ],
          [
            -127.8475301,
            50.2733649
          ],
          [
            -127.84867,
            50.27372
          ],
          [
            -127.84833,
            50.27699
          ],
          [
            -127.85056,
            50.27731
          ],
          [
            -127.85372,
            50.28077
          ],
          [
            -127.8554,
            50.2802
          ],
          [
            -127.85282,
            50.28211
          ],
          [
            -127.85716,
            50.28495
          ],
          [
            -127.85634,
            50.28639
          ],
          [
            -127.86084,
            50.2878
          ],
          [
            -127.86314,
            50.28674
          ],
          [
            -127.86488,
            50.28752
          ],
          [
            -127.86401,
            50.28903
          ],
          [
            -127.86244,
            50.28793
          ],
          [
            -127.8587,
            50.29206
          ],
          [
            -127.84781,
            50.28878
          ],
          [
            -127.83735,
            50.29204
          ],
          [
            -127.83289,
            50.29528
          ],
          [
            -127.826,
            50.2962
          ],
          [
            -127.81931,
            50.29441
          ],
          [
            -127.8129,
            50.29723
          ],
          [
            -127.80916,
            50.29999
          ],
          [
            -127.80991,
            50.30262
          ],
          [
            -127.80486,
            50.30354
          ],
          [
            -127.80404,
            50.31261
          ],
          [
            -127.80561,
            50.31449
          ],
          [
            -127.80344,
            50.31733
          ],
          [
            -127.79932,
            50.31823
          ],
          [
            -127.77453,
            50.3126
          ],
          [
            -127.75369,
            50.30238
          ],
          [
            -127.74681,
            50.30267
          ],
          [
            -127.73653,
            50.29912
          ],
          [
            -127.72936,
            50.29891
          ],
          [
            -127.71896,
            50.29449
          ],
          [
            -127.71753,
            50.29619
          ],
          [
            -127.72119,
            50.29732
          ],
          [
            -127.72412,
            50.30145
          ],
          [
            -127.73224,
            50.30187
          ],
          [
            -127.75115,
            50.31132
          ],
          [
            -127.7615,
            50.31347
          ],
          [
            -127.76617,
            50.31776
          ],
          [
            -127.79262,
            50.32533
          ],
          [
            -127.80779,
            50.32365
          ],
          [
            -127.81606,
            50.31876
          ],
          [
            -127.818,
            50.31438
          ],
          [
            -127.82135,
            50.31391
          ],
          [
            -127.8252,
            50.31043
          ],
          [
            -127.8371,
            50.30743
          ],
          [
            -127.83915,
            50.30745
          ],
          [
            -127.83925,
            50.31049
          ],
          [
            -127.85783,
            50.31288
          ],
          [
            -127.86142,
            50.31534
          ],
          [
            -127.86097,
            50.3175
          ],
          [
            -127.86515,
            50.31723
          ],
          [
            -127.86304,
            50.32159
          ],
          [
            -127.86413,
            50.32547
          ],
          [
            -127.86282,
            50.32686
          ],
          [
            -127.86627,
            50.32594
          ],
          [
            -127.86753,
            50.3273
          ],
          [
            -127.86579,
            50.32767
          ],
          [
            -127.86661,
            50.33026
          ],
          [
            -127.86856,
            50.32928
          ],
          [
            -127.86925,
            50.33095
          ],
          [
            -127.87077,
            50.32972
          ],
          [
            -127.873,
            50.33097
          ],
          [
            -127.87167,
            50.33247
          ],
          [
            -127.87392,
            50.33454
          ],
          [
            -127.87109,
            50.33715
          ],
          [
            -127.87128,
            50.33983
          ],
          [
            -127.87454,
            50.34426
          ],
          [
            -127.886671,
            50.3421709
          ],
          [
            -127.8868,
            50.34229
          ],
          [
            -127.8868441,
            50.3421411
          ],
          [
            -127.90189,
            50.33955
          ],
          [
            -127.90428,
            50.33814
          ],
          [
            -127.90429,
            50.33643
          ],
          [
            -127.91295,
            50.33382
          ],
          [
            -127.91434,
            50.32838
          ],
          [
            -127.92114,
            50.32589
          ],
          [
            -127.92936,
            50.32659
          ],
          [
            -127.93466,
            50.32335
          ],
          [
            -127.93809,
            50.32554
          ],
          [
            -127.9438,
            50.32467
          ],
          [
            -127.94299,
            50.32341
          ],
          [
            -127.94443,
            50.32228
          ],
          [
            -127.94022,
            50.32015
          ],
          [
            -127.94981,
            50.31897
          ],
          [
            -127.95276,
            50.32239
          ],
          [
            -127.95707,
            50.32189
          ],
          [
            -127.95852,
            50.32437
          ],
          [
            -127.96423,
            50.3247
          ],
          [
            -127.97015,
            50.32715
          ],
          [
            -127.97645,
            50.3246
          ],
          [
            -127.97402,
            50.32621
          ],
          [
            -127.97518,
            50.32878
          ],
          [
            -127.97371,
            50.33255
          ],
          [
            -127.97513,
            50.3346
          ],
          [
            -127.98564,
            50.33995
          ],
          [
            -127.98973,
            50.34488
          ],
          [
            -127.9899,
            50.34965
          ],
          [
            -127.99533,
            50.34932
          ],
          [
            -127.99553,
            50.3507
          ],
          [
            -127.9932,
            50.35257
          ],
          [
            -127.98521,
            50.35422
          ],
          [
            -127.97552,
            50.35039
          ],
          [
            -127.96923,
            50.35217
          ],
          [
            -127.97134,
            50.35789
          ],
          [
            -127.96228,
            50.36363
          ],
          [
            -127.96135,
            50.3676
          ],
          [
            -127.96398,
            50.36982
          ],
          [
            -127.96171,
            50.37111
          ],
          [
            -127.96422,
            50.37239
          ],
          [
            -127.96075,
            50.37455
          ],
          [
            -127.95889,
            50.37981
          ],
          [
            -127.96276,
            50.38377
          ],
          [
            -127.97103,
            50.38534
          ],
          [
            -127.97099,
            50.38837
          ],
          [
            -127.96744,
            50.39014
          ],
          [
            -127.96458,
            50.38747
          ],
          [
            -127.96034,
            50.38843
          ],
          [
            -127.9584,
            50.39582
          ],
          [
            -127.95595,
            50.39718
          ],
          [
            -127.95868,
            50.40111
          ],
          [
            -127.95608,
            50.40083
          ],
          [
            -127.95384,
            50.39839
          ],
          [
            -127.94969,
            50.3984
          ],
          [
            -127.94706,
            50.40047
          ],
          [
            -127.95145,
            50.40891
          ],
          [
            -127.95023,
            50.41057
          ],
          [
            -127.94449,
            50.41165
          ],
          [
            -127.9433,
            50.41621
          ],
          [
            -127.93771,
            50.41632
          ],
          [
            -127.92953,
            50.41956
          ],
          [
            -127.92969,
            50.42426
          ],
          [
            -127.9223,
            50.42448
          ],
          [
            -127.92242,
            50.4264
          ],
          [
            -127.91941,
            50.42641
          ],
          [
            -127.92143,
            50.43039
          ],
          [
            -127.92805,
            50.4299
          ],
          [
            -127.93198,
            50.43237
          ],
          [
            -127.93124,
            50.43363
          ],
          [
            -127.93276,
            50.43476
          ],
          [
            -127.93578,
            50.43392
          ],
          [
            -127.93585,
            50.43543
          ],
          [
            -127.93994,
            50.43713
          ],
          [
            -127.93914,
            50.44521
          ],
          [
            -127.93662,
            50.44921
          ],
          [
            -127.93712,
            50.453
          ],
          [
            -127.93403,
            50.45914
          ],
          [
            -127.93749,
            50.46285
          ],
          [
            -127.93685,
            50.46432
          ],
          [
            -127.93268,
            50.46544
          ],
          [
            -127.92202,
            50.46388
          ],
          [
            -127.92199,
            50.46516
          ],
          [
            -127.91588,
            50.46627
          ],
          [
            -127.9122,
            50.46353
          ],
          [
            -127.90766,
            50.46281
          ],
          [
            -127.90716,
            50.46016
          ],
          [
            -127.89613,
            50.45806
          ],
          [
            -127.89089,
            50.45404
          ],
          [
            -127.8857,
            50.45666
          ],
          [
            -127.88344,
            50.45626
          ],
          [
            -127.88343,
            50.45909
          ],
          [
            -127.87996,
            50.45909
          ],
          [
            -127.88071,
            50.45737
          ],
          [
            -127.87886,
            50.45677
          ],
          [
            -127.8763,
            50.45931
          ],
          [
            -127.87571,
            50.4563
          ],
          [
            -127.87169,
            50.45938
          ],
          [
            -127.86726,
            50.45956
          ],
          [
            -127.86551,
            50.45792
          ],
          [
            -127.8605,
            50.45921
          ],
          [
            -127.85467,
            50.46472
          ],
          [
            -127.85537,
            50.46766
          ],
          [
            -127.84301,
            50.4705
          ],
          [
            -127.80885,
            50.4567
          ],
          [
            -127.80136,
            50.45883
          ],
          [
            -127.80076,
            50.46302
          ],
          [
            -127.79513,
            50.46358
          ],
          [
            -127.79012,
            50.46835
          ],
          [
            -127.78913,
            50.47036
          ],
          [
            -127.79018,
            50.47177
          ],
          [
            -127.78517,
            50.47229
          ],
          [
            -127.78355,
            50.47359
          ],
          [
            -127.7843,
            50.47579
          ],
          [
            -127.78141,
            50.47578
          ],
          [
            -127.7794,
            50.47863
          ],
          [
            -127.77381,
            50.48025
          ],
          [
            -127.77344,
            50.48211
          ],
          [
            -127.77079,
            50.48285
          ],
          [
            -127.75428,
            50.47625
          ],
          [
            -127.74452,
            50.4825
          ],
          [
            -127.73205,
            50.4785
          ],
          [
            -127.72676,
            50.48126
          ],
          [
            -127.72237,
            50.48159
          ],
          [
            -127.71871,
            50.48435
          ],
          [
            -127.71326,
            50.48272
          ],
          [
            -127.71409,
            50.48523
          ],
          [
            -127.71298,
            50.48576
          ],
          [
            -127.70545,
            50.48524
          ],
          [
            -127.70083,
            50.48814
          ],
          [
            -127.69644,
            50.48756
          ],
          [
            -127.68524,
            50.49064
          ],
          [
            -127.67684,
            50.48773
          ],
          [
            -127.6735358,
            50.4878996
          ],
          [
            -127.67339,
            50.48766
          ],
          [
            -127.67296,
            50.4878
          ],
          [
            -127.6732172,
            50.4879159
          ],
          [
            -127.67002,
            50.48808
          ],
          [
            -127.66675,
            50.48437
          ],
          [
            -127.66366,
            50.48368
          ],
          [
            -127.6625775,
            50.4840518
          ],
          [
            -127.66218,
            50.4841
          ],
          [
            -127.6622939,
            50.4841492
          ],
          [
            -127.65315,
            50.48729
          ],
          [
            -127.62749,
            50.48061
          ],
          [
            -127.6236,
            50.48102
          ],
          [
            -127.62119,
            50.48342
          ],
          [
            -127.61344,
            50.48218
          ],
          [
            -127.6143207,
            50.4826453
          ],
          [
            -127.61387,
            50.48289
          ],
          [
            -127.6145859,
            50.4827854
          ],
          [
            -127.62633,
            50.48899
          ],
          [
            -127.62638,
            50.49176
          ],
          [
            -127.6282,
            50.49304
          ],
          [
            -127.62622,
            50.49469
          ],
          [
            -127.61227,
            50.48866
          ],
          [
            -127.61007,
            50.48287
          ],
          [
            -127.60708,
            50.4829
          ],
          [
            -127.60626,
            50.48613
          ],
          [
            -127.60359,
            50.48656
          ],
          [
            -127.60337,
            50.48874
          ],
          [
            -127.59852,
            50.48607
          ],
          [
            -127.59531,
            50.48859
          ],
          [
            -127.59406,
            50.48673
          ],
          [
            -127.5924,
            50.4874
          ],
          [
            -127.59096,
            50.48468
          ],
          [
            -127.58131,
            50.48041
          ],
          [
            -127.5803,
            50.48195
          ],
          [
            -127.58486,
            50.4859
          ],
          [
            -127.59016,
            50.48659
          ],
          [
            -127.58715,
            50.48769
          ],
          [
            -127.58735,
            50.49053
          ],
          [
            -127.58562,
            50.49071
          ],
          [
            -127.57461,
            50.48462
          ],
          [
            -127.57044,
            50.47961
          ],
          [
            -127.56875,
            50.48007
          ],
          [
            -127.56641,
            50.47774
          ],
          [
            -127.56556,
            50.4737
          ],
          [
            -127.55847,
            50.46861
          ],
          [
            -127.55697,
            50.46462
          ],
          [
            -127.55054,
            50.46144
          ],
          [
            -127.54957,
            50.45757
          ],
          [
            -127.54452,
            50.45376
          ],
          [
            -127.5406,
            50.45255
          ],
          [
            -127.53774,
            50.44665
          ],
          [
            -127.53309,
            50.44537
          ],
          [
            -127.53042,
            50.43653
          ],
          [
            -127.52419,
            50.43318
          ],
          [
            -127.52395,
            50.42906
          ],
          [
            -127.51547,
            50.42229
          ],
          [
            -127.51198,
            50.41598
          ],
          [
            -127.50667,
            50.41122
          ],
          [
            -127.50547,
            50.40547
          ],
          [
            -127.49946,
            50.40339
          ],
          [
            -127.49956,
            50.40023
          ],
          [
            -127.49597,
            50.39335
          ],
          [
            -127.4806,
            50.38312
          ],
          [
            -127.47469,
            50.38491
          ],
          [
            -127.4775,
            50.38864
          ],
          [
            -127.47498,
            50.38849
          ],
          [
            -127.46791,
            50.38319
          ],
          [
            -127.46956,
            50.38145
          ],
          [
            -127.46518,
            50.38132
          ],
          [
            -127.46705,
            50.37628
          ],
          [
            -127.46512,
            50.3746
          ],
          [
            -127.46111,
            50.37609
          ],
          [
            -127.45914,
            50.37329
          ],
          [
            -127.4574,
            50.37432
          ],
          [
            -127.45212,
            50.3725
          ],
          [
            -127.44753,
            50.36732
          ],
          [
            -127.44952,
            50.36558
          ],
          [
            -127.45021,
            50.36124
          ],
          [
            -127.44836,
            50.34982
          ],
          [
            -127.44,
            50.34251
          ],
          [
            -127.43491,
            50.34216
          ],
          [
            -127.43342,
            50.34312
          ],
          [
            -127.43397,
            50.34555
          ],
          [
            -127.44161,
            50.35771
          ],
          [
            -127.43742,
            50.36452
          ],
          [
            -127.43921,
            50.36673
          ],
          [
            -127.43728,
            50.36892
          ],
          [
            -127.44227,
            50.37925
          ],
          [
            -127.44624,
            50.38208
          ],
          [
            -127.45259,
            50.38236
          ],
          [
            -127.45676,
            50.38442
          ],
          [
            -127.45715,
            50.3875
          ],
          [
            -127.47559,
            50.398
          ],
          [
            -127.48087,
            50.40499
          ],
          [
            -127.48586,
            50.40798
          ],
          [
            -127.48485,
            50.41036
          ],
          [
            -127.48598,
            50.41146
          ],
          [
            -127.48189,
            50.41901
          ],
          [
            -127.48471,
            50.42359
          ],
          [
            -127.49014,
            50.42696
          ],
          [
            -127.49149,
            50.43259
          ],
          [
            -127.4967,
            50.43746
          ],
          [
            -127.4981,
            50.44141
          ],
          [
            -127.50057,
            50.44214
          ],
          [
            -127.50163,
            50.44559
          ],
          [
            -127.5076,
            50.44822
          ],
          [
            -127.515,
            50.45525
          ],
          [
            -127.52239,
            50.45822
          ],
          [
            -127.52294,
            50.46014
          ],
          [
            -127.51885,
            50.46055
          ],
          [
            -127.53118,
            50.46834
          ],
          [
            -127.53167,
            50.47078
          ],
          [
            -127.53854,
            50.47862
          ],
          [
            -127.55207,
            50.48294
          ],
          [
            -127.55636,
            50.4865
          ],
          [
            -127.56928,
            50.50207
          ],
          [
            -127.57467,
            50.50487
          ],
          [
            -127.57692,
            50.50858
          ],
          [
            -127.57572,
            50.51062
          ],
          [
            -127.58124,
            50.51186
          ],
          [
            -127.57644,
            50.51472
          ],
          [
            -127.57731,
            50.51632
          ],
          [
            -127.58151,
            50.51742
          ],
          [
            -127.58359,
            50.51376
          ],
          [
            -127.57988,
            50.50969
          ],
          [
            -127.58091,
            50.50486
          ],
          [
            -127.58285,
            50.50423
          ],
          [
            -127.58729,
            50.50906
          ],
          [
            -127.59276,
            50.51211
          ],
          [
            -127.59641,
            50.51162
          ],
          [
            -127.60446,
            50.51849
          ],
          [
            -127.60778,
            50.51877
          ],
          [
            -127.60897,
            50.52435
          ],
          [
            -127.60704,
            50.52553
          ],
          [
            -127.60461,
            50.52375
          ],
          [
            -127.60239,
            50.52458
          ],
          [
            -127.59239,
            50.5307
          ],
          [
            -127.58819,
            50.52664
          ],
          [
            -127.58488,
            50.52817
          ],
          [
            -127.58381,
            50.52681
          ],
          [
            -127.57858,
            50.52635
          ],
          [
            -127.58082,
            50.51945
          ],
          [
            -127.57108,
            50.52239
          ],
          [
            -127.57091,
            50.52412
          ],
          [
            -127.57378,
            50.52576
          ],
          [
            -127.56648,
            50.52658
          ],
          [
            -127.562,
            50.52441
          ],
          [
            -127.56468,
            50.5271
          ],
          [
            -127.56351,
            50.53514
          ],
          [
            -127.5612,
            50.53855
          ],
          [
            -127.56266,
            50.54305
          ],
          [
            -127.55962,
            50.54728
          ],
          [
            -127.55465,
            50.54981
          ],
          [
            -127.55585,
            50.55349
          ],
          [
            -127.55084,
            50.5553
          ],
          [
            -127.54678,
            50.55335
          ],
          [
            -127.53163,
            50.55108
          ],
          [
            -127.52877,
            50.54742
          ],
          [
            -127.52679,
            50.54749
          ],
          [
            -127.52681,
            50.54373
          ],
          [
            -127.52236,
            50.54235
          ],
          [
            -127.52258,
            50.5406
          ],
          [
            -127.52407,
            50.54051
          ],
          [
            -127.52299,
            50.53855
          ],
          [
            -127.51271,
            50.5331
          ],
          [
            -127.50977,
            50.53355
          ],
          [
            -127.51797,
            50.53847
          ],
          [
            -127.51386,
            50.54056
          ],
          [
            -127.51465,
            50.54275
          ],
          [
            -127.51263,
            50.54378
          ],
          [
            -127.52472,
            50.54917
          ],
          [
            -127.52851,
            50.55844
          ],
          [
            -127.52958,
            50.559
          ],
          [
            -127.53036,
            50.55661
          ],
          [
            -127.53369,
            50.55638
          ],
          [
            -127.53855,
            50.55879
          ],
          [
            -127.52993,
            50.56134
          ],
          [
            -127.52986,
            50.56765
          ],
          [
            -127.5241,
            50.56832
          ],
          [
            -127.52354,
            50.57102
          ],
          [
            -127.52149,
            50.57169
          ],
          [
            -127.51011,
            50.5738
          ],
          [
            -127.48156,
            50.57691
          ],
          [
            -127.46532,
            50.57614
          ],
          [
            -127.45567,
            50.5788
          ],
          [
            -127.43293,
            50.58087
          ],
          [
            -127.42566,
            50.58286
          ],
          [
            -127.42083,
            50.58156
          ],
          [
            -127.41667,
            50.58662
          ],
          [
            -127.41993,
            50.58807
          ],
          [
            -127.41739,
            50.58936
          ],
          [
            -127.41876,
            50.59093
          ],
          [
            -127.41806,
            50.59321
          ],
          [
            -127.42087,
            50.59338
          ],
          [
            -127.42256,
            50.59475
          ],
          [
            -127.42119,
            50.59604
          ],
          [
            -127.42713,
            50.59917
          ],
          [
            -127.42392,
            50.59949
          ],
          [
            -127.42317,
            50.60277
          ],
          [
            -127.41909,
            50.6038
          ],
          [
            -127.42338,
            50.60546
          ],
          [
            -127.426,
            50.60435
          ],
          [
            -127.42462,
            50.5999
          ],
          [
            -127.4337,
            50.59807
          ],
          [
            -127.42884,
            50.5983
          ],
          [
            -127.42805,
            50.59722
          ],
          [
            -127.42976,
            50.5962
          ],
          [
            -127.43341,
            50.5952
          ],
          [
            -127.43552,
            50.59644
          ],
          [
            -127.44122,
            50.59439
          ],
          [
            -127.44395,
            50.59578
          ],
          [
            -127.44664,
            50.59247
          ],
          [
            -127.46344,
            50.58705
          ],
          [
            -127.4774,
            50.58675
          ],
          [
            -127.48242,
            50.58812
          ],
          [
            -127.48811,
            50.59243
          ],
          [
            -127.50024,
            50.59399
          ],
          [
            -127.50634,
            50.59636
          ],
          [
            -127.50967,
            50.59347
          ],
          [
            -127.51996,
            50.59023
          ],
          [
            -127.52585,
            50.5848
          ],
          [
            -127.5374,
            50.58223
          ],
          [
            -127.53836,
            50.58102
          ],
          [
            -127.53591,
            50.58021
          ],
          [
            -127.53797,
            50.57892
          ],
          [
            -127.53753,
            50.5767
          ],
          [
            -127.53952,
            50.57472
          ],
          [
            -127.55442,
            50.56875
          ],
          [
            -127.55937,
            50.57271
          ],
          [
            -127.56286,
            50.57317
          ],
          [
            -127.57013,
            50.58125
          ],
          [
            -127.57929,
            50.58392
          ],
          [
            -127.57998,
            50.59155
          ],
          [
            -127.56795,
            50.59406
          ],
          [
            -127.57287,
            50.59899
          ],
          [
            -127.57163,
            50.60218
          ],
          [
            -127.57856,
            50.60089
          ],
          [
            -127.57874,
            50.59944
          ],
          [
            -127.58305,
            50.59823
          ],
          [
            -127.58536,
            50.59581
          ],
          [
            -127.5997,
            50.59338
          ],
          [
            -127.6259,
            50.59553
          ],
          [
            -127.62932,
            50.59765
          ],
          [
            -127.65228,
            50.59998
          ],
          [
            -127.65289,
            50.60089
          ],
          [
            -127.64867,
            50.60075
          ],
          [
            -127.64928,
            50.60289
          ],
          [
            -127.65202,
            50.60383
          ],
          [
            -127.65011,
            50.60497
          ],
          [
            -127.65241,
            50.60756
          ],
          [
            -127.68247,
            50.60548
          ],
          [
            -127.70048,
            50.61022
          ],
          [
            -127.70698,
            50.60363
          ],
          [
            -127.71468,
            50.6033
          ],
          [
            -127.7213,
            50.60705
          ],
          [
            -127.74817,
            50.60511
          ],
          [
            -127.75256,
            50.60199
          ],
          [
            -127.75559,
            50.60272
          ],
          [
            -127.75717,
            50.60602
          ],
          [
            -127.76055,
            50.60777
          ],
          [
            -127.76551,
            50.60654
          ],
          [
            -127.78471,
            50.60785
          ],
          [
            -127.79127,
            50.60497
          ],
          [
            -127.79522,
            50.60692
          ],
          [
            -127.80872,
            50.60841
          ],
          [
            -127.8143,
            50.61148
          ],
          [
            -127.82466,
            50.61221
          ],
          [
            -127.83918,
            50.61777
          ],
          [
            -127.84859,
            50.61736
          ],
          [
            -127.87544,
            50.62291
          ],
          [
            -127.88093,
            50.6222
          ],
          [
            -127.89518,
            50.62763
          ],
          [
            -127.89662,
            50.63313
          ],
          [
            -127.90092,
            50.63598
          ],
          [
            -127.90666,
            50.635
          ],
          [
            -127.91391,
            50.63703
          ],
          [
            -127.92721,
            50.63705
          ],
          [
            -127.93017,
            50.63913
          ],
          [
            -127.93663,
            50.6401
          ],
          [
            -127.94216,
            50.63959
          ],
          [
            -127.94925,
            50.64244
          ],
          [
            -127.94939,
            50.64403
          ],
          [
            -127.95173,
            50.64442
          ],
          [
            -127.95373,
            50.64281
          ],
          [
            -127.9557,
            50.64533
          ],
          [
            -127.95954,
            50.6462
          ],
          [
            -127.96423,
            50.64581
          ],
          [
            -127.95836,
            50.64321
          ],
          [
            -127.96717,
            50.64317
          ],
          [
            -127.97187,
            50.64556
          ],
          [
            -127.99953,
            50.65012
          ],
          [
            -128.00863,
            50.65375
          ],
          [
            -128.00775,
            50.65183
          ],
          [
            -128.0119169,
            50.6468655
          ],
          [
            -128.00424,
            50.64608
          ],
          [
            -128.00077,
            50.64295
          ],
          [
            -127.98648,
            50.63794
          ],
          [
            -127.96629,
            50.6345
          ],
          [
            -127.96182,
            50.63133
          ],
          [
            -127.95876,
            50.63211
          ],
          [
            -127.95976,
            50.63028
          ],
          [
            -127.94909,
            50.63127
          ],
          [
            -127.94747,
            50.63357
          ],
          [
            -127.93118,
            50.62867
          ],
          [
            -127.92955,
            50.62993
          ],
          [
            -127.92242,
            50.62942
          ],
          [
            -127.90053,
            50.62373
          ],
          [
            -127.89392,
            50.62022
          ],
          [
            -127.88767,
            50.62038
          ],
          [
            -127.87963,
            50.61593
          ],
          [
            -127.87249,
            50.61852
          ],
          [
            -127.86999,
            50.61539
          ],
          [
            -127.87212,
            50.61277
          ],
          [
            -127.86814,
            50.61384
          ],
          [
            -127.86619,
            50.61255
          ],
          [
            -127.86228,
            50.61456
          ],
          [
            -127.85698,
            50.61301
          ],
          [
            -127.85207,
            50.61352
          ],
          [
            -127.83969,
            50.61086
          ],
          [
            -127.82396,
            50.60403
          ],
          [
            -127.81829,
            50.6047
          ],
          [
            -127.79377,
            50.59801
          ],
          [
            -127.77014,
            50.59634
          ],
          [
            -127.7601,
            50.59371
          ],
          [
            -127.7607,
            50.59111
          ],
          [
            -127.76705,
            50.58661
          ],
          [
            -127.75602,
            50.58495
          ],
          [
            -127.74632,
            50.58832
          ],
          [
            -127.70589,
            50.58387
          ],
          [
            -127.70177,
            50.58594
          ],
          [
            -127.69747,
            50.58363
          ],
          [
            -127.68689,
            50.58273
          ],
          [
            -127.67021,
            50.58404
          ],
          [
            -127.64782,
            50.58155
          ],
          [
            -127.6386,
            50.57896
          ],
          [
            -127.61566,
            50.58055
          ],
          [
            -127.60808,
            50.57603
          ],
          [
            -127.59661,
            50.57426
          ],
          [
            -127.5965,
            50.57232
          ],
          [
            -127.57637,
            50.56402
          ],
          [
            -127.56883,
            50.55885
          ],
          [
            -127.56243,
            50.55922
          ],
          [
            -127.55917,
            50.55426
          ],
          [
            -127.56046,
            50.55154
          ],
          [
            -127.56674,
            50.54676
          ],
          [
            -127.56776,
            50.53843
          ],
          [
            -127.57001,
            50.53441
          ],
          [
            -127.57413,
            50.53566
          ],
          [
            -127.57755,
            50.53453
          ],
          [
            -127.58419,
            50.53813
          ],
          [
            -127.58892,
            50.53804
          ],
          [
            -127.58783,
            50.53963
          ],
          [
            -127.59284,
            50.54102
          ],
          [
            -127.59043,
            50.54339
          ],
          [
            -127.59478,
            50.54759
          ],
          [
            -127.59365,
            50.54981
          ],
          [
            -127.60175,
            50.55204
          ],
          [
            -127.60413,
            50.54918
          ],
          [
            -127.59759,
            50.54354
          ],
          [
            -127.60396,
            50.53761
          ],
          [
            -127.60887,
            50.53671
          ],
          [
            -127.60852,
            50.53477
          ],
          [
            -127.61087,
            50.5337
          ],
          [
            -127.61478,
            50.53277
          ],
          [
            -127.6185,
            50.53615
          ],
          [
            -127.62047,
            50.53472
          ],
          [
            -127.62637,
            50.53866
          ],
          [
            -127.62656,
            50.53571
          ],
          [
            -127.6307762,
            50.5354418
          ],
          [
            -127.63091,
            50.53552
          ],
          [
            -127.6308731,
            50.5354356
          ],
          [
            -127.63552,
            50.53514
          ],
          [
            -127.63871,
            50.53716
          ],
          [
            -127.64139,
            50.53606
          ],
          [
            -127.64447,
            50.53712
          ],
          [
            -127.6536,
            50.53293
          ],
          [
            -127.6629,
            50.53314
          ],
          [
            -127.67738,
            50.5259
          ],
          [
            -127.69896,
            50.5205
          ],
          [
            -127.70657,
            50.51671
          ],
          [
            -127.72886,
            50.51193
          ],
          [
            -127.73714,
            50.51264
          ],
          [
            -127.74356,
            50.50896
          ],
          [
            -127.7627,
            50.50347
          ],
          [
            -127.76912,
            50.5001
          ],
          [
            -127.78372,
            50.4983
          ],
          [
            -127.7899,
            50.49543
          ],
          [
            -127.79927,
            50.49404
          ],
          [
            -127.79442,
            50.49066
          ],
          [
            -127.79477,
            50.48911
          ],
          [
            -127.80166,
            50.48435
          ],
          [
            -127.81734,
            50.48291
          ],
          [
            -127.81905,
            50.48442
          ],
          [
            -127.82507,
            50.4838
          ],
          [
            -127.82554,
            50.4857
          ],
          [
            -127.83906,
            50.48761
          ],
          [
            -127.84144,
            50.49004
          ],
          [
            -127.84504,
            50.49062
          ],
          [
            -127.84092,
            50.49169
          ],
          [
            -127.84267,
            50.49203
          ],
          [
            -127.84167,
            50.49356
          ],
          [
            -127.84276,
            50.49593
          ],
          [
            -127.83672,
            50.49673
          ],
          [
            -127.83782,
            50.4983
          ],
          [
            -127.83656,
            50.49953
          ],
          [
            -127.84371,
            50.50296
          ],
          [
            -127.82645,
            50.49845
          ],
          [
            -127.82483,
            50.49872
          ],
          [
            -127.8248,
            50.50134
          ],
          [
            -127.82725,
            50.50046
          ],
          [
            -127.83308,
            50.50405
          ],
          [
            -127.83694,
            50.50363
          ],
          [
            -127.84184,
            50.50564
          ],
          [
            -127.83031,
            50.50493
          ],
          [
            -127.83776,
            50.50813
          ],
          [
            -127.84495,
            50.50565
          ],
          [
            -127.84509,
            50.50733
          ],
          [
            -127.84901,
            50.50845
          ],
          [
            -127.86029,
            50.50667
          ],
          [
            -127.86199,
            50.50765
          ],
          [
            -127.86105,
            50.50335
          ],
          [
            -127.86537,
            50.50275
          ],
          [
            -127.86761,
            50.50626
          ],
          [
            -127.87138,
            50.50011
          ],
          [
            -127.87806,
            50.50382
          ],
          [
            -127.87569,
            50.49803
          ],
          [
            -127.87633,
            50.49519
          ],
          [
            -127.87344,
            50.49236
          ],
          [
            -127.87413,
            50.48925
          ],
          [
            -127.87796,
            50.48609
          ],
          [
            -127.88117,
            50.48614
          ],
          [
            -127.88044,
            50.4847
          ],
          [
            -127.88271,
            50.48464
          ],
          [
            -127.8844,
            50.48259
          ],
          [
            -127.88948,
            50.48174
          ],
          [
            -127.89116,
            50.48287
          ],
          [
            -127.8911,
            50.47984
          ],
          [
            -127.89679,
            50.47869
          ],
          [
            -127.90165,
            50.48156
          ],
          [
            -127.9058,
            50.47888
          ],
          [
            -127.90674,
            50.48213
          ],
          [
            -127.91169,
            50.48078
          ],
          [
            -127.91179,
            50.48254
          ],
          [
            -127.91527,
            50.48437
          ],
          [
            -127.91751,
            50.48417
          ],
          [
            -127.91881,
            50.486
          ],
          [
            -127.92232,
            50.4852
          ],
          [
            -127.92225,
            50.48672
          ],
          [
            -127.92867,
            50.4893
          ],
          [
            -127.93128,
            50.48777
          ],
          [
            -127.92642,
            50.48375
          ],
          [
            -127.93104,
            50.48261
          ],
          [
            -127.93724,
            50.47847
          ],
          [
            -127.94073,
            50.47915
          ],
          [
            -127.94354,
            50.47746
          ],
          [
            -127.94315,
            50.48065
          ],
          [
            -127.94455,
            50.48175
          ],
          [
            -127.95098,
            50.4795
          ],
          [
            -127.95413,
            50.48045
          ],
          [
            -127.96019,
            50.47718
          ],
          [
            -127.96214,
            50.4741
          ],
          [
            -127.96549,
            50.47413
          ],
          [
            -127.965,
            50.47213
          ],
          [
            -127.96709,
            50.47257
          ],
          [
            -127.9675,
            50.46966
          ],
          [
            -127.96985,
            50.47211
          ],
          [
            -127.9802,
            50.4697
          ],
          [
            -127.9818707,
            50.4703511
          ],
          [
            -127.98186,
            50.47046
          ],
          [
            -127.9820058,
            50.4704037
          ],
          [
            -127.98582,
            50.47189
          ],
          [
            -127.99014,
            50.46997
          ],
          [
            -127.9916,
            50.4669
          ],
          [
            -127.99532,
            50.46913
          ],
          [
            -128.00971,
            50.4698
          ],
          [
            -128.01402,
            50.4777
          ],
          [
            -128.01282,
            50.48274
          ],
          [
            -128.01714,
            50.48454
          ],
          [
            -128.01729,
            50.48664
          ],
          [
            -128.02073,
            50.4888
          ],
          [
            -128.02015,
            50.49018
          ],
          [
            -128.02351,
            50.4907
          ],
          [
            -128.02768,
            50.49832
          ],
          [
            -128.03181,
            50.50035
          ],
          [
            -128.0295,
            50.50383
          ],
          [
            -128.01907,
            50.51003
          ],
          [
            -128.01888,
            50.51288
          ],
          [
            -128.01691,
            50.51248
          ],
          [
            -128.00903,
            50.51742
          ],
          [
            -128.00757,
            50.52188
          ],
          [
            -128.0105,
            50.5255
          ],
          [
            -128.00957,
            50.52771
          ],
          [
            -127.99281,
            50.52968
          ],
          [
            -127.98616,
            50.53187
          ],
          [
            -127.98656,
            50.53402
          ],
          [
            -127.97823,
            50.53509
          ],
          [
            -127.96397,
            50.54185
          ],
          [
            -127.9545,
            50.54099
          ],
          [
            -127.94859,
            50.54242
          ],
          [
            -127.94572,
            50.54111
          ],
          [
            -127.94514,
            50.5438
          ],
          [
            -127.94203,
            50.54399
          ],
          [
            -127.93201,
            50.53713
          ],
          [
            -127.92518,
            50.53715
          ],
          [
            -127.91319,
            50.5257
          ],
          [
            -127.90473,
            50.52081
          ],
          [
            -127.89608,
            50.51893
          ],
          [
            -127.89516,
            50.51992
          ],
          [
            -127.90352,
            50.52681
          ],
          [
            -127.9341,
            50.54406
          ],
          [
            -127.94794,
            50.54661
          ],
          [
            -127.95399,
            50.54508
          ],
          [
            -127.95125,
            50.54267
          ],
          [
            -127.96824,
            50.54268
          ],
          [
            -127.97212,
            50.54185
          ],
          [
            -127.97181,
            50.54027
          ],
          [
            -127.97733,
            50.54451
          ],
          [
            -127.9865,
            50.5409
          ],
          [
            -127.99125,
            50.54382
          ],
          [
            -127.99352,
            50.54062
          ],
          [
            -127.99932,
            50.53982
          ],
          [
            -128.00037,
            50.53841
          ],
          [
            -128.01332,
            50.53797
          ],
          [
            -128.01289,
            50.53558
          ],
          [
            -128.01545,
            50.53425
          ],
          [
            -128.01376,
            50.53306
          ],
          [
            -128.01607,
            50.53165
          ],
          [
            -128.02324,
            50.53153
          ],
          [
            -128.02203,
            50.5293
          ],
          [
            -128.01586,
            50.52628
          ],
          [
            -128.01941,
            50.52672
          ],
          [
            -128.02681,
            50.523
          ],
          [
            -128.02765,
            50.52012
          ],
          [
            -128.0304,
            50.51849
          ],
          [
            -128.03055,
            50.51288
          ],
          [
            -128.02619,
            50.50972
          ],
          [
            -128.03585,
            50.50797
          ],
          [
            -128.03642,
            50.50619
          ],
          [
            -128.04077,
            50.50447
          ],
          [
            -128.04093,
            50.49631
          ],
          [
            -128.04357,
            50.49322
          ],
          [
            -128.05216,
            50.48895
          ],
          [
            -128.06873,
            50.49442
          ],
          [
            -128.08079,
            50.50361
          ],
          [
            -128.08431,
            50.50842
          ],
          [
            -128.09031,
            50.50897
          ],
          [
            -128.09106,
            50.50589
          ],
          [
            -128.0951,
            50.50461
          ],
          [
            -128.09186,
            50.50136
          ],
          [
            -128.09321,
            50.49209
          ],
          [
            -128.08753,
            50.49071
          ],
          [
            -128.08776,
            50.48872
          ],
          [
            -128.08382,
            50.48913
          ],
          [
            -128.0863,
            50.49517
          ],
          [
            -128.08384,
            50.50047
          ],
          [
            -128.08582,
            50.50291
          ],
          [
            -128.08318,
            50.50337
          ],
          [
            -128.07623,
            50.49769
          ],
          [
            -128.07616,
            50.4959
          ],
          [
            -128.07096,
            50.49456
          ],
          [
            -128.05778,
            50.48363
          ],
          [
            -128.04815,
            50.47827
          ],
          [
            -128.04472,
            50.4748
          ],
          [
            -128.0444,
            50.4712
          ],
          [
            -128.03663,
            50.468
          ],
          [
            -128.0296,
            50.46249
          ],
          [
            -128.02943,
            50.4598
          ],
          [
            -128.03184,
            50.45631
          ],
          [
            -128.03757,
            50.45299
          ],
          [
            -128.03823,
            50.44728
          ],
          [
            -128.04263,
            50.44419
          ],
          [
            -128.04713,
            50.44351
          ],
          [
            -128.04893,
            50.44638
          ],
          [
            -128.05051,
            50.44542
          ],
          [
            -128.05027,
            50.45033
          ],
          [
            -128.0563717,
            50.4515518
          ],
          [
            -128.0564,
            50.45164
          ],
          [
            -128.0564312,
            50.4515637
          ],
          [
            -128.05866,
            50.45201
          ],
          [
            -128.05855,
            50.45842
          ],
          [
            -128.06219,
            50.45883
          ],
          [
            -128.0622,
            50.46183
          ],
          [
            -128.06405,
            50.46174
          ],
          [
            -128.06221,
            50.4665
          ],
          [
            -128.0699,
            50.46597
          ],
          [
            -128.07358,
            50.46658
          ],
          [
            -128.07366,
            50.46819
          ],
          [
            -128.07659,
            50.46765
          ],
          [
            -128.07712,
            50.47104
          ],
          [
            -128.07936,
            50.47133
          ],
          [
            -128.07837,
            50.4731
          ],
          [
            -128.08033,
            50.47407
          ],
          [
            -128.07886,
            50.47503
          ],
          [
            -128.08166,
            50.47923
          ],
          [
            -128.08297,
            50.47852
          ],
          [
            -128.08278,
            50.47976
          ],
          [
            -128.08612,
            50.48102
          ],
          [
            -128.08662,
            50.47929
          ],
          [
            -128.08874,
            50.47894
          ],
          [
            -128.09221,
            50.48113
          ],
          [
            -128.09858,
            50.47997
          ],
          [
            -128.10057,
            50.47783
          ],
          [
            -128.09876,
            50.47602
          ],
          [
            -128.09942,
            50.4714
          ],
          [
            -128.10211,
            50.47047
          ],
          [
            -128.10925,
            50.47204
          ],
          [
            -128.11044,
            50.47315
          ],
          [
            -128.10943,
            50.47432
          ],
          [
            -128.11347,
            50.47834
          ],
          [
            -128.11299,
            50.4816
          ],
          [
            -128.11913,
            50.48245
          ],
          [
            -128.1194,
            50.48691
          ],
          [
            -128.12176,
            50.48807
          ],
          [
            -128.12147,
            50.48999
          ],
          [
            -128.12911,
            50.49325
          ],
          [
            -128.12871,
            50.49456
          ],
          [
            -128.13246,
            50.49664
          ],
          [
            -128.13396,
            50.49947
          ],
          [
            -128.1366234,
            50.4997998
          ],
          [
            -128.13654,
            50.50005
          ],
          [
            -128.1369624,
            50.4998418
          ],
          [
            -128.13824,
            50.5
          ],
          [
            -128.13729,
            50.50317
          ],
          [
            -128.13875,
            50.50301
          ],
          [
            -128.14047,
            50.50561
          ],
          [
            -128.14272,
            50.50442
          ],
          [
            -128.1443232,
            50.5057165
          ],
          [
            -128.14408,
            50.50583
          ],
          [
            -128.14425,
            50.50606
          ],
          [
            -128.1443602,
            50.5057464
          ],
          [
            -128.14617,
            50.50721
          ],
          [
            -128.15689,
            50.50581
          ],
          [
            -128.15994,
            50.50823
          ],
          [
            -128.16319,
            50.50746
          ],
          [
            -128.16279,
            50.51019
          ],
          [
            -128.16143,
            50.51042
          ],
          [
            -128.16513,
            50.51341
          ],
          [
            -128.17344,
            50.51583
          ],
          [
            -128.17669,
            50.5232
          ],
          [
            -128.18499,
            50.52502
          ],
          [
            -128.18879,
            50.52434
          ],
          [
            -128.20676,
            50.52893
          ],
          [
            -128.2131,
            50.53554
          ],
          [
            -128.21885,
            50.53718
          ],
          [
            -128.21934,
            50.54043
          ],
          [
            -128.21788,
            50.5422
          ],
          [
            -128.21321,
            50.54209
          ],
          [
            -128.20976,
            50.5445
          ],
          [
            -128.20929,
            50.54781
          ],
          [
            -128.21186,
            50.54875
          ],
          [
            -128.21042,
            50.55029
          ],
          [
            -128.21476,
            50.5486
          ],
          [
            -128.21504,
            50.55113
          ],
          [
            -128.2197,
            50.557
          ],
          [
            -128.22193,
            50.55637
          ],
          [
            -128.22659,
            50.56011
          ],
          [
            -128.23376,
            50.56229
          ],
          [
            -128.23622,
            50.5663
          ],
          [
            -128.24024,
            50.56689
          ],
          [
            -128.24142,
            50.56945
          ],
          [
            -128.24694,
            50.57235
          ],
          [
            -128.23942,
            50.5726
          ],
          [
            -128.23609,
            50.58145
          ],
          [
            -128.23193,
            50.58076
          ],
          [
            -128.22568,
            50.584
          ],
          [
            -128.22861,
            50.59036
          ],
          [
            -128.22564,
            50.59182
          ],
          [
            -128.22005,
            50.59124
          ],
          [
            -128.21857,
            50.58595
          ],
          [
            -128.21272,
            50.58324
          ],
          [
            -128.20953,
            50.5862
          ],
          [
            -128.20528,
            50.58327
          ],
          [
            -128.20492,
            50.58686
          ],
          [
            -128.19757,
            50.5848
          ],
          [
            -128.197965,
            50.5854075
          ],
          [
            -128.19776,
            50.58509
          ]
        ],
        [
          [
            -128.19915,
            50.58723
          ],
          [
            -128.197965,
            50.5854075
          ],
          [
            -128.1991463,
            50.587237
          ],
          [
            -128.19915,
            50.58723
          ]
        ],
        [
          [
            -125.11582,
            49.87137
          ],
          [
            -125.11864,
            49.87079
          ],
          [
            -125.1158059,
            49.8712645
          ],
          [
            -125.11582,
            49.87137
          ]
        ],
        [
          [
            -123.66941,
            48.88572
          ],
          [
            -123.6709894,
            48.8852486
          ],
          [
            -123.6686423,
            48.885594
          ],
          [
            -123.66941,
            48.88572
          ]
        ],
        [
          [
            -123.67363,
            48.88486
          ],
          [
            -123.6736799,
            48.8844455
          ],
          [
            -123.6709894,
            48.8852486
          ],
          [
            -123.67363,
            48.88486
          ]
        ],
        [
          [
            -123.674,
            48.88435
          ],
          [
            -123.6738173,
            48.8833058
          ],
          [
            -123.6736799,
            48.8844455
          ],
          [
            -123.674,
            48.88435
          ]
        ],
        [
          [
            -123.67393,
            48.88237
          ],
          [
            -123.67217,
            48.88198
          ],
          [
            -123.67386,
            48.88089
          ],
          [
            -123.67183,
            48.88193
          ],
          [
            -123.67365,
            48.88235
          ],
          [
            -123.6738173,
            48.8833058
          ],
          [
            -123.67393,
            48.88237
          ]
        ],
        [
          [
            -123.63275,
            48.76788
          ],
          [
            -123.63553,
            48.7709
          ],
          [
            -123.6326844,
            48.7674358
          ],
          [
            -123.63275,
            48.76788
          ]
        ],
        [
          [
            -123.64524,
            48.75969
          ],
          [
            -123.63728,
            48.76008
          ],
          [
            -123.6369675,
            48.7602239
          ],
          [
            -123.64524,
            48.75969
          ]
        ],
        [
          [
            -123.64987,
            48.75532
          ],
          [
            -123.64396,
            48.75108
          ],
          [
            -123.6436188,
            48.7511805
          ],
          [
            -123.64987,
            48.75532
          ]
        ],
        [
          [
            -123.4142383,
            48.4503258
          ],
          [
            -123.4135,
            48.44997
          ],
          [
            -123.4125488,
            48.449835
          ],
          [
            -123.4142383,
            48.4503258
          ]
        ],
        [
          [
            -123.41958,
            48.4529
          ],
          [
            -123.42276,
            48.45242
          ],
          [
            -123.42328,
            48.45433
          ],
          [
            -123.42012,
            48.45856
          ],
          [
            -123.41829,
            48.45799
          ],
          [
            -123.4179,
            48.45585
          ],
          [
            -123.41129,
            48.45949
          ],
          [
            -123.4173,
            48.46354
          ],
          [
            -123.42504,
            48.46353
          ],
          [
            -123.4281,
            48.46172
          ],
          [
            -123.4272,
            48.458
          ],
          [
            -123.43088,
            48.46019
          ],
          [
            -123.42883,
            48.45764
          ],
          [
            -123.42944,
            48.45587
          ],
          [
            -123.43284,
            48.45637
          ],
          [
            -123.43033,
            48.45526
          ],
          [
            -123.4297,
            48.45315
          ],
          [
            -123.42479,
            48.45754
          ],
          [
            -123.4234,
            48.46097
          ],
          [
            -123.42199,
            48.46084
          ],
          [
            -123.42358,
            48.45911
          ],
          [
            -123.4228,
            48.45784
          ],
          [
            -123.42625,
            48.45474
          ],
          [
            -123.42291,
            48.45122
          ],
          [
            -123.4189,
            48.45168
          ],
          [
            -123.4142383,
            48.4503258
          ],
          [
            -123.41958,
            48.4529
          ]
        ],
        [
          [
            -124.65369,
            48.58992
          ],
          [
            -124.6540235,
            48.5900899
          ],
          [
            -124.6536626,
            48.5896786
          ],
          [
            -124.65369,
            48.58992
          ]
        ],
        [
          [
            -124.65584,
            48.59216
          ],
          [
            -124.66005,
            48.59316
          ],
          [
            -124.6540235,
            48.5900899
          ],
          [
            -124.65584,
            48.59216
          ]
        ],
        [
          [
            -124.81029,
            48.66311
          ],
          [
            -124.8078993,
            48.6641151
          ],
          [
            -124.8114671,
            48.6631207
          ],
          [
            -124.81029,
            48.66311
          ]
        ],
        [
          [
            -124.8050588,
            48.6649067
          ],
          [
            -124.80539,
            48.66517
          ],
          [
            -124.8078993,
            48.6641151
          ],
          [
            -124.8050588,
            48.6649067
          ]
        ],
        [
          [
            -124.8032611,
            48.6634778
          ],
          [
            -124.80476,
            48.66499
          ],
          [
            -124.8050588,
            48.6649067
          ],
          [
            -124.8032611,
            48.6634778
          ]
        ],
        [
          [
            -124.80138,
            48.66158
          ],
          [
            -124.79717,
            48.66374
          ],
          [
            -124.8011,
            48.66176
          ],
          [
            -124.8032611,
            48.6634778
          ],
          [
            -124.80138,
            48.66158
          ]
        ],
        [
          [
            -124.82736,
            49.11136
          ],
          [
            -124.83175,
            49.11032
          ],
          [
            -124.8269791,
            49.111059
          ],
          [
            -124.82736,
            49.11136
          ]
        ],
        [
          [
            -126.64596,
            49.91361
          ],
          [
            -126.64846,
            49.9137
          ],
          [
            -126.6485538,
            49.9135503
          ],
          [
            -126.64596,
            49.91361
          ]
        ],
        [
          [
            -127.71071,
            50.13226
          ],
          [
            -127.71533,
            50.13355
          ],
          [
            -127.7107418,
            50.1322032
          ],
          [
            -127.71071,
            50.13226
          ]
        ],
        [
          [
            -128.0119827,
            50.6468723
          ],
          [
            -128.01193,
            50.64685
          ],
          [
            -128.0119169,
            50.6468655
          ],
          [
            -128.0119827,
            50.6468723
          ]
        ],
        [
          [
            -128.01839,
            50.64958
          ],
          [
            -128.01499,
            50.64718
          ],
          [
            -128.0119827,
            50.6468723
          ],
          [
            -128.01839,
            50.64958
          ]
        ],
        [
          [
            -128.1983021,
            50.5888277
          ],
          [
            -128.1994,
            50.58763
          ],
          [
            -128.1991463,
            50.587237
          ],
          [
            -128.1983021,
            50.5888277
          ]
        ],
        [
          [
            -128.1977182,
            50.5894647
          ],
          [
            -128.19794,
            50.58951
          ],
          [
            -128.1983021,
            50.5888277
          ],
          [
            -128.1977182,
            50.5894647
          ]
        ],
        [
          [
            -128.19162,
            50.58822
          ],
          [
            -128.19742,
            50.58979
          ],
          [
            -128.1977182,
            50.5894647
          ],
          [
            -128.19162,
            50.58822
          ]
        ],
        [
          [
            -127.84786,
            50.27353
          ],
          [
            -127.8469,
            50.27376
          ],
          [
            -127.84765,
            50.27375
          ],
          [
            -127.84786,
            50.27353
          ]
        ],
        [
          [
            -127.84706,
            50.27324
          ],
          [
            -127.84646,
            50.27335
          ],
          [
            -127.84666,
            50.27351
          ],
          [
            -127.84706,
            50.27324
          ]
        ],
        [
          [
            -127.69708,
            50.13095
          ],
          [
            -127.69679,
            50.1309
          ],
          [
            -127.69676,
            50.13103
          ],
          [
            -127.69708,
            50.13095
          ]
        ],
        [
          [
            -127.56852,
            50.78498
          ],
          [
            -127.56842,
            50.78508
          ],
          [
            -127.56879,
            50.78504
          ],
          [
            -127.56852,
            50.78498
          ]
        ],
        [
          [
            -127.53019,
            50.13436
          ],
          [
            -127.52982,
            50.13425
          ],
          [
            -127.52992,
            50.13447
          ],
          [
            -127.53019,
            50.13436
          ]
        ],
        [
          [
            -127.46657,
            50.07987
          ],
          [
            -127.46647,
            50.07995
          ],
          [
            -127.46694,
            50.08006
          ],
          [
            -127.46657,
            50.07987
          ]
        ],
        [
          [
            -127.46624,
            50.07932
          ],
          [
            -127.4661,
            50.07932
          ],
          [
            -127.46614,
            50.07938
          ],
          [
            -127.46624,
            50.07932
          ]
        ],
        [
          [
            -127.46562,
            50.07904
          ],
          [
            -127.46563,
            50.07915
          ],
          [
            -127.46603,
            50.07921
          ],
          [
            -127.46562,
            50.07904
          ]
        ],
        [
          [
            -127.46579,
            50.07896
          ],
          [
            -127.46568,
            50.07901
          ],
          [
            -127.4659,
            50.07903
          ],
          [
            -127.46579,
            50.07896
          ]
        ],
        [
          [
            -127.46513,
            50.07851
          ],
          [
            -127.46479,
            50.07846
          ],
          [
            -127.46533,
            50.07876
          ],
          [
            -127.46513,
            50.07851
          ]
        ],
        [
          [
            -127.45502,
            50.07218
          ],
          [
            -127.45488,
            50.07214
          ],
          [
            -127.45495,
            50.07222
          ],
          [
            -127.45502,
            50.07218
          ]
        ],
        [
          [
            -127.45475,
            50.07195
          ],
          [
            -127.45442,
            50.0718
          ],
          [
            -127.45442,
            50.07207
          ],
          [
            -127.45475,
            50.07195
          ]
        ],
        [
          [
            -127.43664,
            50.18234
          ],
          [
            -127.43684,
            50.18247
          ],
          [
            -127.43699,
            50.18229
          ],
          [
            -127.43664,
            50.18234
          ]
        ],
        [
          [
            -127.00318,
            49.85178
          ],
          [
            -127.00284,
            49.85189
          ],
          [
            -127.00307,
            49.85199
          ],
          [
            -127.00318,
            49.85178
          ]
        ],
        [
          [
            -126.93719,
            49.88752
          ],
          [
            -126.93701,
            49.88745
          ],
          [
            -126.9371,
            49.88777
          ],
          [
            -126.93719,
            49.88752
          ]
        ],
        [
          [
            -126.93592,
            49.86808
          ],
          [
            -126.93554,
            49.86808
          ],
          [
            -126.93573,
            49.86825
          ],
          [
            -126.93592,
            49.86808
          ]
        ],
        [
          [
            -125.61046,
            48.97136
          ],
          [
            -125.61024,
            48.9715
          ],
          [
            -125.61088,
            48.97157
          ],
          [
            -125.61046,
            48.97136
          ]
        ],
        [
          [
            -124.99692,
            48.70619
          ],
          [
            -124.99654,
            48.70611
          ],
          [
            -124.99657,
            48.70629
          ],
          [
            -124.99692,
            48.70619
          ]
        ],
        [
          [
            -123.39112,
            48.42939
          ],
          [
            -123.39096,
            48.42933
          ],
          [
            -123.39092,
            48.42951
          ],
          [
            -123.39112,
            48.42939
          ]
        ],
        [
          [
            -123.30209,
            48.41037
          ],
          [
            -123.30187,
            48.41039
          ],
          [
            -123.30213,
            48.41056
          ],
          [
            -123.30209,
            48.41037
          ]
        ]
      ],
      [
        [
          [
            -124.9749819,
            49.6803179
          ],
          [
            -124.97429,
            49.68034
          ],
          [
            -124.97367,
            49.68012
          ],
          [
            -124.9750778,
            49.6802555
          ],
          [
            -124.9749819,
            49.6803179
          ]
        ]
      ],
      [
        [
          [
            -124.96627,
            49.67696
          ],
          [
            -124.96983,
            49.67862
          ],
          [
            -124.96066,
            49.67579
          ],
          [
            -124.96627,
            49.67696
          ]
        ]
      ],
      [
        [
          [
            -124.88725,
            49.5955
          ],
          [
            -124.88637,
            49.59505
          ],
          [
            -124.88901,
            49.59594
          ],
          [
            -124.88725,
            49.5955
          ]
        ]
      ],
      [
        [
          [
            -124.85945,
            49.62977
          ],
          [
            -124.86254,
            49.62981
          ],
          [
            -124.86096,
            49.63168
          ],
          [
            -124.8617,
            49.6299
          ],
          [
            -124.85945,
            49.62977
          ]
        ]
      ],
      [
        [
          [
            -124.85832,
            49.62748
          ],
          [
            -124.85712,
            49.62853
          ],
          [
            -124.8548,
            49.62698
          ],
          [
            -124.85989,
            49.6274
          ],
          [
            -124.85832,
            49.62748
          ]
        ]
      ],
      [
        [
          [
            -124.85255,
            49.62156
          ],
          [
            -124.84099,
            49.61576
          ],
          [
            -124.85712,
            49.61793
          ],
          [
            -124.85255,
            49.62156
          ]
        ]
      ],
      [
        [
          [
            -124.84636,
            49.62113
          ],
          [
            -124.84987,
            49.62632
          ],
          [
            -124.85352,
            49.62568
          ],
          [
            -124.85028,
            49.62682
          ],
          [
            -124.84419,
            49.62107
          ],
          [
            -124.84636,
            49.62113
          ]
        ]
      ],
      [
        [
          [
            -124.84753,
            49.55633
          ],
          [
            -124.84406,
            49.55671
          ],
          [
            -124.84441,
            49.55834
          ],
          [
            -124.84302,
            49.55844
          ],
          [
            -124.84289,
            49.57297
          ],
          [
            -124.83997,
            49.57836
          ],
          [
            -124.84338,
            49.58511
          ],
          [
            -124.83947,
            49.58676
          ],
          [
            -124.83733,
            49.58553
          ],
          [
            -124.83861,
            49.58969
          ],
          [
            -124.83607,
            49.5909
          ],
          [
            -124.83597,
            49.59299
          ],
          [
            -124.83777,
            49.59562
          ],
          [
            -124.83088,
            49.60162
          ],
          [
            -124.83539,
            49.60634
          ],
          [
            -124.84475,
            49.60907
          ],
          [
            -124.82957,
            49.60614
          ],
          [
            -124.82645,
            49.59945
          ],
          [
            -124.82059,
            49.59107
          ],
          [
            -124.81316,
            49.58825
          ],
          [
            -124.8083,
            49.58366
          ],
          [
            -124.79309,
            49.57892
          ],
          [
            -124.77698,
            49.56989
          ],
          [
            -124.75582,
            49.54112
          ],
          [
            -124.75536,
            49.53212
          ],
          [
            -124.74633,
            49.52218
          ],
          [
            -124.74517,
            49.51869
          ],
          [
            -124.74162,
            49.51652
          ],
          [
            -124.73988,
            49.51206
          ],
          [
            -124.73093,
            49.5071
          ],
          [
            -124.73076,
            49.5024
          ],
          [
            -124.7097,
            49.49339
          ],
          [
            -124.7084,
            49.49412
          ],
          [
            -124.70298,
            49.49108
          ],
          [
            -124.69344,
            49.48892
          ],
          [
            -124.68541,
            49.479
          ],
          [
            -124.6851,
            49.47466
          ],
          [
            -124.70627,
            49.47813
          ],
          [
            -124.72205,
            49.48431
          ],
          [
            -124.73472,
            49.48236
          ],
          [
            -124.75657,
            49.48939
          ],
          [
            -124.76095,
            49.49312
          ],
          [
            -124.76156,
            49.49742
          ],
          [
            -124.77203,
            49.50645
          ],
          [
            -124.8151,
            49.5311
          ],
          [
            -124.83033,
            49.53815
          ],
          [
            -124.84753,
            49.55633
          ]
        ]
      ],
      [
        [
          [
            -124.78628,
            49.46648
          ],
          [
            -124.78174,
            49.4666
          ],
          [
            -124.78793,
            49.46603
          ],
          [
            -124.78628,
            49.46648
          ]
        ]
      ],
      [
        [
          [
            -124.78088,
            49.46756
          ],
          [
            -124.7824,
            49.46754
          ],
          [
            -124.78217,
            49.46767
          ],
          [
            -124.78088,
            49.46756
          ]
        ]
      ],
      [
        [
          [
            -124.75841,
            49.4629
          ],
          [
            -124.75897,
            49.46277
          ],
          [
            -124.75864,
            49.46322
          ],
          [
            -124.75841,
            49.4629
          ]
        ]
      ],
      [
        [
          [
            -124.7502372,
            49.4536601
          ],
          [
            -124.74984,
            49.45379
          ],
          [
            -124.7497,
            49.45343
          ],
          [
            -124.7501933,
            49.453572
          ],
          [
            -124.7502372,
            49.4536601
          ]
        ]
      ],
      [
        [
          [
            -124.74779,
            49.45374
          ],
          [
            -124.74821,
            49.45371
          ],
          [
            -124.74787,
            49.45417
          ],
          [
            -124.74779,
            49.45374
          ]
        ]
      ],
      [
        [
          [
            -124.74629,
            49.4532
          ],
          [
            -124.7460793,
            49.4529305
          ],
          [
            -124.7461918,
            49.4526898
          ],
          [
            -124.74636,
            49.45271
          ],
          [
            -124.74629,
            49.4532
          ]
        ]
      ],
      [
        [
          [
            -124.68389,
            49.47819
          ],
          [
            -124.68452,
            49.47803
          ],
          [
            -124.685,
            49.47871
          ],
          [
            -124.68389,
            49.47819
          ]
        ]
      ],
      [
        [
          [
            -124.68407,
            49.47156
          ],
          [
            -124.68564,
            49.47245
          ],
          [
            -124.68391,
            49.47231
          ],
          [
            -124.68407,
            49.47156
          ]
        ]
      ],
      [
        [
          [
            -124.66398,
            49.48939
          ],
          [
            -124.66477,
            49.48999
          ],
          [
            -124.66439,
            49.4901
          ],
          [
            -124.66398,
            49.48939
          ]
        ]
      ],
      [
        [
          [
            -124.66012,
            49.48785
          ],
          [
            -124.66041,
            49.48793
          ],
          [
            -124.66054,
            49.48817
          ],
          [
            -124.66012,
            49.48785
          ]
        ]
      ],
      [
        [
          [
            -124.65467,
            49.48971
          ],
          [
            -124.65488,
            49.48976
          ],
          [
            -124.65464,
            49.48999
          ],
          [
            -124.65467,
            49.48971
          ]
        ]
      ],
      [
        [
          [
            -124.64873,
            49.48417
          ],
          [
            -124.64966,
            49.48435
          ],
          [
            -124.64682,
            49.48389
          ],
          [
            -124.64873,
            49.48417
          ]
        ]
      ],
      [
        [
          [
            -124.64537,
            49.4841
          ],
          [
            -124.6454,
            49.48382
          ],
          [
            -124.64626,
            49.48384
          ],
          [
            -124.64537,
            49.4841
          ]
        ]
      ],
      [
        [
          [
            -124.63099,
            49.50972
          ],
          [
            -124.63846,
            49.50553
          ],
          [
            -124.63313,
            49.50028
          ],
          [
            -124.63912,
            49.50137
          ],
          [
            -124.64576,
            49.4978
          ],
          [
            -124.65352,
            49.49649
          ],
          [
            -124.66029,
            49.4922
          ],
          [
            -124.66984,
            49.49194
          ],
          [
            -124.6775,
            49.49701
          ],
          [
            -124.67511,
            49.49705
          ],
          [
            -124.67663,
            49.49988
          ],
          [
            -124.69604,
            49.50657
          ],
          [
            -124.70388,
            49.51103
          ],
          [
            -124.70498,
            49.51323
          ],
          [
            -124.71094,
            49.51191
          ],
          [
            -124.70709,
            49.51405
          ],
          [
            -124.70449,
            49.51877
          ],
          [
            -124.71022,
            49.53334
          ],
          [
            -124.71315,
            49.53529
          ],
          [
            -124.70572,
            49.54298
          ],
          [
            -124.69746,
            49.54601
          ],
          [
            -124.69193,
            49.54993
          ],
          [
            -124.68936,
            49.54965
          ],
          [
            -124.68048,
            49.5514
          ],
          [
            -124.66746,
            49.55114
          ],
          [
            -124.66386,
            49.54613
          ],
          [
            -124.65908,
            49.54572
          ],
          [
            -124.65338,
            49.54133
          ],
          [
            -124.64749,
            49.54021
          ],
          [
            -124.64202,
            49.5417
          ],
          [
            -124.63809,
            49.53821
          ],
          [
            -124.62522,
            49.53706
          ],
          [
            -124.61491,
            49.52975
          ],
          [
            -124.6113,
            49.5301
          ],
          [
            -124.60673,
            49.52562
          ],
          [
            -124.60323,
            49.52637
          ],
          [
            -124.60436,
            49.52873
          ],
          [
            -124.60166,
            49.52926
          ],
          [
            -124.59757,
            49.52505
          ],
          [
            -124.58855,
            49.52109
          ],
          [
            -124.58426,
            49.51657
          ],
          [
            -124.59072,
            49.51792
          ],
          [
            -124.60655,
            49.51634
          ],
          [
            -124.6211,
            49.5214
          ],
          [
            -124.63082,
            49.52873
          ],
          [
            -124.63476,
            49.52784
          ],
          [
            -124.64024,
            49.52485
          ],
          [
            -124.63708,
            49.52175
          ],
          [
            -124.64089,
            49.52265
          ],
          [
            -124.64363,
            49.51964
          ],
          [
            -124.63972,
            49.51434
          ],
          [
            -124.63099,
            49.50972
          ]
        ]
      ],
      [
        [
          [
            -124.58238,
            49.51975
          ],
          [
            -124.58364,
            49.51974
          ],
          [
            -124.58295,
            49.51982
          ],
          [
            -124.58238,
            49.51975
          ]
        ]
      ],
      [
        [
          [
            -124.57551,
            49.51668
          ],
          [
            -124.57899,
            49.51818
          ],
          [
            -124.57742,
            49.51843
          ],
          [
            -124.57551,
            49.51668
          ]
        ]
      ],
      [
        [
          [
            -124.4373,
            49.48672
          ],
          [
            -124.43747,
            49.48661
          ],
          [
            -124.43763,
            49.4867
          ],
          [
            -124.4373,
            49.48672
          ]
        ]
      ],
      [
        [
          [
            -124.4353,
            49.48726
          ],
          [
            -124.43551,
            49.48734
          ],
          [
            -124.43539,
            49.4874
          ],
          [
            -124.4353,
            49.48726
          ]
        ]
      ],
      [
        [
          [
            -124.43471,
            49.48644
          ],
          [
            -124.435,
            49.48646
          ],
          [
            -124.43473,
            49.48661
          ],
          [
            -124.43471,
            49.48644
          ]
        ]
      ],
      [
        [
          [
            -124.39919,
            49.50029
          ],
          [
            -124.39966,
            49.50026
          ],
          [
            -124.39957,
            49.50036
          ],
          [
            -124.39919,
            49.50029
          ]
        ]
      ],
      [
        [
          [
            -124.3966,
            49.49901
          ],
          [
            -124.39793,
            49.49912
          ],
          [
            -124.39873,
            49.49993
          ],
          [
            -124.3966,
            49.49901
          ]
        ]
      ],
      [
        [
          [
            -124.39758,
            49.49678
          ],
          [
            -124.3972,
            49.49617
          ],
          [
            -124.39825,
            49.49643
          ],
          [
            -124.39758,
            49.49678
          ]
        ]
      ],
      [
        [
          [
            -124.39563,
            49.50031
          ],
          [
            -124.39355,
            49.49836
          ],
          [
            -124.39701,
            49.49986
          ],
          [
            -124.39563,
            49.50031
          ]
        ]
      ],
      [
        [
          [
            -124.39423,
            49.49774
          ],
          [
            -124.39453,
            49.49763
          ],
          [
            -124.39458,
            49.49783
          ],
          [
            -124.39423,
            49.49774
          ]
        ]
      ],
      [
        [
          [
            -124.39683,
            49.4964
          ],
          [
            -124.39813,
            49.49795
          ],
          [
            -124.3968,
            49.49886
          ],
          [
            -124.394,
            49.49727
          ],
          [
            -124.39683,
            49.4964
          ]
        ]
      ],
      [
        [
          [
            -124.39476,
            49.50126
          ],
          [
            -124.39144,
            49.49994
          ],
          [
            -124.39284,
            49.49939
          ],
          [
            -124.39476,
            49.50126
          ]
        ]
      ],
      [
        [
          [
            -124.39283,
            49.50365
          ],
          [
            -124.38895,
            49.5034
          ],
          [
            -124.38697,
            49.50132
          ],
          [
            -124.3901,
            49.49998
          ],
          [
            -124.39412,
            49.50193
          ],
          [
            -124.39249,
            49.50237
          ],
          [
            -124.39283,
            49.50365
          ]
        ]
      ],
      [
        [
          [
            -124.39189,
            49.4968
          ],
          [
            -124.3923,
            49.49675
          ],
          [
            -124.39246,
            49.49709
          ],
          [
            -124.39189,
            49.4968
          ]
        ]
      ],
      [
        [
          [
            -124.39143,
            49.50475
          ],
          [
            -124.39128,
            49.50431
          ],
          [
            -124.39166,
            49.50458
          ],
          [
            -124.39143,
            49.50475
          ]
        ]
      ],
      [
        [
          [
            -124.39057,
            49.49763
          ],
          [
            -124.39101,
            49.49747
          ],
          [
            -124.39164,
            49.49791
          ],
          [
            -124.39057,
            49.49763
          ]
        ]
      ],
      [
        [
          [
            -124.3905,
            49.50425
          ],
          [
            -124.39073,
            49.50425
          ],
          [
            -124.39063,
            49.5045
          ],
          [
            -124.3905,
            49.50425
          ]
        ]
      ],
      [
        [
          [
            -124.3895,
            49.49847
          ],
          [
            -124.39181,
            49.49895
          ],
          [
            -124.39057,
            49.49992
          ],
          [
            -124.3895,
            49.49847
          ]
        ]
      ],
      [
        [
          [
            -124.38915,
            49.49966
          ],
          [
            -124.38961,
            49.49974
          ],
          [
            -124.38956,
            49.50004
          ],
          [
            -124.38915,
            49.49966
          ]
        ]
      ],
      [
        [
          [
            -124.38616,
            49.52304
          ],
          [
            -124.38492,
            49.52078
          ],
          [
            -124.38865,
            49.52392
          ],
          [
            -124.38616,
            49.52304
          ]
        ]
      ],
      [
        [
          [
            -124.38869,
            49.5049
          ],
          [
            -124.38743,
            49.50496
          ],
          [
            -124.38666,
            49.50344
          ],
          [
            -124.38869,
            49.5049
          ]
        ]
      ],
      [
        [
          [
            -124.38252,
            49.52225
          ],
          [
            -124.38396,
            49.52262
          ],
          [
            -124.38425,
            49.52345
          ],
          [
            -124.38252,
            49.52225
          ]
        ]
      ],
      [
        [
          [
            -124.38435,
            49.5157
          ],
          [
            -124.38682,
            49.51738
          ],
          [
            -124.38399,
            49.51649
          ],
          [
            -124.38435,
            49.5157
          ]
        ]
      ],
      [
        [
          [
            -124.38252,
            49.53233
          ],
          [
            -124.38254,
            49.53187
          ],
          [
            -124.3836,
            49.53249
          ],
          [
            -124.38252,
            49.53233
          ]
        ]
      ],
      [
        [
          [
            -124.38291,
            49.52764
          ],
          [
            -124.38292,
            49.52747
          ],
          [
            -124.38327,
            49.52771
          ],
          [
            -124.38291,
            49.52764
          ]
        ]
      ],
      [
        [
          [
            -124.38265,
            49.52443
          ],
          [
            -124.38156,
            49.52353
          ],
          [
            -124.38314,
            49.52412
          ],
          [
            -124.38265,
            49.52443
          ]
        ]
      ],
      [
        [
          [
            -124.38315,
            49.52602
          ],
          [
            -124.38213,
            49.52541
          ],
          [
            -124.38296,
            49.52563
          ],
          [
            -124.38315,
            49.52602
          ]
        ]
      ],
      [
        [
          [
            -124.38367,
            49.53179
          ],
          [
            -124.38296,
            49.53153
          ],
          [
            -124.38282,
            49.53051
          ],
          [
            -124.38367,
            49.53179
          ]
        ]
      ],
      [
        [
          [
            -124.38182,
            49.52302
          ],
          [
            -124.38229,
            49.52284
          ],
          [
            -124.38252,
            49.52326
          ],
          [
            -124.38182,
            49.52302
          ]
        ]
      ],
      [
        [
          [
            -124.38138,
            49.51595
          ],
          [
            -124.38212,
            49.51647
          ],
          [
            -124.38154,
            49.51636
          ],
          [
            -124.38138,
            49.51595
          ]
        ]
      ],
      [
        [
          [
            -124.38072,
            49.52419
          ],
          [
            -124.37994,
            49.52393
          ],
          [
            -124.38015,
            49.52377
          ],
          [
            -124.38072,
            49.52419
          ]
        ]
      ],
      [
        [
          [
            -124.37845,
            49.51958
          ],
          [
            -124.37845,
            49.51892
          ],
          [
            -124.37971,
            49.51895
          ],
          [
            -124.37845,
            49.51958
          ]
        ]
      ],
      [
        [
          [
            -124.38077,
            49.52921
          ],
          [
            -124.38164,
            49.53067
          ],
          [
            -124.37963,
            49.52966
          ],
          [
            -124.38077,
            49.52921
          ]
        ]
      ],
      [
        [
          [
            -124.37763,
            49.49478
          ],
          [
            -124.37858,
            49.4945
          ],
          [
            -124.37925,
            49.49498
          ],
          [
            -124.37763,
            49.49478
          ]
        ]
      ],
      [
        [
          [
            -124.3793,
            49.52019
          ],
          [
            -124.38235,
            49.52114
          ],
          [
            -124.38019,
            49.523
          ],
          [
            -124.37867,
            49.52178
          ],
          [
            -124.3793,
            49.52019
          ]
        ]
      ],
      [
        [
          [
            -124.37562,
            49.4923
          ],
          [
            -124.37828,
            49.49383
          ],
          [
            -124.3769,
            49.49398
          ],
          [
            -124.37279,
            49.49393
          ],
          [
            -124.37562,
            49.4923
          ]
        ]
      ],
      [
        [
          [
            -124.36768,
            49.49532
          ],
          [
            -124.36399,
            49.49538
          ],
          [
            -124.36202,
            49.49319
          ],
          [
            -124.36479,
            49.4923
          ],
          [
            -124.36835,
            49.49429
          ],
          [
            -124.36768,
            49.49532
          ]
        ]
      ],
      [
        [
          [
            -124.36692,
            49.4929
          ],
          [
            -124.36849,
            49.4934
          ],
          [
            -124.36803,
            49.49367
          ],
          [
            -124.36692,
            49.4929
          ]
        ]
      ],
      [
        [
          [
            -124.36931,
            49.48053
          ],
          [
            -124.3676078,
            49.480011
          ],
          [
            -124.36778,
            49.47967
          ],
          [
            -124.36931,
            49.48053
          ]
        ]
      ],
      [
        [
          [
            -124.36626,
            49.48268
          ],
          [
            -124.36375,
            49.48261
          ],
          [
            -124.36559,
            49.48502
          ],
          [
            -124.36187,
            49.48744
          ],
          [
            -124.35332,
            49.48458
          ],
          [
            -124.35858,
            49.48203
          ],
          [
            -124.35709,
            49.48013
          ],
          [
            -124.34834,
            49.4818
          ],
          [
            -124.35042,
            49.48552
          ],
          [
            -124.35577,
            49.48604
          ],
          [
            -124.35802,
            49.48712
          ],
          [
            -124.35814,
            49.48904
          ],
          [
            -124.3507,
            49.49107
          ],
          [
            -124.35006,
            49.49337
          ],
          [
            -124.34636,
            49.49314
          ],
          [
            -124.34746,
            49.49477
          ],
          [
            -124.35206,
            49.49533
          ],
          [
            -124.35571,
            49.49397
          ],
          [
            -124.35423,
            49.49685
          ],
          [
            -124.35119,
            49.49741
          ],
          [
            -124.35281,
            49.49915
          ],
          [
            -124.35625,
            49.49861
          ],
          [
            -124.35435,
            49.50083
          ],
          [
            -124.35969,
            49.49808
          ],
          [
            -124.37091,
            49.49776
          ],
          [
            -124.37176,
            49.49678
          ],
          [
            -124.36676,
            49.49614
          ],
          [
            -124.37165,
            49.495
          ],
          [
            -124.37943,
            49.49553
          ],
          [
            -124.38164,
            49.49879
          ],
          [
            -124.37852,
            49.50165
          ],
          [
            -124.38125,
            49.50501
          ],
          [
            -124.37927,
            49.50508
          ],
          [
            -124.38302,
            49.50755
          ],
          [
            -124.38029,
            49.50871
          ],
          [
            -124.3813,
            49.51278
          ],
          [
            -124.37586,
            49.51479
          ],
          [
            -124.37754,
            49.51657
          ],
          [
            -124.36067,
            49.52056
          ],
          [
            -124.36022,
            49.52214
          ],
          [
            -124.36337,
            49.52354
          ],
          [
            -124.36382,
            49.52551
          ],
          [
            -124.35896,
            49.52575
          ],
          [
            -124.3451,
            49.52026
          ],
          [
            -124.34928,
            49.51929
          ],
          [
            -124.34967,
            49.51787
          ],
          [
            -124.34465,
            49.51071
          ],
          [
            -124.34081,
            49.51383
          ],
          [
            -124.33374,
            49.51386
          ],
          [
            -124.33132,
            49.51319
          ],
          [
            -124.33283,
            49.51131
          ],
          [
            -124.32744,
            49.513
          ],
          [
            -124.30483,
            49.50841
          ],
          [
            -124.3003,
            49.5117
          ],
          [
            -124.29538,
            49.5089
          ],
          [
            -124.29365,
            49.50991
          ],
          [
            -124.29403,
            49.51162
          ],
          [
            -124.29867,
            49.51275
          ],
          [
            -124.29167,
            49.51486
          ],
          [
            -124.29078,
            49.51372
          ],
          [
            -124.29376,
            49.51233
          ],
          [
            -124.29086,
            49.51226
          ],
          [
            -124.28882,
            49.50727
          ],
          [
            -124.28621,
            49.50678
          ],
          [
            -124.2868,
            49.50515
          ],
          [
            -124.28421,
            49.50486
          ],
          [
            -124.28295,
            49.50278
          ],
          [
            -124.27805,
            49.50395
          ],
          [
            -124.27814,
            49.50243
          ],
          [
            -124.2816,
            49.50176
          ],
          [
            -124.27446,
            49.50224
          ],
          [
            -124.27103,
            49.49849
          ],
          [
            -124.27029,
            49.50007
          ],
          [
            -124.26832,
            49.49949
          ],
          [
            -124.27036,
            49.50126
          ],
          [
            -124.26948,
            49.50213
          ],
          [
            -124.26669,
            49.50089
          ],
          [
            -124.26302,
            49.50205
          ],
          [
            -124.25546,
            49.49211
          ],
          [
            -124.25906,
            49.49796
          ],
          [
            -124.25924,
            49.50168
          ],
          [
            -124.25443,
            49.50271
          ],
          [
            -124.25705,
            49.50366
          ],
          [
            -124.25532,
            49.5042
          ],
          [
            -124.25176,
            49.50044
          ],
          [
            -124.25038,
            49.50103
          ],
          [
            -124.2525,
            49.50282
          ],
          [
            -124.25341,
            49.50702
          ],
          [
            -124.24268,
            49.50605
          ],
          [
            -124.23889,
            49.50576
          ],
          [
            -124.23366,
            49.50239
          ],
          [
            -124.23423,
            49.50041
          ],
          [
            -124.23863,
            49.49934
          ],
          [
            -124.22184,
            49.49129
          ],
          [
            -124.21997,
            49.48338
          ],
          [
            -124.21425,
            49.48108
          ],
          [
            -124.21084,
            49.4768
          ],
          [
            -124.21072,
            49.4794
          ],
          [
            -124.20694,
            49.48007
          ],
          [
            -124.19862,
            49.47802
          ],
          [
            -124.19533,
            49.47883
          ],
          [
            -124.19049,
            49.47688
          ],
          [
            -124.19169,
            49.47552
          ],
          [
            -124.18793,
            49.47486
          ],
          [
            -124.18674,
            49.47128
          ],
          [
            -124.1829,
            49.47316
          ],
          [
            -124.17535,
            49.47111
          ],
          [
            -124.17449,
            49.46983
          ],
          [
            -124.17595,
            49.4681
          ],
          [
            -124.17431,
            49.46705
          ],
          [
            -124.17989,
            49.46738
          ],
          [
            -124.17768,
            49.46517
          ],
          [
            -124.17974,
            49.46432
          ],
          [
            -124.16995,
            49.46177
          ],
          [
            -124.16612,
            49.45672
          ],
          [
            -124.16687,
            49.45418
          ],
          [
            -124.16484,
            49.45315
          ],
          [
            -124.1685,
            49.45299
          ],
          [
            -124.16204,
            49.45071
          ],
          [
            -124.16933,
            49.45079
          ],
          [
            -124.16567,
            49.44858
          ],
          [
            -124.17024,
            49.44804
          ],
          [
            -124.16701,
            49.44544
          ],
          [
            -124.16655,
            49.44239
          ],
          [
            -124.17212,
            49.44225
          ],
          [
            -124.17343,
            49.43874
          ],
          [
            -124.17781,
            49.44038
          ],
          [
            -124.17994,
            49.43889
          ],
          [
            -124.19302,
            49.44428
          ],
          [
            -124.19731,
            49.44957
          ],
          [
            -124.20087,
            49.44923
          ],
          [
            -124.20674,
            49.45327
          ],
          [
            -124.22079,
            49.45629
          ],
          [
            -124.22406,
            49.45564
          ],
          [
            -124.24051,
            49.46447
          ],
          [
            -124.24334,
            49.46959
          ],
          [
            -124.2449,
            49.46571
          ],
          [
            -124.24376,
            49.46277
          ],
          [
            -124.24559,
            49.46239
          ],
          [
            -124.24341,
            49.46014
          ],
          [
            -124.24607,
            49.45966
          ],
          [
            -124.24599,
            49.45816
          ],
          [
            -124.25304,
            49.4579
          ],
          [
            -124.26509,
            49.46118
          ],
          [
            -124.26237,
            49.45945
          ],
          [
            -124.26363,
            49.4582
          ],
          [
            -124.25784,
            49.45566
          ],
          [
            -124.26193,
            49.45741
          ],
          [
            -124.2633,
            49.45544
          ],
          [
            -124.27124,
            49.45788
          ],
          [
            -124.27345,
            49.46244
          ],
          [
            -124.27459,
            49.46063
          ],
          [
            -124.27799,
            49.46028
          ],
          [
            -124.27656,
            49.4571
          ],
          [
            -124.28217,
            49.45786
          ],
          [
            -124.28229,
            49.45582
          ],
          [
            -124.28405,
            49.45542
          ],
          [
            -124.29533,
            49.45725
          ],
          [
            -124.30768,
            49.46291
          ],
          [
            -124.30834,
            49.45822
          ],
          [
            -124.31811,
            49.45995
          ],
          [
            -124.32287,
            49.46244
          ],
          [
            -124.32529,
            49.46652
          ],
          [
            -124.32925,
            49.46586
          ],
          [
            -124.33146,
            49.46966
          ],
          [
            -124.3354,
            49.4682
          ],
          [
            -124.33635,
            49.47019
          ],
          [
            -124.34136,
            49.47018
          ],
          [
            -124.34579,
            49.47338
          ],
          [
            -124.35554,
            49.47434
          ],
          [
            -124.35983,
            49.47762
          ],
          [
            -124.36607,
            49.47614
          ],
          [
            -124.36682,
            49.47766
          ],
          [
            -124.36409,
            49.47746
          ],
          [
            -124.36357,
            49.47878
          ],
          [
            -124.3676078,
            49.480011
          ],
          [
            -124.36626,
            49.48268
          ]
        ],
        [
          [
            -124.27964,
            49.50177
          ],
          [
            -124.27943,
            49.50164
          ],
          [
            -124.27902,
            49.50186
          ],
          [
            -124.27964,
            49.50177
          ]
        ]
      ],
      [
        [
          [
            -124.36494,
            49.49617
          ],
          [
            -124.36525,
            49.49595
          ],
          [
            -124.36526,
            49.49635
          ],
          [
            -124.36494,
            49.49617
          ]
        ]
      ],
      [
        [
          [
            -124.36163,
            49.49547
          ],
          [
            -124.36493,
            49.49641
          ],
          [
            -124.36156,
            49.49684
          ],
          [
            -124.36163,
            49.49547
          ]
        ]
      ],
      [
        [
          [
            -124.35894,
            49.49766
          ],
          [
            -124.35929,
            49.49764
          ],
          [
            -124.35939,
            49.49782
          ],
          [
            -124.35894,
            49.49766
          ]
        ]
      ],
      [
        [
          [
            -124.35765,
            49.49817
          ],
          [
            -124.3583,
            49.4985
          ],
          [
            -124.358,
            49.4985
          ],
          [
            -124.35765,
            49.49817
          ]
        ]
      ],
      [
        [
          [
            -124.34834,
            49.47343
          ],
          [
            -124.3482204,
            49.4736193
          ],
          [
            -124.34795,
            49.47341
          ],
          [
            -124.34834,
            49.47343
          ]
        ]
      ],
      [
        [
          [
            -124.34374,
            49.51393
          ],
          [
            -124.34689,
            49.5155
          ],
          [
            -124.34525,
            49.51716
          ],
          [
            -124.34149,
            49.51495
          ],
          [
            -124.34374,
            49.51393
          ]
        ]
      ],
      [
        [
          [
            -124.34233,
            49.51884
          ],
          [
            -124.3432,
            49.52018
          ],
          [
            -124.34188,
            49.52074
          ],
          [
            -124.33792,
            49.51938
          ],
          [
            -124.34233,
            49.51884
          ]
        ]
      ],
      [
        [
          [
            -124.33611,
            49.46841
          ],
          [
            -124.3367,
            49.46843
          ],
          [
            -124.33635,
            49.46863
          ],
          [
            -124.33611,
            49.46841
          ]
        ]
      ],
      [
        [
          [
            -124.32896,
            49.51356
          ],
          [
            -124.32901,
            49.51325
          ],
          [
            -124.32954,
            49.51324
          ],
          [
            -124.32896,
            49.51356
          ]
        ]
      ],
      [
        [
          [
            -124.32457,
            49.51257
          ],
          [
            -124.32521,
            49.51272
          ],
          [
            -124.32488,
            49.51279
          ],
          [
            -124.32457,
            49.51257
          ]
        ]
      ],
      [
        [
          [
            -124.31223,
            49.45283
          ],
          [
            -124.31183,
            49.45257
          ],
          [
            -124.31259,
            49.45285
          ],
          [
            -124.31223,
            49.45283
          ]
        ]
      ],
      [
        [
          [
            -124.31104,
            49.45222
          ],
          [
            -124.31159,
            49.45234
          ],
          [
            -124.31156,
            49.45259
          ],
          [
            -124.31104,
            49.45222
          ]
        ]
      ],
      [
        [
          [
            -124.31061,
            49.45215
          ],
          [
            -124.31087,
            49.45207
          ],
          [
            -124.31097,
            49.45226
          ],
          [
            -124.31061,
            49.45215
          ]
        ]
      ],
      [
        [
          [
            -124.30924,
            49.45197
          ],
          [
            -124.31045,
            49.45209
          ],
          [
            -124.3106,
            49.45243
          ],
          [
            -124.30924,
            49.45197
          ]
        ]
      ],
      [
        [
          [
            -124.30809,
            49.51263
          ],
          [
            -124.30976,
            49.51512
          ],
          [
            -124.30638,
            49.51372
          ],
          [
            -124.30469,
            49.51141
          ],
          [
            -124.30809,
            49.51263
          ]
        ]
      ],
      [
        [
          [
            -124.2963,
            49.51135
          ],
          [
            -124.29797,
            49.51165
          ],
          [
            -124.29685,
            49.51174
          ],
          [
            -124.2963,
            49.51135
          ]
        ]
      ],
      [
        [
          [
            -124.29637,
            49.45445
          ],
          [
            -124.28621,
            49.45314
          ],
          [
            -124.28726,
            49.4522
          ],
          [
            -124.2837,
            49.44978
          ],
          [
            -124.28655,
            49.44812
          ],
          [
            -124.29133,
            49.4496
          ],
          [
            -124.29684,
            49.44852
          ],
          [
            -124.30048,
            49.45015
          ],
          [
            -124.30162,
            49.45248
          ],
          [
            -124.29989,
            49.45391
          ],
          [
            -124.30301,
            49.45454
          ],
          [
            -124.30227,
            49.45674
          ],
          [
            -124.30079,
            49.45668
          ],
          [
            -124.29665,
            49.45618
          ],
          [
            -124.29637,
            49.45445
          ]
        ]
      ],
      [
        [
          [
            -124.29113,
            49.51269
          ],
          [
            -124.29152,
            49.51277
          ],
          [
            -124.29137,
            49.51284
          ],
          [
            -124.29113,
            49.51269
          ]
        ]
      ],
      [
        [
          [
            -124.28397,
            49.45207
          ],
          [
            -124.28423,
            49.45195
          ],
          [
            -124.28451,
            49.45211
          ],
          [
            -124.28397,
            49.45207
          ]
        ]
      ],
      [
        [
          [
            -124.28277,
            49.45045
          ],
          [
            -124.28216,
            49.4501
          ],
          [
            -124.28346,
            49.4499
          ],
          [
            -124.28277,
            49.45045
          ]
        ]
      ],
      [
        [
          [
            -124.28316,
            49.50428
          ],
          [
            -124.28335,
            49.50424
          ],
          [
            -124.2834,
            49.50437
          ],
          [
            -124.28316,
            49.50428
          ]
        ]
      ],
      [
        [
          [
            -124.2771,
            49.50283
          ],
          [
            -124.27756,
            49.50299
          ],
          [
            -124.27725,
            49.50315
          ],
          [
            -124.2771,
            49.50283
          ]
        ]
      ],
      [
        [
          [
            -124.27606,
            49.5028
          ],
          [
            -124.27671,
            49.50284
          ],
          [
            -124.27623,
            49.50303
          ],
          [
            -124.27606,
            49.5028
          ]
        ]
      ],
      [
        [
          [
            -124.27309,
            49.50517
          ],
          [
            -124.27231,
            49.5042
          ],
          [
            -124.27417,
            49.50451
          ],
          [
            -124.27309,
            49.50517
          ]
        ]
      ],
      [
        [
          [
            -124.26237,
            49.52018
          ],
          [
            -124.26105,
            49.51988
          ],
          [
            -124.26306,
            49.51968
          ],
          [
            -124.26237,
            49.52018
          ]
        ]
      ],
      [
        [
          [
            -124.26187,
            49.46011
          ],
          [
            -124.26273,
            49.46016
          ],
          [
            -124.26295,
            49.46056
          ],
          [
            -124.26187,
            49.46011
          ]
        ]
      ],
      [
        [
          [
            -124.25986,
            49.51878
          ],
          [
            -124.26035,
            49.51647
          ],
          [
            -124.26416,
            49.5174
          ],
          [
            -124.26155,
            49.518
          ],
          [
            -124.26259,
            49.51906
          ],
          [
            -124.25986,
            49.51878
          ]
        ]
      ],
      [
        [
          [
            -124.26058,
            49.51938
          ],
          [
            -124.26084,
            49.51925
          ],
          [
            -124.26175,
            49.51941
          ],
          [
            -124.26058,
            49.51938
          ]
        ]
      ],
      [
        [
          [
            -124.26126,
            49.51473
          ],
          [
            -124.2629,
            49.51499
          ],
          [
            -124.26164,
            49.51505
          ],
          [
            -124.26126,
            49.51473
          ]
        ]
      ],
      [
        [
          [
            -124.26073,
            49.45859
          ],
          [
            -124.26023,
            49.45805
          ],
          [
            -124.26138,
            49.45883
          ],
          [
            -124.26073,
            49.45859
          ]
        ]
      ],
      [
        [
          [
            -124.25973,
            49.51385
          ],
          [
            -124.25846,
            49.51224
          ],
          [
            -124.26111,
            49.51257
          ],
          [
            -124.25973,
            49.51385
          ]
        ]
      ],
      [
        [
          [
            -124.2593,
            49.50371
          ],
          [
            -124.2599,
            49.50372
          ],
          [
            -124.26023,
            49.5044
          ],
          [
            -124.2593,
            49.50371
          ]
        ]
      ],
      [
        [
          [
            -124.25491,
            49.52029
          ],
          [
            -124.25752,
            49.51944
          ],
          [
            -124.25781,
            49.52069
          ],
          [
            -124.25491,
            49.52029
          ]
        ]
      ],
      [
        [
          [
            -124.25652,
            49.50622
          ],
          [
            -124.25793,
            49.50662
          ],
          [
            -124.2575,
            49.50666
          ],
          [
            -124.25652,
            49.50622
          ]
        ]
      ],
      [
        [
          [
            -124.25658,
            49.51177
          ],
          [
            -124.25704,
            49.51189
          ],
          [
            -124.25688,
            49.51196
          ],
          [
            -124.25658,
            49.51177
          ]
        ]
      ],
      [
        [
          [
            -124.25452,
            49.51777
          ],
          [
            -124.25746,
            49.51755
          ],
          [
            -124.25638,
            49.51885
          ],
          [
            -124.25472,
            49.51913
          ],
          [
            -124.25452,
            49.51777
          ]
        ]
      ],
      [
        [
          [
            -124.25356,
            49.51964
          ],
          [
            -124.25481,
            49.52067
          ],
          [
            -124.2539,
            49.52048
          ],
          [
            -124.25356,
            49.51964
          ]
        ]
      ],
      [
        [
          [
            -124.2522,
            49.50159
          ],
          [
            -124.2524,
            49.50157
          ],
          [
            -124.25246,
            49.50173
          ],
          [
            -124.2522,
            49.50159
          ]
        ]
      ],
      [
        [
          [
            -124.24842,
            49.51825
          ],
          [
            -124.24599,
            49.51907
          ],
          [
            -124.24082,
            49.51757
          ],
          [
            -124.23542,
            49.5114
          ],
          [
            -124.23498,
            49.50812
          ],
          [
            -124.24174,
            49.50842
          ],
          [
            -124.24746,
            49.5107
          ],
          [
            -124.24974,
            49.51546
          ],
          [
            -124.25285,
            49.51655
          ],
          [
            -124.25129,
            49.51933
          ],
          [
            -124.24842,
            49.51825
          ]
        ]
      ],
      [
        [
          [
            -124.25058,
            49.51318
          ],
          [
            -124.25085,
            49.51343
          ],
          [
            -124.25063,
            49.51338
          ],
          [
            -124.25058,
            49.51318
          ]
        ]
      ],
      [
        [
          [
            -124.25065,
            49.52007
          ],
          [
            -124.24984,
            49.51977
          ],
          [
            -124.25021,
            49.51973
          ],
          [
            -124.25065,
            49.52007
          ]
        ]
      ],
      [
        [
          [
            -124.24965,
            49.51299
          ],
          [
            -124.25023,
            49.51363
          ],
          [
            -124.24957,
            49.51346
          ],
          [
            -124.24965,
            49.51299
          ]
        ]
      ],
      [
        [
          [
            -124.24285,
            49.50621
          ],
          [
            -124.2422587,
            49.5060523
          ],
          [
            -124.2427255,
            49.5060928
          ],
          [
            -124.24285,
            49.50621
          ]
        ]
      ],
      [
        [
          [
            -124.23533,
            49.49944
          ],
          [
            -124.23542,
            49.49933
          ],
          [
            -124.23549,
            49.49944
          ],
          [
            -124.23533,
            49.49944
          ]
        ]
      ],
      [
        [
          [
            -124.23466,
            49.49913
          ],
          [
            -124.23495,
            49.49907
          ],
          [
            -124.23501,
            49.49925
          ],
          [
            -124.23466,
            49.49913
          ]
        ]
      ],
      [
        [
          [
            -124.23427,
            49.51281
          ],
          [
            -124.2346,
            49.51288
          ],
          [
            -124.23441,
            49.51306
          ],
          [
            -124.23427,
            49.51281
          ]
        ]
      ],
      [
        [
          [
            -124.23344,
            49.51062
          ],
          [
            -124.23394,
            49.51054
          ],
          [
            -124.23389,
            49.51093
          ],
          [
            -124.23344,
            49.51062
          ]
        ]
      ],
      [
        [
          [
            -124.2333,
            49.51196
          ],
          [
            -124.2341,
            49.51197
          ],
          [
            -124.23388,
            49.51279
          ],
          [
            -124.2333,
            49.51196
          ]
        ]
      ],
      [
        [
          [
            -124.23318,
            49.51156
          ],
          [
            -124.23338,
            49.51146
          ],
          [
            -124.23341,
            49.51168
          ],
          [
            -124.23318,
            49.51156
          ]
        ]
      ],
      [
        [
          [
            -124.23275,
            49.51154
          ],
          [
            -124.23292,
            49.51147
          ],
          [
            -124.23292,
            49.51167
          ],
          [
            -124.23275,
            49.51154
          ]
        ]
      ],
      [
        [
          [
            -124.2326,
            49.5123
          ],
          [
            -124.23311,
            49.51241
          ],
          [
            -124.23273,
            49.51255
          ],
          [
            -124.2326,
            49.5123
          ]
        ]
      ],
      [
        [
          [
            -124.23224,
            49.50837
          ],
          [
            -124.23261,
            49.50845
          ],
          [
            -124.2323,
            49.50846
          ],
          [
            -124.23224,
            49.50837
          ]
        ]
      ],
      [
        [
          [
            -124.22549,
            49.45384
          ],
          [
            -124.22647,
            49.454
          ],
          [
            -124.22662,
            49.45433
          ],
          [
            -124.22549,
            49.45384
          ]
        ]
      ],
      [
        [
          [
            -124.22598,
            49.4973
          ],
          [
            -124.22471,
            49.49613
          ],
          [
            -124.22649,
            49.49681
          ],
          [
            -124.22598,
            49.4973
          ]
        ]
      ],
      [
        [
          [
            -124.22609,
            49.49793
          ],
          [
            -124.23259,
            49.49859
          ],
          [
            -124.23254,
            49.50167
          ],
          [
            -124.22636,
            49.49994
          ],
          [
            -124.22609,
            49.49793
          ]
        ]
      ],
      [
        [
          [
            -124.22548,
            49.49782
          ],
          [
            -124.22576,
            49.49777
          ],
          [
            -124.22597,
            49.49804
          ],
          [
            -124.22548,
            49.49782
          ]
        ]
      ],
      [
        [
          [
            -124.22482,
            49.49786
          ],
          [
            -124.22566,
            49.49816
          ],
          [
            -124.2258,
            49.49902
          ],
          [
            -124.22482,
            49.49786
          ]
        ]
      ],
      [
        [
          [
            -124.22427,
            49.49669
          ],
          [
            -124.22521,
            49.49697
          ],
          [
            -124.22494,
            49.49708
          ],
          [
            -124.22427,
            49.49669
          ]
        ]
      ],
      [
        [
          [
            -124.22212,
            49.50972
          ],
          [
            -124.21902,
            49.50914
          ],
          [
            -124.2171,
            49.50408
          ],
          [
            -124.2214,
            49.50531
          ],
          [
            -124.22345,
            49.50783
          ],
          [
            -124.22212,
            49.50972
          ]
        ]
      ],
      [
        [
          [
            -124.22092,
            49.51039
          ],
          [
            -124.22037,
            49.5103
          ],
          [
            -124.22158,
            49.51032
          ],
          [
            -124.22092,
            49.51039
          ]
        ]
      ],
      [
        [
          [
            -124.21967,
            49.32615
          ],
          [
            -124.21798,
            49.32233
          ],
          [
            -124.21472,
            49.3212
          ],
          [
            -124.21513,
            49.31993
          ],
          [
            -124.21884,
            49.32075
          ],
          [
            -124.22126,
            49.32352
          ],
          [
            -124.21967,
            49.32615
          ]
        ]
      ],
      [
        [
          [
            -124.22031,
            49.49154
          ],
          [
            -124.22065,
            49.49168
          ],
          [
            -124.22067,
            49.49202
          ],
          [
            -124.22031,
            49.49154
          ]
        ]
      ],
      [
        [
          [
            -124.21916,
            49.32683
          ],
          [
            -124.22054,
            49.32719
          ],
          [
            -124.21979,
            49.32736
          ],
          [
            -124.21916,
            49.32683
          ]
        ]
      ],
      [
        [
          [
            -124.21415,
            49.45329
          ],
          [
            -124.21451,
            49.45336
          ],
          [
            -124.21411,
            49.45345
          ],
          [
            -124.21415,
            49.45329
          ]
        ]
      ],
      [
        [
          [
            -124.20683,
            49.48103
          ],
          [
            -124.20827,
            49.48151
          ],
          [
            -124.20752,
            49.48158
          ],
          [
            -124.20683,
            49.48103
          ]
        ]
      ],
      [
        [
          [
            -124.20538,
            49.4806
          ],
          [
            -124.2061,
            49.48063
          ],
          [
            -124.20565,
            49.48075
          ],
          [
            -124.20538,
            49.4806
          ]
        ]
      ],
      [
        [
          [
            -124.20527,
            49.48014
          ],
          [
            -124.20606,
            49.48031
          ],
          [
            -124.20532,
            49.4804
          ],
          [
            -124.20527,
            49.48014
          ]
        ]
      ],
      [
        [
          [
            -124.20142,
            49.47942
          ],
          [
            -124.20211,
            49.47948
          ],
          [
            -124.20225,
            49.47981
          ],
          [
            -124.20142,
            49.47942
          ]
        ]
      ],
      [
        [
          [
            -124.19834,
            49.30749
          ],
          [
            -124.19857,
            49.30733
          ],
          [
            -124.19885,
            49.30801
          ],
          [
            -124.19834,
            49.30749
          ]
        ]
      ],
      [
        [
          [
            -124.19606,
            49.48189
          ],
          [
            -124.19758,
            49.48231
          ],
          [
            -124.19613,
            49.48227
          ],
          [
            -124.19606,
            49.48189
          ]
        ]
      ],
      [
        [
          [
            -124.19513,
            49.48817
          ],
          [
            -124.19527,
            49.48803
          ],
          [
            -124.19567,
            49.48827
          ],
          [
            -124.19513,
            49.48817
          ]
        ]
      ],
      [
        [
          [
            -124.19799,
            49.49818
          ],
          [
            -124.19056,
            49.49519
          ],
          [
            -124.19276,
            49.4947
          ],
          [
            -124.18378,
            49.48939
          ],
          [
            -124.18623,
            49.48963
          ],
          [
            -124.18599,
            49.48734
          ],
          [
            -124.20043,
            49.48891
          ],
          [
            -124.21284,
            49.49557
          ],
          [
            -124.21032,
            49.49666
          ],
          [
            -124.21283,
            49.49764
          ],
          [
            -124.21066,
            49.49767
          ],
          [
            -124.2117,
            49.49876
          ],
          [
            -124.20906,
            49.49651
          ],
          [
            -124.20616,
            49.49663
          ],
          [
            -124.211,
            49.49967
          ],
          [
            -124.20822,
            49.50225
          ],
          [
            -124.21275,
            49.50119
          ],
          [
            -124.21168,
            49.50303
          ],
          [
            -124.21547,
            49.50433
          ],
          [
            -124.21255,
            49.50486
          ],
          [
            -124.2154,
            49.50622
          ],
          [
            -124.21352,
            49.51015
          ],
          [
            -124.2078,
            49.50953
          ],
          [
            -124.19467,
            49.50294
          ],
          [
            -124.1938,
            49.50005
          ],
          [
            -124.19799,
            49.49818
          ]
        ],
        [
          [
            -124.20421,
            49.50712
          ],
          [
            -124.20381,
            49.50716
          ],
          [
            -124.20468,
            49.50735
          ],
          [
            -124.20421,
            49.50712
          ]
        ]
      ],
      [
        [
          [
            -124.20168,
            49.42533
          ],
          [
            -124.20479,
            49.42954
          ],
          [
            -124.19639,
            49.42626
          ],
          [
            -124.19297,
            49.42347
          ],
          [
            -124.20168,
            49.42533
          ]
        ]
      ],
      [
        [
          [
            -124.18787,
            49.48423
          ],
          [
            -124.18679,
            49.48314
          ],
          [
            -124.18777,
            49.48187
          ],
          [
            -124.18528,
            49.48051
          ],
          [
            -124.20582,
            49.48466
          ],
          [
            -124.20879,
            49.4879
          ],
          [
            -124.20665,
            49.48856
          ],
          [
            -124.19211,
            49.48619
          ],
          [
            -124.19215,
            49.48492
          ],
          [
            -124.18787,
            49.48423
          ]
        ]
      ],
      [
        [
          [
            -124.19044,
            49.49703
          ],
          [
            -124.19396,
            49.49799
          ],
          [
            -124.19338,
            49.49979
          ],
          [
            -124.19113,
            49.49868
          ],
          [
            -124.19044,
            49.49703
          ]
        ]
      ],
      [
        [
          [
            -124.18889,
            49.48541
          ],
          [
            -124.18977,
            49.48527
          ],
          [
            -124.19001,
            49.48556
          ],
          [
            -124.18889,
            49.48541
          ]
        ]
      ],
      [
        [
          [
            -124.19006,
            49.49773
          ],
          [
            -124.19041,
            49.49807
          ],
          [
            -124.18963,
            49.49782
          ],
          [
            -124.19006,
            49.49773
          ]
        ]
      ],
      [
        [
          [
            -124.1898,
            49.49439
          ],
          [
            -124.18947,
            49.495
          ],
          [
            -124.18839,
            49.49378
          ],
          [
            -124.1898,
            49.49439
          ]
        ]
      ],
      [
        [
          [
            -124.18609,
            49.48346
          ],
          [
            -124.18657,
            49.48336
          ],
          [
            -124.18639,
            49.48361
          ],
          [
            -124.18609,
            49.48346
          ]
        ]
      ],
      [
        [
          [
            -124.18543,
            49.47306
          ],
          [
            -124.18552,
            49.4728
          ],
          [
            -124.1861,
            49.47281
          ],
          [
            -124.18543,
            49.47306
          ]
        ]
      ],
      [
        [
          [
            -124.18655,
            49.49174
          ],
          [
            -124.18596,
            49.49166
          ],
          [
            -124.18601,
            49.49154
          ],
          [
            -124.18655,
            49.49174
          ]
        ]
      ],
      [
        [
          [
            -124.18516,
            49.48558
          ],
          [
            -124.18727,
            49.48585
          ],
          [
            -124.186,
            49.48611
          ],
          [
            -124.18516,
            49.48558
          ]
        ]
      ],
      [
        [
          [
            -124.18408,
            49.48148
          ],
          [
            -124.18482,
            49.48159
          ],
          [
            -124.18499,
            49.48198
          ],
          [
            -124.18408,
            49.48148
          ]
        ]
      ],
      [
        [
          [
            -124.18305,
            49.47442
          ],
          [
            -124.18333,
            49.47436
          ],
          [
            -124.18328,
            49.47448
          ],
          [
            -124.18305,
            49.47442
          ]
        ]
      ],
      [
        [
          [
            -124.17892,
            49.49008
          ],
          [
            -124.18082,
            49.48937
          ],
          [
            -124.18095,
            49.49129
          ],
          [
            -124.17946,
            49.49141
          ],
          [
            -124.17892,
            49.49008
          ]
        ]
      ],
      [
        [
          [
            -124.17803,
            49.49
          ],
          [
            -124.17835,
            49.48993
          ],
          [
            -124.17808,
            49.49027
          ],
          [
            -124.17803,
            49.49
          ]
        ]
      ],
      [
        [
          [
            -124.17461,
            49.46824
          ],
          [
            -124.17526,
            49.46801
          ],
          [
            -124.17549,
            49.4684
          ],
          [
            -124.17461,
            49.46824
          ]
        ]
      ],
      [
        [
          [
            -124.17418,
            49.48739
          ],
          [
            -124.17613,
            49.48765
          ],
          [
            -124.17536,
            49.48799
          ],
          [
            -124.17418,
            49.48739
          ]
        ]
      ],
      [
        [
          [
            -124.17391,
            49.47854
          ],
          [
            -124.17579,
            49.47865
          ],
          [
            -124.17498,
            49.47896
          ],
          [
            -124.17391,
            49.47854
          ]
        ]
      ],
      [
        [
          [
            -124.18,
            49.48203
          ],
          [
            -124.18102,
            49.48447
          ],
          [
            -124.17942,
            49.48557
          ],
          [
            -124.17573,
            49.48501
          ],
          [
            -124.17873,
            49.48506
          ],
          [
            -124.17394,
            49.48319
          ],
          [
            -124.17567,
            49.48247
          ],
          [
            -124.17477,
            49.48144
          ],
          [
            -124.18,
            49.48203
          ]
        ]
      ],
      [
        [
          [
            -124.17366,
            49.49064
          ],
          [
            -124.17332,
            49.49042
          ],
          [
            -124.17411,
            49.49054
          ],
          [
            -124.17366,
            49.49064
          ]
        ]
      ],
      [
        [
          [
            -124.17217,
            49.46568
          ],
          [
            -124.17276,
            49.46582
          ],
          [
            -124.17234,
            49.46602
          ],
          [
            -124.17217,
            49.46568
          ]
        ]
      ],
      [
        [
          [
            -124.17002,
            49.48634
          ],
          [
            -124.1728,
            49.48714
          ],
          [
            -124.17071,
            49.48727
          ],
          [
            -124.17002,
            49.48634
          ]
        ]
      ],
      [
        [
          [
            -124.17044,
            49.44124
          ],
          [
            -124.17143,
            49.4416
          ],
          [
            -124.1705,
            49.4415
          ],
          [
            -124.17044,
            49.44124
          ]
        ]
      ],
      [
        [
          [
            -124.17005,
            49.44105
          ],
          [
            -124.17038,
            49.44111
          ],
          [
            -124.17013,
            49.44122
          ],
          [
            -124.17005,
            49.44105
          ]
        ]
      ],
      [
        [
          [
            -124.16864,
            49.44095
          ],
          [
            -124.16937,
            49.44079
          ],
          [
            -124.16903,
            49.4411
          ],
          [
            -124.16864,
            49.44095
          ]
        ]
      ],
      [
        [
          [
            -124.1683,
            49.44027
          ],
          [
            -124.16909,
            49.44042
          ],
          [
            -124.16857,
            49.44061
          ],
          [
            -124.1683,
            49.44027
          ]
        ]
      ],
      [
        [
          [
            -124.16793,
            49.45998
          ],
          [
            -124.16774,
            49.4597
          ],
          [
            -124.16834,
            49.4599
          ],
          [
            -124.16793,
            49.45998
          ]
        ]
      ],
      [
        [
          [
            -124.16747,
            49.4416
          ],
          [
            -124.16851,
            49.44159
          ],
          [
            -124.1678,
            49.4421
          ],
          [
            -124.16747,
            49.4416
          ]
        ]
      ],
      [
        [
          [
            -124.16759,
            49.45914
          ],
          [
            -124.16799,
            49.4595
          ],
          [
            -124.1677,
            49.45951
          ],
          [
            -124.16759,
            49.45914
          ]
        ]
      ],
      [
        [
          [
            -124.1653,
            49.44336
          ],
          [
            -124.16625,
            49.44322
          ],
          [
            -124.16642,
            49.44345
          ],
          [
            -124.1653,
            49.44336
          ]
        ]
      ],
      [
        [
          [
            -124.16588,
            49.44224
          ],
          [
            -124.16618,
            49.44221
          ],
          [
            -124.1662,
            49.4425
          ],
          [
            -124.16588,
            49.44224
          ]
        ]
      ],
      [
        [
          [
            -124.166,
            49.45418
          ],
          [
            -124.16651,
            49.45429
          ],
          [
            -124.16616,
            49.45456
          ],
          [
            -124.166,
            49.45418
          ]
        ]
      ],
      [
        [
          [
            -124.16378,
            49.45308
          ],
          [
            -124.16488,
            49.4528
          ],
          [
            -124.16444,
            49.45344
          ],
          [
            -124.16378,
            49.45308
          ]
        ]
      ],
      [
        [
          [
            -124.1638,
            49.45213
          ],
          [
            -124.16424,
            49.45224
          ],
          [
            -124.16411,
            49.45231
          ],
          [
            -124.1638,
            49.45213
          ]
        ]
      ],
      [
        [
          [
            -124.16322,
            49.45271
          ],
          [
            -124.16374,
            49.4527
          ],
          [
            -124.16343,
            49.45288
          ],
          [
            -124.16322,
            49.45271
          ]
        ]
      ],
      [
        [
          [
            -124.15916,
            49.30966
          ],
          [
            -124.16239,
            49.30974
          ],
          [
            -124.16542,
            49.31267
          ],
          [
            -124.1608,
            49.3129
          ],
          [
            -124.15916,
            49.30966
          ]
        ]
      ],
      [
        [
          [
            -124.15894,
            49.34252
          ],
          [
            -124.1592,
            49.34256
          ],
          [
            -124.15907,
            49.34263
          ],
          [
            -124.15894,
            49.34252
          ]
        ]
      ],
      [
        [
          [
            -124.15505,
            49.34165
          ],
          [
            -124.15509,
            49.34108
          ],
          [
            -124.15638,
            49.34204
          ],
          [
            -124.15505,
            49.34165
          ]
        ]
      ],
      [
        [
          [
            -124.15034,
            49.30209
          ],
          [
            -124.15348,
            49.30279
          ],
          [
            -124.15506,
            49.30425
          ],
          [
            -124.15034,
            49.30209
          ]
        ]
      ],
      [
        [
          [
            -124.15474,
            49.34079
          ],
          [
            -124.15506,
            49.34095
          ],
          [
            -124.15484,
            49.34098
          ],
          [
            -124.15474,
            49.34079
          ]
        ]
      ],
      [
        [
          [
            -124.15274,
            49.31053
          ],
          [
            -124.15351,
            49.31089
          ],
          [
            -124.1531,
            49.31185
          ],
          [
            -124.15274,
            49.31053
          ]
        ]
      ],
      [
        [
          [
            -124.15547,
            49.34445
          ],
          [
            -124.15684,
            49.34236
          ],
          [
            -124.1609,
            49.3433
          ],
          [
            -124.16371,
            49.34632
          ],
          [
            -124.16198,
            49.34651
          ],
          [
            -124.16256,
            49.35079
          ],
          [
            -124.16145,
            49.35069
          ],
          [
            -124.15372,
            49.34771
          ],
          [
            -124.1528,
            49.34428
          ],
          [
            -124.15547,
            49.34445
          ]
        ]
      ],
      [
        [
          [
            -124.14935,
            49.33457
          ],
          [
            -124.15531,
            49.33729
          ],
          [
            -124.15587,
            49.33888
          ],
          [
            -124.1539,
            49.33993
          ],
          [
            -124.15252,
            49.34044
          ],
          [
            -124.14942,
            49.33799
          ],
          [
            -124.14574,
            49.34029
          ],
          [
            -124.14269,
            49.33831
          ],
          [
            -124.14456,
            49.33571
          ],
          [
            -124.14842,
            49.33603
          ],
          [
            -124.14786,
            49.33495
          ],
          [
            -124.14935,
            49.33457
          ]
        ]
      ],
      [
        [
          [
            -124.14242,
            49.33776
          ],
          [
            -124.14286,
            49.33788
          ],
          [
            -124.1425,
            49.33791
          ],
          [
            -124.14242,
            49.33776
          ]
        ]
      ],
      [
        [
          [
            -124.13766,
            49.30576
          ],
          [
            -124.13863,
            49.30584
          ],
          [
            -124.13822,
            49.30605
          ],
          [
            -124.13766,
            49.30576
          ]
        ]
      ],
      [
        [
          [
            -124.13589,
            49.30596
          ],
          [
            -124.13217,
            49.30479
          ],
          [
            -124.13725,
            49.30526
          ],
          [
            -124.13589,
            49.30596
          ]
        ]
      ],
      [
        [
          [
            -124.12969,
            49.30607
          ],
          [
            -124.13068,
            49.30554
          ],
          [
            -124.13363,
            49.30672
          ],
          [
            -124.12969,
            49.30607
          ]
        ]
      ],
      [
        [
          [
            -124.13316,
            49.28866
          ],
          [
            -124.13374,
            49.28875
          ],
          [
            -124.13346,
            49.28885
          ],
          [
            -124.13316,
            49.28866
          ]
        ]
      ],
      [
        [
          [
            -124.1318,
            49.29827
          ],
          [
            -124.1335,
            49.29881
          ],
          [
            -124.13206,
            49.29882
          ],
          [
            -124.1318,
            49.29827
          ]
        ]
      ],
      [
        [
          [
            -124.12845,
            49.25853
          ],
          [
            -124.12819,
            49.25861
          ],
          [
            -124.12801,
            49.25848
          ],
          [
            -124.12845,
            49.25853
          ]
        ]
      ],
      [
        [
          [
            -124.12651,
            49.30591
          ],
          [
            -124.12742,
            49.30593
          ],
          [
            -124.12719,
            49.30625
          ],
          [
            -124.12651,
            49.30591
          ]
        ]
      ],
      [
        [
          [
            -124.11509,
            49.27528
          ],
          [
            -124.11524,
            49.2754
          ],
          [
            -124.11487,
            49.27536
          ],
          [
            -124.11509,
            49.27528
          ]
        ]
      ],
      [
        [
          [
            -124.11242,
            49.27501
          ],
          [
            -124.11312,
            49.27465
          ],
          [
            -124.11352,
            49.27542
          ],
          [
            -124.11242,
            49.27501
          ]
        ]
      ],
      [
        [
          [
            -124.11394,
            49.28166
          ],
          [
            -124.11431,
            49.28215
          ],
          [
            -124.11236,
            49.2818
          ],
          [
            -124.11394,
            49.28166
          ]
        ]
      ],
      [
        [
          [
            -124.11212,
            49.27376
          ],
          [
            -124.11184,
            49.27388
          ],
          [
            -124.11139,
            49.27355
          ],
          [
            -124.11212,
            49.27376
          ]
        ]
      ],
      [
        [
          [
            -124.10502,
            49.27078
          ],
          [
            -124.10768,
            49.27035
          ],
          [
            -124.10892,
            49.27175
          ],
          [
            -124.10502,
            49.27078
          ]
        ]
      ],
      [
        [
          [
            -124.10861,
            49.277
          ],
          [
            -124.10841,
            49.27723
          ],
          [
            -124.10819,
            49.27713
          ],
          [
            -124.10861,
            49.277
          ]
        ]
      ],
      [
        [
          [
            -124.10703,
            49.27648
          ],
          [
            -124.10747,
            49.27644
          ],
          [
            -124.10734,
            49.27655
          ],
          [
            -124.10703,
            49.27648
          ]
        ]
      ],
      [
        [
          [
            -124.10701,
            49.27609
          ],
          [
            -124.10689,
            49.27615
          ],
          [
            -124.10676,
            49.27607
          ],
          [
            -124.10701,
            49.27609
          ]
        ]
      ],
      [
        [
          [
            -124.10085,
            49.27494
          ],
          [
            -124.10589,
            49.27669
          ],
          [
            -124.10476,
            49.27714
          ],
          [
            -124.10085,
            49.27494
          ]
        ]
      ],
      [
        [
          [
            -124.10162,
            49.27656
          ],
          [
            -124.1018,
            49.27671
          ],
          [
            -124.10133,
            49.27658
          ],
          [
            -124.10162,
            49.27656
          ]
        ]
      ],
      [
        [
          [
            -124.10129,
            49.27688
          ],
          [
            -124.1016,
            49.27708
          ],
          [
            -124.10117,
            49.27699
          ],
          [
            -124.10129,
            49.27688
          ]
        ]
      ],
      [
        [
          [
            -124.09982,
            49.27503
          ],
          [
            -124.09995,
            49.27512
          ],
          [
            -124.09962,
            49.27507
          ],
          [
            -124.09982,
            49.27503
          ]
        ]
      ],
      [
        [
          [
            -124.10016,
            49.276
          ],
          [
            -124.09991,
            49.27609
          ],
          [
            -124.09918,
            49.27569
          ],
          [
            -124.10016,
            49.276
          ]
        ]
      ],
      [
        [
          [
            -124.09902,
            49.27538
          ],
          [
            -124.09912,
            49.27547
          ],
          [
            -124.0989,
            49.27546
          ],
          [
            -124.09902,
            49.27538
          ]
        ]
      ],
      [
        [
          [
            -124.09919,
            49.28547
          ],
          [
            -124.09766,
            49.28552
          ],
          [
            -124.09765,
            49.28499
          ],
          [
            -124.09919,
            49.28547
          ]
        ]
      ],
      [
        [
          [
            -124.09352,
            49.28616
          ],
          [
            -124.09271,
            49.28467
          ],
          [
            -124.09586,
            49.28605
          ],
          [
            -124.09352,
            49.28616
          ]
        ]
      ],
      [
        [
          [
            -124.09271,
            49.28413
          ],
          [
            -124.0924,
            49.28469
          ],
          [
            -124.09179,
            49.28419
          ],
          [
            -124.09271,
            49.28413
          ]
        ]
      ],
      [
        [
          [
            -124.09116,
            49.28767
          ],
          [
            -124.09266,
            49.28774
          ],
          [
            -124.09095,
            49.28866
          ],
          [
            -124.09116,
            49.28767
          ]
        ]
      ],
      [
        [
          [
            -124.09028,
            49.28263
          ],
          [
            -124.09104,
            49.28272
          ],
          [
            -124.09053,
            49.28308
          ],
          [
            -124.09028,
            49.28263
          ]
        ]
      ],
      [
        [
          [
            -124.09015,
            49.28773
          ],
          [
            -124.08764,
            49.28758
          ],
          [
            -124.08706,
            49.28571
          ],
          [
            -124.09032,
            49.2863
          ],
          [
            -124.09015,
            49.28773
          ]
        ]
      ],
      [
        [
          [
            -124.08899,
            49.28823
          ],
          [
            -124.08873,
            49.28841
          ],
          [
            -124.08877,
            49.28814
          ],
          [
            -124.08899,
            49.28823
          ]
        ]
      ],
      [
        [
          [
            -124.08789,
            49.28827
          ],
          [
            -124.08844,
            49.28831
          ],
          [
            -124.08807,
            49.28849
          ],
          [
            -124.08789,
            49.28827
          ]
        ]
      ],
      [
        [
          [
            -124.08817,
            49.29512
          ],
          [
            -124.08489,
            49.29506
          ],
          [
            -124.08237,
            49.29355
          ],
          [
            -124.08744,
            49.29345
          ],
          [
            -124.08817,
            49.29512
          ]
        ]
      ],
      [
        [
          [
            -124.08531,
            49.29227
          ],
          [
            -124.08721,
            49.29128
          ],
          [
            -124.08701,
            49.29263
          ],
          [
            -124.08531,
            49.29227
          ]
        ]
      ],
      [
        [
          [
            -124.08686,
            49.28529
          ],
          [
            -124.08655,
            49.28564
          ],
          [
            -124.08642,
            49.2853
          ],
          [
            -124.08686,
            49.28529
          ]
        ]
      ],
      [
        [
          [
            -124.08664,
            49.27127
          ],
          [
            -124.08625,
            49.2714
          ],
          [
            -124.08601,
            49.27114
          ],
          [
            -124.08664,
            49.27127
          ]
        ]
      ],
      [
        [
          [
            -124.08457,
            49.2922
          ],
          [
            -124.08193,
            49.29121
          ],
          [
            -124.0845,
            49.29106
          ],
          [
            -124.08457,
            49.2922
          ]
        ]
      ],
      [
        [
          [
            -124.07747,
            49.27014
          ],
          [
            -124.08526,
            49.27106
          ],
          [
            -124.08351,
            49.27167
          ],
          [
            -124.07747,
            49.27014
          ]
        ]
      ],
      [
        [
          [
            -124.0817,
            49.27181
          ],
          [
            -124.08152,
            49.27192
          ],
          [
            -124.08132,
            49.27186
          ],
          [
            -124.0817,
            49.27181
          ]
        ]
      ],
      [
        [
          [
            -124.08348,
            49.2928
          ],
          [
            -124.08148,
            49.29296
          ],
          [
            -124.08044,
            49.292
          ],
          [
            -124.08348,
            49.2928
          ]
        ]
      ],
      [
        [
          [
            -124.07892,
            49.26986
          ],
          [
            -124.07905,
            49.26994
          ],
          [
            -124.07881,
            49.26993
          ],
          [
            -124.07892,
            49.26986
          ]
        ]
      ],
      [
        [
          [
            -124.07856,
            49.26958
          ],
          [
            -124.07889,
            49.26977
          ],
          [
            -124.07814,
            49.26953
          ],
          [
            -124.07856,
            49.26958
          ]
        ]
      ],
      [
        [
          [
            -124.0721,
            49.28817
          ],
          [
            -124.07522,
            49.28796
          ],
          [
            -124.07979,
            49.29197
          ],
          [
            -124.0789,
            49.29149
          ],
          [
            -124.07656,
            49.29148
          ],
          [
            -124.0721,
            49.28817
          ]
        ]
      ],
      [
        [
          [
            -124.06633,
            49.28851
          ],
          [
            -124.06667,
            49.28874
          ],
          [
            -124.06629,
            49.2887
          ],
          [
            -124.06633,
            49.28851
          ]
        ]
      ],
      [
        [
          [
            -123.94131,
            49.22537
          ],
          [
            -123.94156,
            49.22541
          ],
          [
            -123.94139,
            49.22547
          ],
          [
            -123.94131,
            49.22537
          ]
        ]
      ],
      [
        [
          [
            -123.92833,
            49.22655
          ],
          [
            -123.92886,
            49.22637
          ],
          [
            -123.9287,
            49.22664
          ],
          [
            -123.92833,
            49.22655
          ]
        ]
      ],
      [
        [
          [
            -123.92764,
            49.2238
          ],
          [
            -123.92693,
            49.2233
          ],
          [
            -123.92824,
            49.22409
          ],
          [
            -123.92764,
            49.2238
          ]
        ]
      ],
      [
        [
          [
            -123.92526,
            49.22625
          ],
          [
            -123.92489,
            49.22565
          ],
          [
            -123.92596,
            49.2259
          ],
          [
            -123.92526,
            49.22625
          ]
        ]
      ],
      [
        [
          [
            -123.92378,
            49.2245
          ],
          [
            -123.92318,
            49.22387
          ],
          [
            -123.92415,
            49.22376
          ],
          [
            -123.92378,
            49.2245
          ]
        ]
      ],
      [
        [
          [
            -123.91659,
            49.22995
          ],
          [
            -123.91707,
            49.2299
          ],
          [
            -123.91672,
            49.23013
          ],
          [
            -123.91659,
            49.22995
          ]
        ]
      ],
      [
        [
          [
            -123.91722,
            49.23182
          ],
          [
            -123.91493,
            49.23133
          ],
          [
            -123.91648,
            49.23041
          ],
          [
            -123.91722,
            49.23182
          ]
        ]
      ],
      [
        [
          [
            -123.89026,
            49.21465
          ],
          [
            -123.89133,
            49.21401
          ],
          [
            -123.89061,
            49.21801
          ],
          [
            -123.89026,
            49.21465
          ]
        ]
      ],
      [
        [
          [
            -123.88913,
            49.21396
          ],
          [
            -123.88977,
            49.21429
          ],
          [
            -123.88902,
            49.21622
          ],
          [
            -123.88913,
            49.21396
          ]
        ]
      ],
      [
        [
          [
            -123.86396,
            49.18369
          ],
          [
            -123.8671,
            49.18455
          ],
          [
            -123.87016,
            49.18654
          ],
          [
            -123.86396,
            49.18369
          ]
        ]
      ],
      [
        [
          [
            -123.8672,
            49.17568
          ],
          [
            -123.86754,
            49.17591
          ],
          [
            -123.86725,
            49.17593
          ],
          [
            -123.8672,
            49.17568
          ]
        ]
      ],
      [
        [
          [
            -123.8658,
            49.18474
          ],
          [
            -123.86589,
            49.1847
          ],
          [
            -123.86618,
            49.18489
          ],
          [
            -123.8658,
            49.18474
          ]
        ]
      ],
      [
        [
          [
            -123.86548,
            49.18484
          ],
          [
            -123.8657,
            49.18489
          ],
          [
            -123.86559,
            49.18492
          ],
          [
            -123.86548,
            49.18484
          ]
        ]
      ],
      [
        [
          [
            -123.86274,
            49.18391
          ],
          [
            -123.8631,
            49.18389
          ],
          [
            -123.86459,
            49.18443
          ],
          [
            -123.86274,
            49.18391
          ]
        ]
      ],
      [
        [
          [
            -123.85592,
            49.02156
          ],
          [
            -123.85606,
            49.02148
          ],
          [
            -123.85643,
            49.0222
          ],
          [
            -123.85592,
            49.02156
          ]
        ]
      ],
      [
        [
          [
            -123.84382,
            49.0175
          ],
          [
            -123.84495,
            49.01794
          ],
          [
            -123.84504,
            49.0184
          ],
          [
            -123.84382,
            49.0175
          ]
        ]
      ],
      [
        [
          [
            -123.81941,
            49.1934
          ],
          [
            -123.81993,
            49.19335
          ],
          [
            -123.8201,
            49.19375
          ],
          [
            -123.81941,
            49.1934
          ]
        ]
      ],
      [
        [
          [
            -123.81877,
            49.19389
          ],
          [
            -123.81813,
            49.19391
          ],
          [
            -123.81847,
            49.19377
          ],
          [
            -123.81877,
            49.19389
          ]
        ]
      ],
      [
        [
          [
            -123.81396,
            49.19936
          ],
          [
            -123.81396,
            49.19893
          ],
          [
            -123.81481,
            49.19887
          ],
          [
            -123.81396,
            49.19936
          ]
        ]
      ],
      [
        [
          [
            -123.81092,
            49.20895
          ],
          [
            -123.80735,
            49.20938
          ],
          [
            -123.81042,
            49.20823
          ],
          [
            -123.81092,
            49.20895
          ]
        ]
      ],
      [
        [
          [
            -123.79473,
            49.11775
          ],
          [
            -123.79415,
            49.11607
          ],
          [
            -123.79666,
            49.11738
          ],
          [
            -123.79473,
            49.11775
          ]
        ]
      ],
      [
        [
          [
            -123.79753,
            49.12907
          ],
          [
            -123.79584,
            49.12825
          ],
          [
            -123.7962,
            49.12815
          ],
          [
            -123.79753,
            49.12907
          ]
        ]
      ],
      [
        [
          [
            -123.79537,
            49.11469
          ],
          [
            -123.79564,
            49.11467
          ],
          [
            -123.79598,
            49.11519
          ],
          [
            -123.79537,
            49.11469
          ]
        ]
      ],
      [
        [
          [
            -123.79175,
            48.99242
          ],
          [
            -123.78945,
            48.99113
          ],
          [
            -123.79552,
            48.99319
          ],
          [
            -123.79175,
            48.99242
          ]
        ]
      ],
      [
        [
          [
            -123.79398,
            48.9962
          ],
          [
            -123.79184,
            48.99461
          ],
          [
            -123.79441,
            48.99554
          ],
          [
            -123.79398,
            48.9962
          ]
        ]
      ],
      [
        [
          [
            -123.79017,
            49.08596
          ],
          [
            -123.79006,
            49.08586
          ],
          [
            -123.79075,
            49.08628
          ],
          [
            -123.79017,
            49.08596
          ]
        ]
      ],
      [
        [
          [
            -123.81197,
            49.13263
          ],
          [
            -123.81686,
            49.13534
          ],
          [
            -123.81694,
            49.13658
          ],
          [
            -123.81344,
            49.13694
          ],
          [
            -123.78591,
            49.13462
          ],
          [
            -123.771,
            49.12821
          ],
          [
            -123.767,
            49.12361
          ],
          [
            -123.76854,
            49.12217
          ],
          [
            -123.77119,
            49.12253
          ],
          [
            -123.7741262,
            49.1235066
          ],
          [
            -123.77352,
            49.12346
          ],
          [
            -123.77483,
            49.1242
          ],
          [
            -123.7741857,
            49.1235264
          ],
          [
            -123.78992,
            49.12876
          ],
          [
            -123.81197,
            49.13263
          ]
        ]
      ],
      [
        [
          [
            -123.78948,
            49.08731
          ],
          [
            -123.78984,
            49.08772
          ],
          [
            -123.78967,
            49.08766
          ],
          [
            -123.78948,
            49.08731
          ]
        ]
      ],
      [
        [
          [
            -123.78922,
            49.02261
          ],
          [
            -123.78946,
            49.02295
          ],
          [
            -123.78927,
            49.0234
          ],
          [
            -123.78922,
            49.02261
          ]
        ]
      ],
      [
        [
          [
            -123.78886,
            48.99102
          ],
          [
            -123.78907,
            48.99098
          ],
          [
            -123.78922,
            48.99115
          ],
          [
            -123.78886,
            48.99102
          ]
        ]
      ],
      [
        [
          [
            -123.78878,
            49.08643
          ],
          [
            -123.78878,
            49.08632
          ],
          [
            -123.78919,
            49.08673
          ],
          [
            -123.78878,
            49.08643
          ]
        ]
      ],
      [
        [
          [
            -123.78887,
            49.02114
          ],
          [
            -123.78905,
            49.0213
          ],
          [
            -123.78895,
            49.02132
          ],
          [
            -123.78887,
            49.02114
          ]
        ]
      ],
      [
        [
          [
            -123.78843,
            49.08425
          ],
          [
            -123.78936,
            49.08512
          ],
          [
            -123.78892,
            49.08489
          ],
          [
            -123.78843,
            49.08425
          ]
        ]
      ],
      [
        [
          [
            -123.78854,
            49.02499
          ],
          [
            -123.78909,
            49.02532
          ],
          [
            -123.78855,
            49.02529
          ],
          [
            -123.78854,
            49.02499
          ]
        ]
      ],
      [
        [
          [
            -123.78761,
            48.99072
          ],
          [
            -123.78772,
            48.99064
          ],
          [
            -123.78836,
            48.99083
          ],
          [
            -123.78761,
            48.99072
          ]
        ]
      ],
      [
        [
          [
            -123.78415,
            48.9899
          ],
          [
            -123.78597,
            48.98992
          ],
          [
            -123.78745,
            48.99079
          ],
          [
            -123.78415,
            48.9899
          ]
        ]
      ],
      [
        [
          [
            -123.78347,
            49.01983
          ],
          [
            -123.78392,
            49.0202
          ],
          [
            -123.78384,
            49.02033
          ],
          [
            -123.78347,
            49.01983
          ]
        ]
      ],
      [
        [
          [
            -123.78181,
            49.02898
          ],
          [
            -123.7816,
            49.02886
          ],
          [
            -123.78256,
            49.02877
          ],
          [
            -123.78181,
            49.02898
          ]
        ]
      ],
      [
        [
          [
            -123.78202,
            49.07401
          ],
          [
            -123.78225,
            49.07397
          ],
          [
            -123.78245,
            49.07418
          ],
          [
            -123.78202,
            49.07401
          ]
        ]
      ],
      [
        [
          [
            -123.77998,
            49.13262
          ],
          [
            -123.77951,
            49.13242
          ],
          [
            -123.78026,
            49.13256
          ],
          [
            -123.77998,
            49.13262
          ]
        ]
      ],
      [
        [
          [
            -123.77417,
            49.12351
          ],
          [
            -123.7741857,
            49.1235264
          ],
          [
            -123.7741262,
            49.1235066
          ],
          [
            -123.77417,
            49.12351
          ]
        ]
      ],
      [
        [
          [
            -123.77062,
            49.02894
          ],
          [
            -123.77103,
            49.02903
          ],
          [
            -123.77096,
            49.02909
          ],
          [
            -123.77062,
            49.02894
          ]
        ]
      ],
      [
        [
          [
            -123.76316,
            49.11876
          ],
          [
            -123.75632,
            49.11342
          ],
          [
            -123.7596,
            49.11233
          ],
          [
            -123.76826,
            49.11913
          ],
          [
            -123.76933,
            49.12159
          ],
          [
            -123.76316,
            49.11876
          ]
        ]
      ],
      [
        [
          [
            -123.76841,
            49.12195
          ],
          [
            -123.76801,
            49.12148
          ],
          [
            -123.76878,
            49.12153
          ],
          [
            -123.76841,
            49.12195
          ]
        ]
      ],
      [
        [
          [
            -123.76661,
            49.1238
          ],
          [
            -123.76508,
            49.12285
          ],
          [
            -123.76665,
            49.12329
          ],
          [
            -123.76661,
            49.1238
          ]
        ]
      ],
      [
        [
          [
            -123.76338,
            49.11935
          ],
          [
            -123.76602,
            49.12151
          ],
          [
            -123.76518,
            49.12127
          ],
          [
            -123.76338,
            49.11935
          ]
        ]
      ],
      [
        [
          [
            -123.75891,
            49.11179
          ],
          [
            -123.75954,
            49.11191
          ],
          [
            -123.75988,
            49.11232
          ],
          [
            -123.75891,
            49.11179
          ]
        ]
      ],
      [
        [
          [
            -123.75963,
            49.05363
          ],
          [
            -123.76008,
            49.05371
          ],
          [
            -123.75971,
            49.05381
          ],
          [
            -123.75963,
            49.05363
          ]
        ]
      ],
      [
        [
          [
            -123.75482,
            49.04869
          ],
          [
            -123.75527,
            49.04878
          ],
          [
            -123.75542,
            49.04896
          ],
          [
            -123.75482,
            49.04869
          ]
        ]
      ],
      [
        [
          [
            -123.75301,
            48.9855
          ],
          [
            -123.75378,
            48.9854
          ],
          [
            -123.75462,
            48.98616
          ],
          [
            -123.75301,
            48.9855
          ]
        ]
      ],
      [
        [
          [
            -123.74226,
            49.10305
          ],
          [
            -123.72761,
            49.09524
          ],
          [
            -123.73043,
            49.09959
          ],
          [
            -123.72374,
            49.09698
          ],
          [
            -123.71978,
            49.09244
          ],
          [
            -123.72571,
            49.0942
          ],
          [
            -123.72619,
            49.09277
          ],
          [
            -123.72986,
            49.09327
          ],
          [
            -123.73402,
            49.09089
          ],
          [
            -123.73605,
            49.09176
          ],
          [
            -123.75731,
            49.10752
          ],
          [
            -123.75914,
            49.11089
          ],
          [
            -123.75671,
            49.112
          ],
          [
            -123.75433,
            49.11252
          ],
          [
            -123.74226,
            49.10305
          ]
        ]
      ],
      [
        [
          [
            -123.75336,
            49.04776
          ],
          [
            -123.75382,
            49.04799
          ],
          [
            -123.75374,
            49.04803
          ],
          [
            -123.75336,
            49.04776
          ]
        ]
      ],
      [
        [
          [
            -123.75176,
            49.04411
          ],
          [
            -123.7523,
            49.04401
          ],
          [
            -123.75249,
            49.04433
          ],
          [
            -123.75176,
            49.04411
          ]
        ]
      ],
      [
        [
          [
            -123.74539,
            49.10755
          ],
          [
            -123.74617,
            49.10812
          ],
          [
            -123.73969,
            49.10403
          ],
          [
            -123.74539,
            49.10755
          ]
        ]
      ],
      [
        [
          [
            -123.73402,
            49.09939
          ],
          [
            -123.73312,
            49.09859
          ],
          [
            -123.73454,
            49.09944
          ],
          [
            -123.73402,
            49.09939
          ]
        ]
      ],
      [
        [
          [
            -123.73347,
            49.09999
          ],
          [
            -123.73486,
            49.10044
          ],
          [
            -123.73197,
            49.0997
          ],
          [
            -123.73347,
            49.09999
          ]
        ]
      ],
      [
        [
          [
            -123.71858,
            49.08583
          ],
          [
            -123.71851,
            49.08571
          ],
          [
            -123.71902,
            49.08616
          ],
          [
            -123.71858,
            49.08583
          ]
        ]
      ],
      [
        [
          [
            -123.71709,
            49.08618
          ],
          [
            -123.71811,
            49.08667
          ],
          [
            -123.71859,
            49.0872
          ],
          [
            -123.71709,
            49.08618
          ]
        ]
      ],
      [
        [
          [
            -123.71589,
            49.13182
          ],
          [
            -123.71765,
            49.13264
          ],
          [
            -123.71843,
            49.13426
          ],
          [
            -123.71589,
            49.13182
          ]
        ]
      ],
      [
        [
          [
            -123.71769,
            49.05426
          ],
          [
            -123.71778,
            49.05406
          ],
          [
            -123.71803,
            49.05427
          ],
          [
            -123.71769,
            49.05426
          ]
        ]
      ],
      [
        [
          [
            -123.71655,
            49.08634
          ],
          [
            -123.71732,
            49.08665
          ],
          [
            -123.7175,
            49.08702
          ],
          [
            -123.71655,
            49.08634
          ]
        ]
      ],
      [
        [
          [
            -123.71633,
            49.12629
          ],
          [
            -123.71656,
            49.12621
          ],
          [
            -123.717,
            49.12662
          ],
          [
            -123.71633,
            49.12629
          ]
        ]
      ],
      [
        [
          [
            -123.71588,
            49.12587
          ],
          [
            -123.71617,
            49.1259
          ],
          [
            -123.71599,
            49.12599
          ],
          [
            -123.71588,
            49.12587
          ]
        ]
      ],
      [
        [
          [
            -123.71191,
            49.08116
          ],
          [
            -123.71602,
            49.08626
          ],
          [
            -123.71033,
            49.08277
          ],
          [
            -123.70962,
            49.08459
          ],
          [
            -123.70386,
            49.08156
          ],
          [
            -123.70434,
            49.08289
          ],
          [
            -123.69529,
            49.07656
          ],
          [
            -123.69603,
            49.07094
          ],
          [
            -123.70364,
            49.07307
          ],
          [
            -123.70774,
            49.07738
          ],
          [
            -123.70692,
            49.07918
          ],
          [
            -123.70872,
            49.07839
          ],
          [
            -123.7113,
            49.07979
          ],
          [
            -123.71047,
            49.0789
          ],
          [
            -123.71584,
            49.08264
          ],
          [
            -123.71191,
            49.08116
          ]
        ]
      ],
      [
        [
          [
            -123.71424,
            49.0538
          ],
          [
            -123.71457,
            49.05364
          ],
          [
            -123.71538,
            49.05436
          ],
          [
            -123.71424,
            49.0538
          ]
        ]
      ],
      [
        [
          [
            -123.71332,
            49.132
          ],
          [
            -123.71397,
            49.1321
          ],
          [
            -123.7147,
            49.13305
          ],
          [
            -123.71332,
            49.132
          ]
        ]
      ],
      [
        [
          [
            -123.70908,
            49.03705
          ],
          [
            -123.7107,
            49.03792
          ],
          [
            -123.70893,
            49.03758
          ],
          [
            -123.70908,
            49.03705
          ]
        ]
      ],
      [
        [
          [
            -123.69716,
            49.15334
          ],
          [
            -123.69906,
            49.1518
          ],
          [
            -123.70283,
            49.15291
          ],
          [
            -123.69857,
            49.1495
          ],
          [
            -123.69979,
            49.14853
          ],
          [
            -123.69567,
            49.14769
          ],
          [
            -123.69436,
            49.14429
          ],
          [
            -123.69041,
            49.14333
          ],
          [
            -123.69189,
            49.13421
          ],
          [
            -123.69286,
            49.13302
          ],
          [
            -123.69565,
            49.13363
          ],
          [
            -123.69603,
            49.13109
          ],
          [
            -123.69978,
            49.13186
          ],
          [
            -123.70126,
            49.12974
          ],
          [
            -123.70436,
            49.1299
          ],
          [
            -123.71276,
            49.13459
          ],
          [
            -123.71094,
            49.1353
          ],
          [
            -123.7101,
            49.13867
          ],
          [
            -123.72113,
            49.13656
          ],
          [
            -123.71812,
            49.13223
          ],
          [
            -123.71977,
            49.13149
          ],
          [
            -123.71762,
            49.13115
          ],
          [
            -123.71744,
            49.12946
          ],
          [
            -123.73216,
            49.12717
          ],
          [
            -123.74396,
            49.12904
          ],
          [
            -123.74726,
            49.12783
          ],
          [
            -123.75495,
            49.13043
          ],
          [
            -123.76337,
            49.13
          ],
          [
            -123.78317,
            49.13573
          ],
          [
            -123.78751,
            49.13976
          ],
          [
            -123.83311,
            49.14773
          ],
          [
            -123.85199,
            49.15374
          ],
          [
            -123.86484,
            49.1599
          ],
          [
            -123.8686,
            49.16337
          ],
          [
            -123.87149,
            49.16939
          ],
          [
            -123.87005,
            49.17627
          ],
          [
            -123.86379,
            49.17334
          ],
          [
            -123.85939,
            49.17751
          ],
          [
            -123.85636,
            49.17733
          ],
          [
            -123.86173,
            49.17918
          ],
          [
            -123.8594,
            49.17958
          ],
          [
            -123.86073,
            49.18015
          ],
          [
            -123.86405,
            49.17994
          ],
          [
            -123.86269,
            49.18041
          ],
          [
            -123.86552,
            49.1819
          ],
          [
            -123.86091,
            49.18347
          ],
          [
            -123.8736,
            49.19034
          ],
          [
            -123.87033,
            49.19035
          ],
          [
            -123.87293,
            49.19209
          ],
          [
            -123.86029,
            49.1929
          ],
          [
            -123.86022,
            49.19443
          ],
          [
            -123.86731,
            49.19631
          ],
          [
            -123.86302,
            49.19852
          ],
          [
            -123.85352,
            49.19968
          ],
          [
            -123.85846,
            49.19491
          ],
          [
            -123.85678,
            49.19399
          ],
          [
            -123.84862,
            49.19781
          ],
          [
            -123.83171,
            49.20111
          ],
          [
            -123.83082,
            49.19922
          ],
          [
            -123.82462,
            49.20212
          ],
          [
            -123.81871,
            49.20244
          ],
          [
            -123.81814,
            49.19621
          ],
          [
            -123.82077,
            49.19347
          ],
          [
            -123.81841,
            49.19247
          ],
          [
            -123.82185,
            49.19046
          ],
          [
            -123.81936,
            49.18613
          ],
          [
            -123.81311,
            49.18433
          ],
          [
            -123.80973,
            49.18563
          ],
          [
            -123.80065,
            49.18094
          ],
          [
            -123.79515,
            49.18006
          ],
          [
            -123.77598,
            49.17147
          ],
          [
            -123.77214,
            49.16775
          ],
          [
            -123.75969,
            49.16477
          ],
          [
            -123.71415,
            49.15984
          ],
          [
            -123.71262,
            49.15825
          ],
          [
            -123.71187,
            49.15976
          ],
          [
            -123.70739,
            49.15852
          ],
          [
            -123.7067,
            49.15982
          ],
          [
            -123.70424,
            49.15945
          ],
          [
            -123.70296,
            49.15845
          ],
          [
            -123.70466,
            49.1574
          ],
          [
            -123.69716,
            49.15334
          ]
        ]
      ],
      [
        [
          [
            -123.704,
            48.97751
          ],
          [
            -123.70384,
            48.97728
          ],
          [
            -123.70439,
            48.97702
          ],
          [
            -123.704,
            48.97751
          ]
        ]
      ],
      [
        [
          [
            -123.70278,
            49.08266
          ],
          [
            -123.70303,
            49.08267
          ],
          [
            -123.70366,
            49.08319
          ],
          [
            -123.70278,
            49.08266
          ]
        ]
      ],
      [
        [
          [
            -123.69767,
            49.06133
          ],
          [
            -123.69748,
            49.06059
          ],
          [
            -123.69901,
            49.06064
          ],
          [
            -123.69767,
            49.06133
          ]
        ]
      ],
      [
        [
          [
            -123.69665,
            49.06973
          ],
          [
            -123.68528,
            49.06889
          ],
          [
            -123.68415,
            49.06518
          ],
          [
            -123.69239,
            49.06264
          ],
          [
            -123.69807,
            49.06806
          ],
          [
            -123.69665,
            49.06973
          ]
        ]
      ],
      [
        [
          [
            -123.69696,
            49.15958
          ],
          [
            -123.69624,
            49.15937
          ],
          [
            -123.69754,
            49.15913
          ],
          [
            -123.69696,
            49.15958
          ]
        ]
      ],
      [
        [
          [
            -123.69654,
            49.02697
          ],
          [
            -123.69515,
            49.02531
          ],
          [
            -123.69748,
            49.02749
          ],
          [
            -123.69654,
            49.02697
          ]
        ]
      ],
      [
        [
          [
            -123.70143,
            49.15729
          ],
          [
            -123.69663,
            49.15555
          ],
          [
            -123.69723,
            49.15475
          ],
          [
            -123.70143,
            49.15729
          ]
        ]
      ],
      [
        [
          [
            -123.69406,
            48.97644
          ],
          [
            -123.69403,
            48.97238
          ],
          [
            -123.69273,
            48.97222
          ],
          [
            -123.6958,
            48.97147
          ],
          [
            -123.69663,
            48.97236
          ],
          [
            -123.69406,
            48.97644
          ]
        ]
      ],
      [
        [
          [
            -123.69459,
            49.07517
          ],
          [
            -123.69512,
            49.07547
          ],
          [
            -123.6947,
            49.07535
          ],
          [
            -123.69459,
            49.07517
          ]
        ]
      ],
      [
        [
          [
            -123.69241,
            49.15772
          ],
          [
            -123.69384,
            49.1561
          ],
          [
            -123.69072,
            49.15642
          ],
          [
            -123.69011,
            49.15441
          ],
          [
            -123.69368,
            49.15425
          ],
          [
            -123.69678,
            49.15688
          ],
          [
            -123.69427,
            49.15853
          ],
          [
            -123.69241,
            49.15772
          ]
        ]
      ],
      [
        [
          [
            -123.69321,
            49.07485
          ],
          [
            -123.69102,
            49.07374
          ],
          [
            -123.69333,
            49.07322
          ],
          [
            -123.69321,
            49.07485
          ]
        ]
      ],
      [
        [
          [
            -123.69292,
            49.01398
          ],
          [
            -123.69302,
            49.01401
          ],
          [
            -123.69303,
            49.01415
          ],
          [
            -123.69292,
            49.01398
          ]
        ]
      ],
      [
        [
          [
            -123.69269,
            48.97308
          ],
          [
            -123.6933,
            48.97362
          ],
          [
            -123.69297,
            48.97365
          ],
          [
            -123.69269,
            48.97308
          ]
        ]
      ],
      [
        [
          [
            -123.69249,
            48.97518
          ],
          [
            -123.69298,
            48.97523
          ],
          [
            -123.69296,
            48.9759
          ],
          [
            -123.69249,
            48.97518
          ]
        ]
      ],
      [
        [
          [
            -123.69268,
            49.0141
          ],
          [
            -123.69282,
            49.01413
          ],
          [
            -123.69282,
            49.0143
          ],
          [
            -123.69268,
            49.0141
          ]
        ]
      ],
      [
        [
          [
            -123.69213,
            48.97401
          ],
          [
            -123.69218,
            48.97316
          ],
          [
            -123.69273,
            48.97388
          ],
          [
            -123.69213,
            48.97401
          ]
        ]
      ],
      [
        [
          [
            -123.69234,
            49.15279
          ],
          [
            -123.6925,
            49.15249
          ],
          [
            -123.69267,
            49.15266
          ],
          [
            -123.69234,
            49.15279
          ]
        ]
      ],
      [
        [
          [
            -123.69219,
            49.01488
          ],
          [
            -123.69221,
            49.01472
          ],
          [
            -123.69238,
            49.01507
          ],
          [
            -123.69219,
            49.01488
          ]
        ]
      ],
      [
        [
          [
            -123.69194,
            48.97427
          ],
          [
            -123.69198,
            48.97407
          ],
          [
            -123.69212,
            48.97449
          ],
          [
            -123.69194,
            48.97427
          ]
        ]
      ],
      [
        [
          [
            -123.68942,
            49.12219
          ],
          [
            -123.6935,
            49.12526
          ],
          [
            -123.69199,
            49.12466
          ],
          [
            -123.68942,
            49.12219
          ]
        ]
      ],
      [
        [
          [
            -123.69177,
            48.97284
          ],
          [
            -123.69181,
            48.9734
          ],
          [
            -123.6913853,
            48.9731256
          ],
          [
            -123.6914483,
            48.9729138
          ],
          [
            -123.69177,
            48.97284
          ]
        ]
      ],
      [
        [
          [
            -123.68888,
            48.97028
          ],
          [
            -123.69206,
            48.97086
          ],
          [
            -123.6914483,
            48.9729138
          ],
          [
            -123.69116,
            48.97298
          ],
          [
            -123.6913853,
            48.9731256
          ],
          [
            -123.69083,
            48.97499
          ],
          [
            -123.68723,
            48.97427
          ],
          [
            -123.68596,
            48.97224
          ],
          [
            -123.68888,
            48.97028
          ]
        ]
      ],
      [
        [
          [
            -123.69015,
            49.13168
          ],
          [
            -123.69103,
            49.13097
          ],
          [
            -123.69074,
            49.13229
          ],
          [
            -123.69015,
            49.13168
          ]
        ]
      ],
      [
        [
          [
            -123.69009,
            49.14089
          ],
          [
            -123.6902,
            49.14024
          ],
          [
            -123.69049,
            49.14018
          ],
          [
            -123.69009,
            49.14089
          ]
        ]
      ],
      [
        [
          [
            -123.68964,
            49.14539
          ],
          [
            -123.68784,
            49.14506
          ],
          [
            -123.68876,
            49.14387
          ],
          [
            -123.69304,
            49.14601
          ],
          [
            -123.69454,
            49.14851
          ],
          [
            -123.69306,
            49.14944
          ],
          [
            -123.69029,
            49.14859
          ],
          [
            -123.68964,
            49.14539
          ]
        ]
      ],
      [
        [
          [
            -123.68744,
            49.15044
          ],
          [
            -123.68981,
            49.14876
          ],
          [
            -123.69249,
            49.15214
          ],
          [
            -123.68884,
            49.15233
          ],
          [
            -123.68744,
            49.15044
          ]
        ]
      ],
      [
        [
          [
            -123.68602,
            49.1589
          ],
          [
            -123.68833,
            49.15736
          ],
          [
            -123.6901,
            49.15932
          ],
          [
            -123.68859,
            49.15957
          ],
          [
            -123.68602,
            49.1589
          ]
        ]
      ],
      [
        [
          [
            -123.68748,
            49.12047
          ],
          [
            -123.68823,
            49.12077
          ],
          [
            -123.68756,
            49.1209
          ],
          [
            -123.68748,
            49.12047
          ]
        ]
      ],
      [
        [
          [
            -123.68583,
            48.91511
          ],
          [
            -123.68621,
            48.9152
          ],
          [
            -123.68719,
            48.9164
          ],
          [
            -123.68583,
            48.91511
          ]
        ]
      ],
      [
        [
          [
            -123.68631,
            49.15705
          ],
          [
            -123.68366,
            49.15796
          ],
          [
            -123.68385,
            49.15655
          ],
          [
            -123.68121,
            49.15614
          ],
          [
            -123.68551,
            49.15425
          ],
          [
            -123.68631,
            49.15705
          ]
        ]
      ],
      [
        [
          [
            -123.68504,
            48.9143
          ],
          [
            -123.68517,
            48.91425
          ],
          [
            -123.68549,
            48.91463
          ],
          [
            -123.68504,
            48.9143
          ]
        ]
      ],
      [
        [
          [
            -123.68471,
            49.06918
          ],
          [
            -123.68676,
            49.06951
          ],
          [
            -123.68532,
            49.06964
          ],
          [
            -123.68471,
            49.06918
          ]
        ]
      ],
      [
        [
          [
            -123.68431,
            49.06769
          ],
          [
            -123.68439,
            49.06758
          ],
          [
            -123.68456,
            49.0678
          ],
          [
            -123.68431,
            49.06769
          ]
        ]
      ],
      [
        [
          [
            -123.68407,
            48.96875
          ],
          [
            -123.68315,
            48.96727
          ],
          [
            -123.68445,
            48.96794
          ],
          [
            -123.68407,
            48.96875
          ]
        ]
      ],
      [
        [
          [
            -123.68587,
            49.13605
          ],
          [
            -123.68506,
            49.13807
          ],
          [
            -123.68269,
            49.13865
          ],
          [
            -123.68095,
            49.13936
          ],
          [
            -123.6796,
            49.13684
          ],
          [
            -123.68369,
            49.13141
          ],
          [
            -123.68206,
            49.12607
          ],
          [
            -123.68422,
            49.12877
          ],
          [
            -123.68587,
            49.13605
          ]
        ]
      ],
      [
        [
          [
            -123.68191,
            48.91029
          ],
          [
            -123.68501,
            48.9141
          ],
          [
            -123.68343,
            48.91283
          ],
          [
            -123.68191,
            48.91029
          ]
        ]
      ],
      [
        [
          [
            -123.68027,
            48.90801
          ],
          [
            -123.68078,
            48.90809
          ],
          [
            -123.681,
            48.90851
          ],
          [
            -123.68027,
            48.90801
          ]
        ]
      ],
      [
        [
          [
            -123.67908,
            49.14339
          ],
          [
            -123.67933,
            49.14331
          ],
          [
            -123.67951,
            49.14355
          ],
          [
            -123.67908,
            49.14339
          ]
        ]
      ],
      [
        [
          [
            -123.67796,
            48.90541
          ],
          [
            -123.67883,
            48.90602
          ],
          [
            -123.67893,
            48.90635
          ],
          [
            -123.67796,
            48.90541
          ]
        ]
      ],
      [
        [
          [
            -123.67903,
            49.14633
          ],
          [
            -123.67598,
            49.14291
          ],
          [
            -123.67839,
            49.14399
          ],
          [
            -123.67903,
            49.14633
          ]
        ]
      ],
      [
        [
          [
            -123.67755,
            49.15829
          ],
          [
            -123.67699,
            49.15856
          ],
          [
            -123.67734,
            49.15815
          ],
          [
            -123.67755,
            49.15829
          ]
        ]
      ],
      [
        [
          [
            -123.67692,
            49.14627
          ],
          [
            -123.67714,
            49.14638
          ],
          [
            -123.67685,
            49.14654
          ],
          [
            -123.67692,
            49.14627
          ]
        ]
      ],
      [
        [
          [
            -123.67591,
            49.14553
          ],
          [
            -123.67594,
            49.14539
          ],
          [
            -123.67611,
            49.14546
          ],
          [
            -123.67591,
            49.14553
          ]
        ]
      ],
      [
        [
          [
            -123.67563,
            48.90866
          ],
          [
            -123.67833,
            48.91107
          ],
          [
            -123.67574,
            48.91029
          ],
          [
            -123.67563,
            48.90866
          ]
        ]
      ],
      [
        [
          [
            -123.67435,
            48.96627
          ],
          [
            -123.67639,
            48.96818
          ],
          [
            -123.67565,
            48.96787
          ],
          [
            -123.67435,
            48.96627
          ]
        ]
      ],
      [
        [
          [
            -123.67528,
            48.9588
          ],
          [
            -123.679,
            48.96092
          ],
          [
            -123.67542,
            48.95941
          ],
          [
            -123.67528,
            48.9588
          ]
        ]
      ],
      [
        [
          [
            -123.67548,
            48.97094
          ],
          [
            -123.67335,
            48.97214
          ],
          [
            -123.67847,
            48.98139
          ],
          [
            -123.68754,
            48.98041
          ],
          [
            -123.69143,
            48.98154
          ],
          [
            -123.69526,
            48.99114
          ],
          [
            -123.70119,
            48.99793
          ],
          [
            -123.70611,
            49.011
          ],
          [
            -123.70552,
            49.01355
          ],
          [
            -123.70961,
            49.01799
          ],
          [
            -123.70979,
            49.01979
          ],
          [
            -123.70838,
            49.01982
          ],
          [
            -123.69973,
            49.01696
          ],
          [
            -123.69492,
            49.01144
          ],
          [
            -123.69405,
            49.01329
          ],
          [
            -123.69214,
            49.01225
          ],
          [
            -123.69153,
            49.01466
          ],
          [
            -123.68998,
            49.01352
          ],
          [
            -123.68771,
            49.01444
          ],
          [
            -123.68952,
            49.01657
          ],
          [
            -123.68839,
            49.01691
          ],
          [
            -123.68401,
            49.0102
          ],
          [
            -123.67798,
            49.00488
          ],
          [
            -123.69008,
            49.02041
          ],
          [
            -123.68813,
            49.02096
          ],
          [
            -123.69001,
            49.02248
          ],
          [
            -123.68032,
            49.01911
          ],
          [
            -123.67275,
            49.01367
          ],
          [
            -123.67334,
            49.0118
          ],
          [
            -123.67105,
            49.00884
          ],
          [
            -123.66161,
            49.0039
          ],
          [
            -123.6532,
            48.99448
          ],
          [
            -123.65421,
            48.99221
          ],
          [
            -123.65212,
            48.9901
          ],
          [
            -123.65265,
            48.98855
          ],
          [
            -123.65636,
            48.98836
          ],
          [
            -123.6600562,
            48.9860019
          ],
          [
            -123.66144,
            48.98646
          ],
          [
            -123.66201,
            48.98444
          ],
          [
            -123.66896,
            48.98477
          ],
          [
            -123.66802,
            48.98302
          ],
          [
            -123.66587,
            48.98371
          ],
          [
            -123.66859,
            48.98259
          ],
          [
            -123.67304,
            48.9845
          ],
          [
            -123.67623,
            48.98365
          ],
          [
            -123.66927,
            48.97667
          ],
          [
            -123.66804,
            48.96946
          ],
          [
            -123.6704416,
            48.9694712
          ],
          [
            -123.67054,
            48.96992
          ],
          [
            -123.67092,
            48.96958
          ],
          [
            -123.6707715,
            48.9694728
          ],
          [
            -123.67445,
            48.96949
          ],
          [
            -123.67548,
            48.97094
          ]
        ]
      ],
      [
        [
          [
            -123.67809,
            48.9619
          ],
          [
            -123.68301,
            48.96665
          ],
          [
            -123.68046,
            48.96595
          ],
          [
            -123.67418,
            48.96174
          ],
          [
            -123.67809,
            48.9619
          ]
        ]
      ],
      [
        [
          [
            -123.6727,
            49.11119
          ],
          [
            -123.67228,
            49.1105
          ],
          [
            -123.67357,
            49.11145
          ],
          [
            -123.6727,
            49.11119
          ]
        ]
      ],
      [
        [
          [
            -123.67346,
            49.14525
          ],
          [
            -123.67611,
            49.14712
          ],
          [
            -123.67459,
            49.14739
          ],
          [
            -123.67317,
            49.14789
          ],
          [
            -123.67346,
            49.14525
          ]
        ]
      ],
      [
        [
          [
            -123.6704416,
            48.9694712
          ],
          [
            -123.67038,
            48.96919
          ],
          [
            -123.6707715,
            48.9694728
          ],
          [
            -123.6704416,
            48.9694712
          ]
        ]
      ],
      [
        [
          [
            -123.6709599,
            48.8997381
          ],
          [
            -123.6733783,
            48.9013001
          ],
          [
            -123.67456,
            48.90273
          ],
          [
            -123.67148,
            48.90255
          ],
          [
            -123.67429,
            48.90747
          ],
          [
            -123.67058,
            48.907
          ],
          [
            -123.65733,
            48.8953
          ],
          [
            -123.66395,
            48.89691
          ],
          [
            -123.6711,
            48.90158
          ],
          [
            -123.66385,
            48.89516
          ],
          [
            -123.6709599,
            48.8997381
          ]
        ]
      ],
      [
        [
          [
            -123.66938,
            49.10933
          ],
          [
            -123.67012,
            49.10976
          ],
          [
            -123.67026,
            49.11035
          ],
          [
            -123.66938,
            49.10933
          ]
        ]
      ],
      [
        [
          [
            -123.66878,
            49.10928
          ],
          [
            -123.66925,
            49.10951
          ],
          [
            -123.66905,
            49.10959
          ],
          [
            -123.66878,
            49.10928
          ]
        ]
      ],
      [
        [
          [
            -123.66536,
            49.10769
          ],
          [
            -123.6662,
            49.10801
          ],
          [
            -123.66765,
            49.11031
          ],
          [
            -123.66536,
            49.10769
          ]
        ]
      ],
      [
        [
          [
            -123.66445,
            48.98393
          ],
          [
            -123.66554,
            48.98378
          ],
          [
            -123.66458,
            48.98398
          ],
          [
            -123.66445,
            48.98393
          ]
        ]
      ],
      [
        [
          [
            -123.66257,
            48.9843
          ],
          [
            -123.6637,
            48.98406
          ],
          [
            -123.66393,
            48.98409
          ],
          [
            -123.66257,
            48.9843
          ]
        ]
      ],
      [
        [
          [
            -123.66208,
            48.94045
          ],
          [
            -123.66237,
            48.94048
          ],
          [
            -123.66341,
            48.94121
          ],
          [
            -123.66208,
            48.94045
          ]
        ]
      ],
      [
        [
          [
            -123.6600562,
            48.9860019
          ],
          [
            -123.65999,
            48.98598
          ],
          [
            -123.66147,
            48.9851
          ],
          [
            -123.6600562,
            48.9860019
          ]
        ]
      ],
      [
        [
          [
            -123.66089,
            48.93962
          ],
          [
            -123.66183,
            48.94016
          ],
          [
            -123.66124,
            48.93997
          ],
          [
            -123.66089,
            48.93962
          ]
        ]
      ],
      [
        [
          [
            -123.65974,
            48.98409
          ],
          [
            -123.63845,
            48.97828
          ],
          [
            -123.63742,
            48.98224
          ],
          [
            -123.63572,
            48.9826
          ],
          [
            -123.63765,
            48.97725
          ],
          [
            -123.63099,
            48.96737
          ],
          [
            -123.62851,
            48.95478
          ],
          [
            -123.62916,
            48.94792
          ],
          [
            -123.62781,
            48.94249
          ],
          [
            -123.63085,
            48.93445
          ],
          [
            -123.63961,
            48.93764
          ],
          [
            -123.6372,
            48.93944
          ],
          [
            -123.63843,
            48.94234
          ],
          [
            -123.64159,
            48.94308
          ],
          [
            -123.64348,
            48.94185
          ],
          [
            -123.65243,
            48.94462
          ],
          [
            -123.65698,
            48.949
          ],
          [
            -123.66209,
            48.95747
          ],
          [
            -123.65893,
            48.95995
          ],
          [
            -123.66121,
            48.96549
          ],
          [
            -123.65635,
            48.96768
          ],
          [
            -123.66126,
            48.97077
          ],
          [
            -123.6635,
            48.97531
          ],
          [
            -123.66887,
            48.97949
          ],
          [
            -123.66759,
            48.98281
          ],
          [
            -123.66346,
            48.98027
          ],
          [
            -123.66086,
            48.98044
          ],
          [
            -123.65974,
            48.98409
          ]
        ]
      ],
      [
        [
          [
            -123.6577,
            48.98485
          ],
          [
            -123.65841,
            48.98473
          ],
          [
            -123.65958,
            48.98467
          ],
          [
            -123.6577,
            48.98485
          ]
        ]
      ],
      [
        [
          [
            -123.65493,
            48.88925
          ],
          [
            -123.656,
            48.8895
          ],
          [
            -123.65934,
            48.89276
          ],
          [
            -123.65493,
            48.88925
          ]
        ]
      ],
      [
        [
          [
            -123.65903,
            49.14179
          ],
          [
            -123.65893,
            49.14149
          ],
          [
            -123.65925,
            49.14145
          ],
          [
            -123.65903,
            49.14179
          ]
        ]
      ],
      [
        [
          [
            -123.65285,
            48.88763
          ],
          [
            -123.65365,
            48.88774
          ],
          [
            -123.65487,
            48.88907
          ],
          [
            -123.65285,
            48.88763
          ]
        ]
      ],
      [
        [
          [
            -123.65059,
            48.99203
          ],
          [
            -123.65089,
            48.99207
          ],
          [
            -123.65188,
            48.9928
          ],
          [
            -123.65059,
            48.99203
          ]
        ]
      ],
      [
        [
          [
            -123.65141,
            49.14193
          ],
          [
            -123.65213,
            49.14224
          ],
          [
            -123.65146,
            49.14283
          ],
          [
            -123.65141,
            49.14193
          ]
        ]
      ],
      [
        [
          [
            -123.64942,
            49.14901
          ],
          [
            -123.64965,
            49.14922
          ],
          [
            -123.64915,
            49.14942
          ],
          [
            -123.64942,
            49.14901
          ]
        ]
      ],
      [
        [
          [
            -123.64863,
            48.8896
          ],
          [
            -123.65004,
            48.89091
          ],
          [
            -123.64854,
            48.89024
          ],
          [
            -123.64863,
            48.8896
          ]
        ]
      ],
      [
        [
          [
            -123.64819,
            48.99127
          ],
          [
            -123.65034,
            48.99317
          ],
          [
            -123.64789,
            48.99191
          ],
          [
            -123.64819,
            48.99127
          ]
        ]
      ],
      [
        [
          [
            -123.64654,
            48.88809
          ],
          [
            -123.64748,
            48.88829
          ],
          [
            -123.64745,
            48.88916
          ],
          [
            -123.64654,
            48.88809
          ]
        ]
      ],
      [
        [
          [
            -123.64647,
            49.01058
          ],
          [
            -123.64706,
            49.01062
          ],
          [
            -123.64707,
            49.01132
          ],
          [
            -123.64647,
            49.01058
          ]
        ]
      ],
      [
        [
          [
            -123.64326,
            49.00708
          ],
          [
            -123.64417,
            49.00766
          ],
          [
            -123.64466,
            49.00899
          ],
          [
            -123.64326,
            49.00708
          ]
        ]
      ],
      [
        [
          [
            -123.6429143,
            48.7471406
          ],
          [
            -123.6429823,
            48.7472055
          ],
          [
            -123.6429519,
            48.7472704
          ],
          [
            -123.6428738,
            48.7471204
          ],
          [
            -123.6429143,
            48.7471406
          ]
        ]
      ],
      [
        [
          [
            -123.6427224,
            48.74669
          ],
          [
            -123.6426896,
            48.7465968
          ],
          [
            -123.642746,
            48.7466373
          ],
          [
            -123.6427224,
            48.74669
          ]
        ]
      ],
      [
        [
          [
            -123.64255,
            48.7462
          ],
          [
            -123.6425581,
            48.7462062
          ],
          [
            -123.6425522,
            48.7462062
          ],
          [
            -123.64255,
            48.7462
          ]
        ]
      ],
      [
        [
          [
            -123.64193,
            49.00635
          ],
          [
            -123.64201,
            49.00623
          ],
          [
            -123.64215,
            49.00638
          ],
          [
            -123.64193,
            49.00635
          ]
        ]
      ],
      [
        [
          [
            -123.6415477,
            48.7475069
          ],
          [
            -123.6414493,
            48.747507
          ],
          [
            -123.641478,
            48.7471863
          ],
          [
            -123.6417473,
            48.7472037
          ],
          [
            -123.6416854,
            48.7474038
          ],
          [
            -123.6415477,
            48.7475069
          ]
        ]
      ],
      [
        [
          [
            -123.64129,
            48.98211
          ],
          [
            -123.63872,
            48.98129
          ],
          [
            -123.64004,
            48.98092
          ],
          [
            -123.64129,
            48.98211
          ]
        ]
      ],
      [
        [
          [
            -123.63921,
            48.88287
          ],
          [
            -123.6410819,
            48.8840921
          ],
          [
            -123.6412016,
            48.8843163
          ],
          [
            -123.64025,
            48.88456
          ],
          [
            -123.64134,
            48.88664
          ],
          [
            -123.63887,
            48.88575
          ],
          [
            -123.64021,
            48.88495
          ],
          [
            -123.6378,
            48.88319
          ],
          [
            -123.63562,
            48.88352
          ],
          [
            -123.6303,
            48.88021
          ],
          [
            -123.6345,
            48.88016
          ],
          [
            -123.64001,
            48.88424
          ],
          [
            -123.63921,
            48.88287
          ]
        ]
      ],
      [
        [
          [
            -123.63913,
            48.74765
          ],
          [
            -123.63818,
            48.74685
          ],
          [
            -123.63886,
            48.74707
          ],
          [
            -123.63913,
            48.74765
          ]
        ]
      ],
      [
        [
          [
            -123.63706,
            48.74751
          ],
          [
            -123.63713,
            48.74653
          ],
          [
            -123.63881,
            48.74814
          ],
          [
            -123.63706,
            48.74751
          ]
        ]
      ],
      [
        [
          [
            -123.63764,
            49.00579
          ],
          [
            -123.63818,
            49.00587
          ],
          [
            -123.63827,
            49.00609
          ],
          [
            -123.63764,
            49.00579
          ]
        ]
      ],
      [
        [
          [
            -123.63661,
            48.75029
          ],
          [
            -123.63859,
            48.75152
          ],
          [
            -123.63823,
            48.7515
          ],
          [
            -123.63661,
            48.75029
          ]
        ]
      ],
      [
        [
          [
            -123.63681,
            49.00488
          ],
          [
            -123.63707,
            49.00503
          ],
          [
            -123.63688,
            49.00504
          ],
          [
            -123.63681,
            49.00488
          ]
        ]
      ],
      [
        [
          [
            -123.6351475,
            48.7516038
          ],
          [
            -123.6356132,
            48.7516539
          ],
          [
            -123.6356511,
            48.7516731
          ],
          [
            -123.6355449,
            48.7518294
          ],
          [
            -123.6351003,
            48.7516966
          ],
          [
            -123.6351475,
            48.7516038
          ]
        ]
      ],
      [
        [
          [
            -123.63436,
            48.93273
          ],
          [
            -123.63457,
            48.93275
          ],
          [
            -123.63497,
            48.93313
          ],
          [
            -123.63436,
            48.93273
          ]
        ]
      ],
      [
        [
          [
            -123.63402,
            48.75326
          ],
          [
            -123.63355,
            48.75326
          ],
          [
            -123.63412,
            48.75311
          ],
          [
            -123.63402,
            48.75326
          ]
        ]
      ],
      [
        [
          [
            -123.6325,
            48.88277
          ],
          [
            -123.63266,
            48.88271
          ],
          [
            -123.63303,
            48.8829
          ],
          [
            -123.6325,
            48.88277
          ]
        ]
      ],
      [
        [
          [
            -123.63186,
            48.93112
          ],
          [
            -123.62585,
            48.92709
          ],
          [
            -123.62421,
            48.92161
          ],
          [
            -123.6305,
            48.92523
          ],
          [
            -123.62979,
            48.92847
          ],
          [
            -123.63298,
            48.92934
          ],
          [
            -123.63186,
            48.93112
          ]
        ]
      ],
      [
        [
          [
            -123.62956,
            48.88185
          ],
          [
            -123.63012,
            48.8818
          ],
          [
            -123.63086,
            48.88222
          ],
          [
            -123.62956,
            48.88185
          ]
        ]
      ],
      [
        [
          [
            -123.62925,
            48.87921
          ],
          [
            -123.63006,
            48.87953
          ],
          [
            -123.63035,
            48.87997
          ],
          [
            -123.62925,
            48.87921
          ]
        ]
      ],
      [
        [
          [
            -123.62752,
            48.98183
          ],
          [
            -123.62782,
            48.98174
          ],
          [
            -123.62798,
            48.98202
          ],
          [
            -123.62752,
            48.98183
          ]
        ]
      ],
      [
        [
          [
            -123.62637,
            49.06518
          ],
          [
            -123.62674,
            49.06523
          ],
          [
            -123.62752,
            49.06618
          ],
          [
            -123.62637,
            49.06518
          ]
        ]
      ],
      [
        [
          [
            -123.6273855,
            48.7493924
          ],
          [
            -123.6273118,
            48.7493722
          ],
          [
            -123.6273002,
            48.749367
          ],
          [
            -123.6273855,
            48.7493924
          ]
        ]
      ],
      [
        [
          [
            -123.62624,
            48.91359
          ],
          [
            -123.62747,
            48.91458
          ],
          [
            -123.62705,
            48.91458
          ],
          [
            -123.62624,
            48.91359
          ]
        ]
      ],
      [
        [
          [
            -123.62665,
            48.98082
          ],
          [
            -123.62676,
            48.98075
          ],
          [
            -123.62696,
            48.98098
          ],
          [
            -123.62665,
            48.98082
          ]
        ]
      ],
      [
        [
          [
            -123.6256785,
            48.7497042
          ],
          [
            -123.6255801,
            48.7500471
          ],
          [
            -123.624435,
            48.7486925
          ],
          [
            -123.6258158,
            48.7494067
          ],
          [
            -123.6256785,
            48.7497042
          ]
        ]
      ],
      [
        [
          [
            -123.62273,
            48.92072
          ],
          [
            -123.62351,
            48.92111
          ],
          [
            -123.62317,
            48.92129
          ],
          [
            -123.62273,
            48.92072
          ]
        ]
      ],
      [
        [
          [
            -123.62203,
            48.92012
          ],
          [
            -123.62226,
            48.92009
          ],
          [
            -123.62267,
            48.92051
          ],
          [
            -123.62203,
            48.92012
          ]
        ]
      ],
      [
        [
          [
            -123.61963,
            48.92213
          ],
          [
            -123.61985,
            48.9221
          ],
          [
            -123.62028,
            48.9225
          ],
          [
            -123.61963,
            48.92213
          ]
        ]
      ],
      [
        [
          [
            -123.61739,
            48.97497
          ],
          [
            -123.61816,
            48.97501
          ],
          [
            -123.61926,
            48.97566
          ],
          [
            -123.61739,
            48.97497
          ]
        ]
      ],
      [
        [
          [
            -123.61679,
            48.97584
          ],
          [
            -123.62715,
            48.98163
          ],
          [
            -123.62508,
            48.98069
          ],
          [
            -123.6178,
            48.97799
          ],
          [
            -123.61679,
            48.97584
          ]
        ]
      ],
      [
        [
          [
            -123.61676,
            48.97344
          ],
          [
            -123.61827,
            48.97431
          ],
          [
            -123.61687,
            48.97374
          ],
          [
            -123.61676,
            48.97344
          ]
        ]
      ],
      [
        [
          [
            -123.61428,
            48.9935
          ],
          [
            -123.61727,
            48.99132
          ],
          [
            -123.61948,
            48.99563
          ],
          [
            -123.62294,
            48.9982
          ],
          [
            -123.63161,
            48.99936
          ],
          [
            -123.63485,
            49.00376
          ],
          [
            -123.63089,
            49.006
          ],
          [
            -123.62765,
            49.00597
          ],
          [
            -123.61909,
            49.0013
          ],
          [
            -123.61728,
            48.99945
          ],
          [
            -123.6181,
            48.99687
          ],
          [
            -123.61669,
            48.9977
          ],
          [
            -123.61428,
            48.9935
          ]
        ]
      ],
      [
        [
          [
            -123.61575,
            48.98931
          ],
          [
            -123.61583,
            48.98928
          ],
          [
            -123.61584,
            48.98944
          ],
          [
            -123.61575,
            48.98931
          ]
        ]
      ],
      [
        [
          [
            -123.61575,
            48.98958
          ],
          [
            -123.61637,
            48.9905
          ],
          [
            -123.61554,
            48.99003
          ],
          [
            -123.61575,
            48.98958
          ]
        ]
      ],
      [
        [
          [
            -123.6151,
            48.98935
          ],
          [
            -123.61542,
            48.98938
          ],
          [
            -123.61525,
            48.98961
          ],
          [
            -123.6151,
            48.98935
          ]
        ]
      ],
      [
        [
          [
            -123.61235,
            48.96796
          ],
          [
            -123.61267,
            48.96795
          ],
          [
            -123.61369,
            48.9686
          ],
          [
            -123.61235,
            48.96796
          ]
        ]
      ],
      [
        [
          [
            -123.6114,
            48.96757
          ],
          [
            -123.61214,
            48.96785
          ],
          [
            -123.61176,
            48.96784
          ],
          [
            -123.6114,
            48.96757
          ]
        ]
      ],
      [
        [
          [
            -123.60944,
            48.96636
          ],
          [
            -123.61126,
            48.96751
          ],
          [
            -123.61,
            48.96693
          ],
          [
            -123.60944,
            48.96636
          ]
        ]
      ],
      [
        [
          [
            -123.60742,
            49.04572
          ],
          [
            -123.60839,
            49.04669
          ],
          [
            -123.60945,
            49.04883
          ],
          [
            -123.60742,
            49.04572
          ]
        ]
      ],
      [
        [
          [
            -123.60916,
            48.97366
          ],
          [
            -123.60948,
            48.97364
          ],
          [
            -123.6094,
            48.97377
          ],
          [
            -123.60916,
            48.97366
          ]
        ]
      ],
      [
        [
          [
            -123.6084,
            48.97019
          ],
          [
            -123.60874,
            48.97007
          ],
          [
            -123.60886,
            48.97042
          ],
          [
            -123.6084,
            48.97019
          ]
        ]
      ],
      [
        [
          [
            -123.60257,
            49.0386
          ],
          [
            -123.60125,
            49.03689
          ],
          [
            -123.60183,
            49.03389
          ],
          [
            -123.59588,
            49.02938
          ],
          [
            -123.59527,
            49.02822
          ],
          [
            -123.59669,
            49.02836
          ],
          [
            -123.59192,
            49.01781
          ],
          [
            -123.59523,
            49.0186
          ],
          [
            -123.59378,
            49.01617
          ],
          [
            -123.59709,
            49.01793
          ],
          [
            -123.59627,
            49.01532
          ],
          [
            -123.59821,
            49.01548
          ],
          [
            -123.60048,
            49.01273
          ],
          [
            -123.60585,
            49.01618
          ],
          [
            -123.60985,
            49.01604
          ],
          [
            -123.60962,
            49.01871
          ],
          [
            -123.62579,
            49.03311
          ],
          [
            -123.62949,
            49.03858
          ],
          [
            -123.6351,
            49.03822
          ],
          [
            -123.64057,
            49.04108
          ],
          [
            -123.64396,
            49.04071
          ],
          [
            -123.64368,
            49.04453
          ],
          [
            -123.64792,
            49.04642
          ],
          [
            -123.65703,
            49.05573
          ],
          [
            -123.6545,
            49.06494
          ],
          [
            -123.65643,
            49.06948
          ],
          [
            -123.67293,
            49.07951
          ],
          [
            -123.69821,
            49.09937
          ],
          [
            -123.7069,
            49.10938
          ],
          [
            -123.70861,
            49.11383
          ],
          [
            -123.70656,
            49.11596
          ],
          [
            -123.71623,
            49.12461
          ],
          [
            -123.7142,
            49.12748
          ],
          [
            -123.7087,
            49.12515
          ],
          [
            -123.70668,
            49.12557
          ],
          [
            -123.70749,
            49.1268
          ],
          [
            -123.70104,
            49.1245
          ],
          [
            -123.70403,
            49.12784
          ],
          [
            -123.70053,
            49.12803
          ],
          [
            -123.68763,
            49.11812
          ],
          [
            -123.68495,
            49.11854
          ],
          [
            -123.67226,
            49.10977
          ],
          [
            -123.66878,
            49.10398
          ],
          [
            -123.66968,
            49.10241
          ],
          [
            -123.6672,
            49.10129
          ],
          [
            -123.66849,
            49.10051
          ],
          [
            -123.66732,
            49.09837
          ],
          [
            -123.67064,
            49.09786
          ],
          [
            -123.66924,
            49.09539
          ],
          [
            -123.67052,
            49.09394
          ],
          [
            -123.66555,
            49.09223
          ],
          [
            -123.64819,
            49.07815
          ],
          [
            -123.6281,
            49.06587
          ],
          [
            -123.62382,
            49.06201
          ],
          [
            -123.62427,
            49.05859
          ],
          [
            -123.61854,
            49.05741
          ],
          [
            -123.6177,
            49.05619
          ],
          [
            -123.61895,
            49.05553
          ],
          [
            -123.60703,
            49.04253
          ],
          [
            -123.60879,
            49.04297
          ],
          [
            -123.60874,
            49.04178
          ],
          [
            -123.60257,
            49.0386
          ]
        ]
      ],
      [
        [
          [
            -123.60857,
            48.97067
          ],
          [
            -123.60887,
            48.97073
          ],
          [
            -123.60866,
            48.97089
          ],
          [
            -123.60857,
            48.97067
          ]
        ]
      ],
      [
        [
          [
            -123.6073,
            48.96453
          ],
          [
            -123.60759,
            48.96436
          ],
          [
            -123.60784,
            48.96467
          ],
          [
            -123.6073,
            48.96453
          ]
        ]
      ],
      [
        [
          [
            -123.60921,
            48.97115
          ],
          [
            -123.61096,
            48.97335
          ],
          [
            -123.60905,
            48.97295
          ],
          [
            -123.60617,
            48.97181
          ],
          [
            -123.60921,
            48.97115
          ]
        ]
      ],
      [
        [
          [
            -123.60444,
            49.04173
          ],
          [
            -123.60515,
            49.04211
          ],
          [
            -123.6053,
            49.04258
          ],
          [
            -123.60444,
            49.04173
          ]
        ]
      ],
      [
        [
          [
            -123.60145,
            48.93993
          ],
          [
            -123.60151,
            48.93986
          ],
          [
            -123.60175,
            48.94017
          ],
          [
            -123.60145,
            48.93993
          ]
        ]
      ],
      [
        [
          [
            -123.60017,
            49.03597
          ],
          [
            -123.60004,
            49.03521
          ],
          [
            -123.60095,
            49.03626
          ],
          [
            -123.60017,
            49.03597
          ]
        ]
      ],
      [
        [
          [
            -123.60216,
            48.98069
          ],
          [
            -123.60019,
            48.98056
          ],
          [
            -123.60016,
            48.97928
          ],
          [
            -123.60744,
            48.98324
          ],
          [
            -123.60826,
            48.98616
          ],
          [
            -123.60621,
            48.98572
          ],
          [
            -123.60079,
            48.98334
          ],
          [
            -123.60216,
            48.98069
          ]
        ]
      ],
      [
        [
          [
            -123.5998,
            48.96478
          ],
          [
            -123.60035,
            48.96476
          ],
          [
            -123.60063,
            48.96509
          ],
          [
            -123.5998,
            48.96478
          ]
        ]
      ],
      [
        [
          [
            -123.59693,
            49.01123
          ],
          [
            -123.59741,
            49.01135
          ],
          [
            -123.59768,
            49.01166
          ],
          [
            -123.59693,
            49.01123
          ]
        ]
      ],
      [
        [
          [
            -123.59578,
            48.96188
          ],
          [
            -123.59669,
            48.96222
          ],
          [
            -123.59632,
            48.96222
          ],
          [
            -123.59578,
            48.96188
          ]
        ]
      ],
      [
        [
          [
            -123.59474,
            48.91891
          ],
          [
            -123.59626,
            48.91963
          ],
          [
            -123.59543,
            48.91967
          ],
          [
            -123.59474,
            48.91891
          ]
        ]
      ],
      [
        [
          [
            -123.59395,
            48.96069
          ],
          [
            -123.59431,
            48.96066
          ],
          [
            -123.59495,
            48.96101
          ],
          [
            -123.59395,
            48.96069
          ]
        ]
      ],
      [
        [
          [
            -123.59525,
            49.02765
          ],
          [
            -123.59451,
            49.02733
          ],
          [
            -123.59377,
            49.02585
          ],
          [
            -123.59525,
            49.02765
          ]
        ]
      ],
      [
        [
          [
            -123.59382,
            49.02566
          ],
          [
            -123.59286,
            49.02447
          ],
          [
            -123.59339,
            49.02474
          ],
          [
            -123.59382,
            49.02566
          ]
        ]
      ],
      [
        [
          [
            -123.58897,
            48.96375
          ],
          [
            -123.58892,
            48.96038
          ],
          [
            -123.59236,
            48.95944
          ],
          [
            -123.59307,
            48.96132
          ],
          [
            -123.60492,
            48.96865
          ],
          [
            -123.60495,
            48.97072
          ],
          [
            -123.59196,
            48.9657
          ],
          [
            -123.58897,
            48.96375
          ]
        ]
      ],
      [
        [
          [
            -123.58677,
            48.95317
          ],
          [
            -123.5854,
            48.95265
          ],
          [
            -123.58739,
            48.95242
          ],
          [
            -123.58599,
            48.95072
          ],
          [
            -123.59105,
            48.95554
          ],
          [
            -123.58677,
            48.95317
          ]
        ]
      ],
      [
        [
          [
            -123.58844,
            49.02859
          ],
          [
            -123.58806,
            49.02751
          ],
          [
            -123.58936,
            49.02903
          ],
          [
            -123.58844,
            49.02859
          ]
        ]
      ],
      [
        [
          [
            -123.58572,
            48.96168
          ],
          [
            -123.57795,
            48.95809
          ],
          [
            -123.57762,
            48.95559
          ],
          [
            -123.58857,
            48.95866
          ],
          [
            -123.58836,
            48.96041
          ],
          [
            -123.58572,
            48.96168
          ]
        ]
      ],
      [
        [
          [
            -123.58692,
            49.02662
          ],
          [
            -123.58685,
            49.02582
          ],
          [
            -123.58758,
            49.02685
          ],
          [
            -123.58692,
            49.02662
          ]
        ]
      ],
      [
        [
          [
            -123.5872,
            48.75325
          ],
          [
            -123.58668,
            48.75303
          ],
          [
            -123.5871,
            48.75299
          ],
          [
            -123.5872,
            48.75325
          ]
        ]
      ],
      [
        [
          [
            -123.58562,
            48.95374
          ],
          [
            -123.58608,
            48.9538
          ],
          [
            -123.58615,
            48.95411
          ],
          [
            -123.58562,
            48.95374
          ]
        ]
      ],
      [
        [
          [
            -123.58331,
            48.95587
          ],
          [
            -123.58402,
            48.95613
          ],
          [
            -123.58376,
            48.95621
          ],
          [
            -123.58331,
            48.95587
          ]
        ]
      ],
      [
        [
          [
            -123.58322,
            48.88847
          ],
          [
            -123.58333,
            48.88837
          ],
          [
            -123.58348,
            48.88854
          ],
          [
            -123.58322,
            48.88847
          ]
        ]
      ],
      [
        [
          [
            -123.58159,
            48.95533
          ],
          [
            -123.58189,
            48.95522
          ],
          [
            -123.58261,
            48.95563
          ],
          [
            -123.58159,
            48.95533
          ]
        ]
      ],
      [
        [
          [
            -123.58133,
            48.88744
          ],
          [
            -123.58297,
            48.88818
          ],
          [
            -123.58223,
            48.88806
          ],
          [
            -123.58133,
            48.88744
          ]
        ]
      ],
      [
        [
          [
            -123.58423,
            48.99513
          ],
          [
            -123.58872,
            48.99876
          ],
          [
            -123.58965,
            49.00183
          ],
          [
            -123.58689,
            49.00494
          ],
          [
            -123.58504,
            49.00452
          ],
          [
            -123.58772,
            49.00922
          ],
          [
            -123.58477,
            49.00761
          ],
          [
            -123.58598,
            49.01284
          ],
          [
            -123.58413,
            49.01132
          ],
          [
            -123.58225,
            49.01074
          ],
          [
            -123.58029,
            49.01238
          ],
          [
            -123.57786,
            49.01059
          ],
          [
            -123.57599,
            49.01318
          ],
          [
            -123.57207,
            49.0101
          ],
          [
            -123.57,
            49.01064
          ],
          [
            -123.55381,
            48.99276
          ],
          [
            -123.53802,
            48.9799
          ],
          [
            -123.53209,
            48.97689
          ],
          [
            -123.5138,
            48.96244
          ],
          [
            -123.50706,
            48.95854
          ],
          [
            -123.4943,
            48.95435
          ],
          [
            -123.48921,
            48.95003
          ],
          [
            -123.46651,
            48.94622
          ],
          [
            -123.41487,
            48.92542
          ],
          [
            -123.40636,
            48.91895
          ],
          [
            -123.39797,
            48.91823
          ],
          [
            -123.3818,
            48.91157
          ],
          [
            -123.36287,
            48.90805
          ],
          [
            -123.3617,
            48.90624
          ],
          [
            -123.35439,
            48.90662
          ],
          [
            -123.34482,
            48.90478
          ],
          [
            -123.34388,
            48.90243
          ],
          [
            -123.3408,
            48.90102
          ],
          [
            -123.34198,
            48.90001
          ],
          [
            -123.33887,
            48.89895
          ],
          [
            -123.33865,
            48.89651
          ],
          [
            -123.33544,
            48.89539
          ],
          [
            -123.33678,
            48.89447
          ],
          [
            -123.33451,
            48.89322
          ],
          [
            -123.34188,
            48.89209
          ],
          [
            -123.33157,
            48.8881
          ],
          [
            -123.32459,
            48.87976
          ],
          [
            -123.32295,
            48.87971
          ],
          [
            -123.32629,
            48.88464
          ],
          [
            -123.32507,
            48.88706
          ],
          [
            -123.31207,
            48.87997
          ],
          [
            -123.31344,
            48.87897
          ],
          [
            -123.31232,
            48.87769
          ],
          [
            -123.31595,
            48.87812
          ],
          [
            -123.31906,
            48.87658
          ],
          [
            -123.31053,
            48.87249
          ],
          [
            -123.3147,
            48.87133
          ],
          [
            -123.31113,
            48.86824
          ],
          [
            -123.31429,
            48.86763
          ],
          [
            -123.3135,
            48.86209
          ],
          [
            -123.32865,
            48.86133
          ],
          [
            -123.33388,
            48.86487
          ],
          [
            -123.34683,
            48.86708
          ],
          [
            -123.34971,
            48.86579
          ],
          [
            -123.35051,
            48.86136
          ],
          [
            -123.35416,
            48.85918
          ],
          [
            -123.37171,
            48.8617
          ],
          [
            -123.38384,
            48.86598
          ],
          [
            -123.39224,
            48.87158
          ],
          [
            -123.38691,
            48.87241
          ],
          [
            -123.38728,
            48.87507
          ],
          [
            -123.38902,
            48.87857
          ],
          [
            -123.39596,
            48.88293
          ],
          [
            -123.39913,
            48.88728
          ],
          [
            -123.39069,
            48.88455
          ],
          [
            -123.38793,
            48.88913
          ],
          [
            -123.38921,
            48.89176
          ],
          [
            -123.39992,
            48.89782
          ],
          [
            -123.40593,
            48.89672
          ],
          [
            -123.40729,
            48.89828
          ],
          [
            -123.40341,
            48.89368
          ],
          [
            -123.40915,
            48.89457
          ],
          [
            -123.41038,
            48.8965
          ],
          [
            -123.40706,
            48.90095
          ],
          [
            -123.41513,
            48.90575
          ],
          [
            -123.45568,
            48.92299
          ],
          [
            -123.46956,
            48.9266
          ],
          [
            -123.49974,
            48.93805
          ],
          [
            -123.50155,
            48.93947
          ],
          [
            -123.50045,
            48.93977
          ],
          [
            -123.50148,
            48.9417
          ],
          [
            -123.50962,
            48.94349
          ],
          [
            -123.51218,
            48.94228
          ],
          [
            -123.52088,
            48.94524
          ],
          [
            -123.55399,
            48.9653
          ],
          [
            -123.56646,
            48.9758
          ],
          [
            -123.5683566,
            48.9798874
          ],
          [
            -123.5682,
            48.97984
          ],
          [
            -123.5684222,
            48.9800289
          ],
          [
            -123.56878,
            48.9808
          ],
          [
            -123.57079,
            48.98042
          ],
          [
            -123.57037,
            48.97941
          ],
          [
            -123.57199,
            48.98051
          ],
          [
            -123.5758,
            48.98469
          ],
          [
            -123.57391,
            48.98409
          ],
          [
            -123.57489,
            48.98563
          ],
          [
            -123.5738,
            48.98589
          ],
          [
            -123.57617,
            48.9866
          ],
          [
            -123.57835,
            48.99007
          ],
          [
            -123.58199,
            48.99075
          ],
          [
            -123.58423,
            48.99513
          ]
        ]
      ],
      [
        [
          [
            -123.57967,
            48.9556
          ],
          [
            -123.58,
            48.95558
          ],
          [
            -123.58118,
            48.95631
          ],
          [
            -123.57967,
            48.9556
          ]
        ]
      ],
      [
        [
          [
            -123.57848,
            48.95508
          ],
          [
            -123.57883,
            48.95515
          ],
          [
            -123.57916,
            48.95537
          ],
          [
            -123.57848,
            48.95508
          ]
        ]
      ],
      [
        [
          [
            -123.57632,
            48.98621
          ],
          [
            -123.5766,
            48.98624
          ],
          [
            -123.57678,
            48.9866
          ],
          [
            -123.57632,
            48.98621
          ]
        ]
      ],
      [
        [
          [
            -123.57445,
            48.87896
          ],
          [
            -123.57483,
            48.8789
          ],
          [
            -123.5753,
            48.87921
          ],
          [
            -123.57445,
            48.87896
          ]
        ]
      ],
      [
        [
          [
            -123.57302,
            49.01374
          ],
          [
            -123.57278,
            49.01275
          ],
          [
            -123.57396,
            49.01417
          ],
          [
            -123.57302,
            49.01374
          ]
        ]
      ],
      [
        [
          [
            -123.57394,
            48.87881
          ],
          [
            -123.57053,
            48.87786
          ],
          [
            -123.57006,
            48.87944
          ],
          [
            -123.58106,
            48.88726
          ],
          [
            -123.57328,
            48.88654
          ],
          [
            -123.59076,
            48.89657
          ],
          [
            -123.59278,
            48.89955
          ],
          [
            -123.58834,
            48.90075
          ],
          [
            -123.59158,
            48.90824
          ],
          [
            -123.58939,
            48.90772
          ],
          [
            -123.59205,
            48.90981
          ],
          [
            -123.59073,
            48.91018
          ],
          [
            -123.59233,
            48.91265
          ],
          [
            -123.58623,
            48.91762
          ],
          [
            -123.58736,
            48.92085
          ],
          [
            -123.59447,
            48.92718
          ],
          [
            -123.59191,
            48.92714
          ],
          [
            -123.59869,
            48.93332
          ],
          [
            -123.59554,
            48.93592
          ],
          [
            -123.59747,
            48.9422
          ],
          [
            -123.59223,
            48.94113
          ],
          [
            -123.59657,
            48.94588
          ],
          [
            -123.59488,
            48.94484
          ],
          [
            -123.58959,
            48.94341
          ],
          [
            -123.58503,
            48.93981
          ],
          [
            -123.57815,
            48.93876
          ],
          [
            -123.54715,
            48.91872
          ],
          [
            -123.53039,
            48.91446
          ],
          [
            -123.51866,
            48.90669
          ],
          [
            -123.5033,
            48.89289
          ],
          [
            -123.49629,
            48.88981
          ],
          [
            -123.49539,
            48.8909
          ],
          [
            -123.50384,
            48.89583
          ],
          [
            -123.49234,
            48.8925
          ],
          [
            -123.49394,
            48.88757
          ],
          [
            -123.47599,
            48.87883
          ],
          [
            -123.46338,
            48.86987
          ],
          [
            -123.42207,
            48.84909
          ],
          [
            -123.41945,
            48.84246
          ],
          [
            -123.42616,
            48.84754
          ],
          [
            -123.44306,
            48.85558
          ],
          [
            -123.44331,
            48.85702
          ],
          [
            -123.45555,
            48.86129
          ],
          [
            -123.46205,
            48.86043
          ],
          [
            -123.4695,
            48.8652
          ],
          [
            -123.48274,
            48.86789
          ],
          [
            -123.47616,
            48.86403
          ],
          [
            -123.47506,
            48.8642
          ],
          [
            -123.47561,
            48.86643
          ],
          [
            -123.47082,
            48.86503
          ],
          [
            -123.46805,
            48.86261
          ],
          [
            -123.46802,
            48.85982
          ],
          [
            -123.45431,
            48.8567
          ],
          [
            -123.44231,
            48.84959
          ],
          [
            -123.43043,
            48.84481
          ],
          [
            -123.42506,
            48.84047
          ],
          [
            -123.43885,
            48.8461
          ],
          [
            -123.44546,
            48.85095
          ],
          [
            -123.44906,
            48.84951
          ],
          [
            -123.44241,
            48.84351
          ],
          [
            -123.46658,
            48.84972
          ],
          [
            -123.48927,
            48.85965
          ],
          [
            -123.4846,
            48.85521
          ],
          [
            -123.48836,
            48.85635
          ],
          [
            -123.48994,
            48.8549
          ],
          [
            -123.49859,
            48.85904
          ],
          [
            -123.50167,
            48.85766
          ],
          [
            -123.50008,
            48.85399
          ],
          [
            -123.49491,
            48.85201
          ],
          [
            -123.49634,
            48.85087
          ],
          [
            -123.49733,
            48.8527
          ],
          [
            -123.4998,
            48.85113
          ],
          [
            -123.49604,
            48.84717
          ],
          [
            -123.48383,
            48.84177
          ],
          [
            -123.4796,
            48.84152
          ],
          [
            -123.48536,
            48.84512
          ],
          [
            -123.47344,
            48.8401
          ],
          [
            -123.47005,
            48.83377
          ],
          [
            -123.45595,
            48.82783
          ],
          [
            -123.43416,
            48.8133
          ],
          [
            -123.42518,
            48.8111
          ],
          [
            -123.42561,
            48.80921
          ],
          [
            -123.42238,
            48.80659
          ],
          [
            -123.42376,
            48.80543
          ],
          [
            -123.41969,
            48.80255
          ],
          [
            -123.40539,
            48.7976
          ],
          [
            -123.39167,
            48.79714
          ],
          [
            -123.39302,
            48.79541
          ],
          [
            -123.39042,
            48.79396
          ],
          [
            -123.3888,
            48.7898
          ],
          [
            -123.38765,
            48.79059
          ],
          [
            -123.38507,
            48.78763
          ],
          [
            -123.37812,
            48.786
          ],
          [
            -123.37754,
            48.78063
          ],
          [
            -123.37344,
            48.77921
          ],
          [
            -123.3761,
            48.77744
          ],
          [
            -123.37123,
            48.77745
          ],
          [
            -123.37263,
            48.77633
          ],
          [
            -123.37153,
            48.7744
          ],
          [
            -123.36656,
            48.77546
          ],
          [
            -123.36689,
            48.77096
          ],
          [
            -123.37211,
            48.76657
          ],
          [
            -123.37906,
            48.76951
          ],
          [
            -123.37812,
            48.76533
          ],
          [
            -123.38073,
            48.76725
          ],
          [
            -123.38038,
            48.76545
          ],
          [
            -123.38179,
            48.76536
          ],
          [
            -123.37995,
            48.76316
          ],
          [
            -123.38156,
            48.7622
          ],
          [
            -123.38032,
            48.76203
          ],
          [
            -123.38066,
            48.75999
          ],
          [
            -123.3843,
            48.75827
          ],
          [
            -123.38383,
            48.75567
          ],
          [
            -123.38664,
            48.75353
          ],
          [
            -123.38932,
            48.75465
          ],
          [
            -123.39284,
            48.75353
          ],
          [
            -123.39508,
            48.75635
          ],
          [
            -123.39721,
            48.75617
          ],
          [
            -123.39792,
            48.75849
          ],
          [
            -123.40308,
            48.7555
          ],
          [
            -123.40658,
            48.75575
          ],
          [
            -123.40966,
            48.75976
          ],
          [
            -123.4106,
            48.75809
          ],
          [
            -123.41192,
            48.75916
          ],
          [
            -123.4115,
            48.75745
          ],
          [
            -123.41433,
            48.75857
          ],
          [
            -123.41538,
            48.75717
          ],
          [
            -123.42592,
            48.75503
          ],
          [
            -123.43051,
            48.7558
          ],
          [
            -123.44042,
            48.76318
          ],
          [
            -123.44503,
            48.76911
          ],
          [
            -123.44818,
            48.7678
          ],
          [
            -123.45079,
            48.76921
          ],
          [
            -123.45031,
            48.77045
          ],
          [
            -123.46141,
            48.77234
          ],
          [
            -123.46109,
            48.77004
          ],
          [
            -123.44842,
            48.75628
          ],
          [
            -123.43421,
            48.74666
          ],
          [
            -123.42554,
            48.73328
          ],
          [
            -123.4372,
            48.73002
          ],
          [
            -123.43703,
            48.72813
          ],
          [
            -123.44188,
            48.72588
          ],
          [
            -123.44695,
            48.72695
          ],
          [
            -123.45567,
            48.72502
          ],
          [
            -123.45946,
            48.72121
          ],
          [
            -123.47372,
            48.71559
          ],
          [
            -123.48692,
            48.7136
          ],
          [
            -123.50078,
            48.71599
          ],
          [
            -123.52461,
            48.73492
          ],
          [
            -123.55153,
            48.74788
          ],
          [
            -123.5481,
            48.74832
          ],
          [
            -123.5487,
            48.75102
          ],
          [
            -123.55385,
            48.75309
          ],
          [
            -123.55483,
            48.75625
          ],
          [
            -123.56302,
            48.76112
          ],
          [
            -123.56193,
            48.76392
          ],
          [
            -123.56299,
            48.76669
          ],
          [
            -123.55321,
            48.77244
          ],
          [
            -123.54733,
            48.77273
          ],
          [
            -123.5472,
            48.77706
          ],
          [
            -123.54419,
            48.77901
          ],
          [
            -123.54768,
            48.78444
          ],
          [
            -123.55095,
            48.78474
          ],
          [
            -123.55407,
            48.78774
          ],
          [
            -123.54402,
            48.79207
          ],
          [
            -123.51934,
            48.78775
          ],
          [
            -123.51746,
            48.78857
          ],
          [
            -123.51753,
            48.79024
          ],
          [
            -123.52199,
            48.79465
          ],
          [
            -123.5339,
            48.79874
          ],
          [
            -123.53424,
            48.80059
          ],
          [
            -123.54705,
            48.80652
          ],
          [
            -123.54704,
            48.80855
          ],
          [
            -123.55388,
            48.81362
          ],
          [
            -123.56167,
            48.81716
          ],
          [
            -123.56703,
            48.8177
          ],
          [
            -123.57106,
            48.82089
          ],
          [
            -123.57248,
            48.82617
          ],
          [
            -123.57001,
            48.83033
          ],
          [
            -123.56992,
            48.84412
          ],
          [
            -123.57166,
            48.84762
          ],
          [
            -123.57018,
            48.85033
          ],
          [
            -123.56276,
            48.85228
          ],
          [
            -123.56108,
            48.85432
          ],
          [
            -123.56263,
            48.8573
          ],
          [
            -123.5491,
            48.86604
          ],
          [
            -123.52637,
            48.86105
          ],
          [
            -123.54661,
            48.866
          ],
          [
            -123.553253,
            48.8690256
          ],
          [
            -123.55279,
            48.86886
          ],
          [
            -123.55357,
            48.8693
          ],
          [
            -123.5538554,
            48.8693
          ],
          [
            -123.57243,
            48.87776
          ],
          [
            -123.57394,
            48.87881
          ]
        ]
      ],
      [
        [
          [
            -123.57349,
            48.95632
          ],
          [
            -123.54801,
            48.94314
          ],
          [
            -123.54496,
            48.93922
          ],
          [
            -123.5354,
            48.93416
          ],
          [
            -123.53482,
            48.93306
          ],
          [
            -123.54006,
            48.93433
          ],
          [
            -123.53506,
            48.93153
          ],
          [
            -123.55733,
            48.94297
          ],
          [
            -123.54995,
            48.94004
          ],
          [
            -123.57214,
            48.95396
          ],
          [
            -123.57349,
            48.95632
          ]
        ]
      ],
      [
        [
          [
            -123.57193,
            49.01233
          ],
          [
            -123.57151,
            49.01211
          ],
          [
            -123.57171,
            49.01207
          ],
          [
            -123.57193,
            49.01233
          ]
        ]
      ],
      [
        [
          [
            -123.57114,
            49.01152
          ],
          [
            -123.57146,
            49.01162
          ],
          [
            -123.5715,
            49.01185
          ],
          [
            -123.57114,
            49.01152
          ]
        ]
      ],
      [
        [
          [
            -123.57074,
            49.01098
          ],
          [
            -123.57104,
            49.01112
          ],
          [
            -123.57092,
            49.01117
          ],
          [
            -123.57074,
            49.01098
          ]
        ]
      ],
      [
        [
          [
            -123.56939,
            48.97969
          ],
          [
            -123.56971,
            48.97979
          ],
          [
            -123.57001,
            48.9803
          ],
          [
            -123.56939,
            48.97969
          ]
        ]
      ],
      [
        [
          [
            -123.5688,
            48.98035
          ],
          [
            -123.5684222,
            48.9800289
          ],
          [
            -123.5683566,
            48.9798874
          ],
          [
            -123.56853,
            48.97994
          ],
          [
            -123.5688,
            48.98035
          ]
        ]
      ],
      [
        [
          [
            -123.56646,
            48.95024
          ],
          [
            -123.56234,
            48.94744
          ],
          [
            -123.56674,
            48.94983
          ],
          [
            -123.56646,
            48.95024
          ]
        ]
      ],
      [
        [
          [
            -123.56362,
            48.76937
          ],
          [
            -123.56297,
            48.76917
          ],
          [
            -123.56343,
            48.76906
          ],
          [
            -123.56362,
            48.76937
          ]
        ]
      ],
      [
        [
          [
            -123.56313,
            48.94622
          ],
          [
            -123.56389,
            48.94671
          ],
          [
            -123.56205,
            48.94577
          ],
          [
            -123.56313,
            48.94622
          ]
        ]
      ],
      [
        [
          [
            -123.55835,
            48.94511
          ],
          [
            -123.55872,
            48.94521
          ],
          [
            -123.55857,
            48.94527
          ],
          [
            -123.55835,
            48.94511
          ]
        ]
      ],
      [
        [
          [
            -123.5577,
            48.94327
          ],
          [
            -123.55795,
            48.94324
          ],
          [
            -123.55843,
            48.94369
          ],
          [
            -123.5577,
            48.94327
          ]
        ]
      ],
      [
        [
          [
            -123.55816,
            48.94038
          ],
          [
            -123.55573,
            48.93902
          ],
          [
            -123.55611,
            48.93901
          ],
          [
            -123.55816,
            48.94038
          ]
        ]
      ],
      [
        [
          [
            -123.55625,
            48.87017
          ],
          [
            -123.55509,
            48.86972
          ],
          [
            -123.5554,
            48.86968
          ],
          [
            -123.55625,
            48.87017
          ]
        ]
      ],
      [
        [
          [
            -123.55539,
            48.75406
          ],
          [
            -123.55498,
            48.75403
          ],
          [
            -123.55514,
            48.75383
          ],
          [
            -123.55539,
            48.75406
          ]
        ]
      ],
      [
        [
          [
            -123.5538554,
            48.8693
          ],
          [
            -123.553253,
            48.8690256
          ],
          [
            -123.55402,
            48.8693
          ],
          [
            -123.5538554,
            48.8693
          ]
        ]
      ],
      [
        [
          [
            -123.54377,
            48.74305
          ],
          [
            -123.54303,
            48.74259
          ],
          [
            -123.54473,
            48.74312
          ],
          [
            -123.54377,
            48.74305
          ]
        ]
      ],
      [
        [
          [
            -123.5254,
            48.62815
          ],
          [
            -123.52525,
            48.62793
          ],
          [
            -123.52558,
            48.6279
          ],
          [
            -123.5254,
            48.62815
          ]
        ]
      ],
      [
        [
          [
            -123.50616,
            48.9414
          ],
          [
            -123.5028,
            48.93967
          ],
          [
            -123.50524,
            48.94012
          ],
          [
            -123.50616,
            48.9414
          ]
        ]
      ],
      [
        [
          [
            -123.49274,
            48.85138
          ],
          [
            -123.49371,
            48.85131
          ],
          [
            -123.49423,
            48.85188
          ],
          [
            -123.49274,
            48.85138
          ]
        ]
      ],
      [
        [
          [
            -123.48684,
            48.85389
          ],
          [
            -123.48735,
            48.85377
          ],
          [
            -123.48757,
            48.85412
          ],
          [
            -123.48684,
            48.85389
          ]
        ]
      ],
      [
        [
          [
            -123.4844,
            48.59175
          ],
          [
            -123.48602,
            48.59058
          ],
          [
            -123.48739,
            48.59257
          ],
          [
            -123.4844,
            48.59175
          ]
        ]
      ],
      [
        [
          [
            -123.47788,
            48.85041
          ],
          [
            -123.47503,
            48.84852
          ],
          [
            -123.48467,
            48.85254
          ],
          [
            -123.47788,
            48.85041
          ]
        ]
      ],
      [
        [
          [
            -123.47172,
            48.84742
          ],
          [
            -123.47193,
            48.84734
          ],
          [
            -123.4723,
            48.84761
          ],
          [
            -123.47172,
            48.84742
          ]
        ]
      ],
      [
        [
          [
            -123.4688,
            48.84581
          ],
          [
            -123.47036,
            48.84601
          ],
          [
            -123.47086,
            48.84699
          ],
          [
            -123.4688,
            48.84581
          ]
        ]
      ],
      [
        [
          [
            -123.46995,
            48.88285
          ],
          [
            -123.47013,
            48.88285
          ],
          [
            -123.47023,
            48.88295
          ],
          [
            -123.46995,
            48.88285
          ]
        ]
      ],
      [
        [
          [
            -123.46721,
            48.84498
          ],
          [
            -123.46835,
            48.8455
          ],
          [
            -123.46746,
            48.84543
          ],
          [
            -123.46721,
            48.84498
          ]
        ]
      ],
      [
        [
          [
            -123.46204,
            48.84226
          ],
          [
            -123.46034,
            48.84119
          ],
          [
            -123.46181,
            48.84159
          ],
          [
            -123.46204,
            48.84226
          ]
        ]
      ],
      [
        [
          [
            -123.46029,
            48.90747
          ],
          [
            -123.45946,
            48.90741
          ],
          [
            -123.45921,
            48.9071
          ],
          [
            -123.46029,
            48.90747
          ]
        ]
      ],
      [
        [
          [
            -123.45798,
            48.90672
          ],
          [
            -123.45783,
            48.90647
          ],
          [
            -123.45866,
            48.9068
          ],
          [
            -123.45798,
            48.90672
          ]
        ]
      ],
      [
        [
          [
            -123.45408,
            48.83973
          ],
          [
            -123.45729,
            48.84137
          ],
          [
            -123.45745,
            48.84272
          ],
          [
            -123.45408,
            48.83973
          ]
        ]
      ],
      [
        [
          [
            -123.45675,
            48.83886
          ],
          [
            -123.45705,
            48.83898
          ],
          [
            -123.45699,
            48.83909
          ],
          [
            -123.45675,
            48.83886
          ]
        ]
      ],
      [
        [
          [
            -123.45565,
            48.83849
          ],
          [
            -123.45651,
            48.83872
          ],
          [
            -123.4559,
            48.83886
          ],
          [
            -123.45565,
            48.83849
          ]
        ]
      ],
      [
        [
          [
            -123.45299,
            48.83677
          ],
          [
            -123.45523,
            48.83835
          ],
          [
            -123.45342,
            48.83768
          ],
          [
            -123.45299,
            48.83677
          ]
        ]
      ],
      [
        [
          [
            -123.45071,
            48.90479
          ],
          [
            -123.44996,
            48.90446
          ],
          [
            -123.45037,
            48.90445
          ],
          [
            -123.45071,
            48.90479
          ]
        ]
      ],
      [
        [
          [
            -123.44046,
            48.85162
          ],
          [
            -123.44231,
            48.85229
          ],
          [
            -123.44138,
            48.85232
          ],
          [
            -123.44046,
            48.85162
          ]
        ]
      ],
      [
        [
          [
            -123.44101,
            48.89894
          ],
          [
            -123.44539,
            48.90012
          ],
          [
            -123.44989,
            48.90402
          ],
          [
            -123.44136,
            48.90088
          ],
          [
            -123.44101,
            48.89894
          ]
        ]
      ],
      [
        [
          [
            -123.43841,
            48.89767
          ],
          [
            -123.43919,
            48.89773
          ],
          [
            -123.43937,
            48.89806
          ],
          [
            -123.43841,
            48.89767
          ]
        ]
      ],
      [
        [
          [
            -123.43828,
            48.9033
          ],
          [
            -123.43816,
            48.90316
          ],
          [
            -123.43843,
            48.90324
          ],
          [
            -123.43828,
            48.9033
          ]
        ]
      ],
      [
        [
          [
            -123.43494,
            48.70608
          ],
          [
            -123.43605,
            48.70611
          ],
          [
            -123.43521,
            48.70638
          ],
          [
            -123.43494,
            48.70608
          ]
        ]
      ],
      [
        [
          [
            -123.43783,
            48.90285
          ],
          [
            -123.43265,
            48.90065
          ],
          [
            -123.43519,
            48.90088
          ],
          [
            -123.43783,
            48.90285
          ]
        ]
      ],
      [
        [
          [
            -123.43213,
            48.8959
          ],
          [
            -123.4299,
            48.89478
          ],
          [
            -123.43292,
            48.89554
          ],
          [
            -123.43213,
            48.8959
          ]
        ]
      ],
      [
        [
          [
            -123.43157,
            48.7285
          ],
          [
            -123.43229,
            48.7288
          ],
          [
            -123.43171,
            48.72898
          ],
          [
            -123.43157,
            48.7285
          ]
        ]
      ],
      [
        [
          [
            -123.43066,
            48.73001
          ],
          [
            -123.43129,
            48.73003
          ],
          [
            -123.43113,
            48.73016
          ],
          [
            -123.43066,
            48.73001
          ]
        ]
      ],
      [
        [
          [
            -123.43031,
            48.72868
          ],
          [
            -123.43122,
            48.72918
          ],
          [
            -123.4305,
            48.72927
          ],
          [
            -123.43031,
            48.72868
          ]
        ]
      ],
      [
        [
          [
            -123.42709,
            48.84623
          ],
          [
            -123.42595,
            48.84554
          ],
          [
            -123.42874,
            48.84661
          ],
          [
            -123.42709,
            48.84623
          ]
        ]
      ],
      [
        [
          [
            -123.42825,
            48.75378
          ],
          [
            -123.42889,
            48.75398
          ],
          [
            -123.42843,
            48.75405
          ],
          [
            -123.42825,
            48.75378
          ]
        ]
      ],
      [
        [
          [
            -123.42612,
            48.84697
          ],
          [
            -123.42636,
            48.84693
          ],
          [
            -123.42641,
            48.84705
          ],
          [
            -123.42612,
            48.84697
          ]
        ]
      ],
      [
        [
          [
            -123.42592,
            48.84613
          ],
          [
            -123.4262,
            48.84616
          ],
          [
            -123.42634,
            48.84644
          ],
          [
            -123.42592,
            48.84613
          ]
        ]
      ],
      [
        [
          [
            -123.42623,
            48.84523
          ],
          [
            -123.42688,
            48.84554
          ],
          [
            -123.42615,
            48.84539
          ],
          [
            -123.42623,
            48.84523
          ]
        ]
      ],
      [
        [
          [
            -123.42545,
            48.7023
          ],
          [
            -123.42625,
            48.70225
          ],
          [
            -123.42565,
            48.70248
          ],
          [
            -123.42545,
            48.7023
          ]
        ]
      ],
      [
        [
          [
            -123.42496,
            48.84577
          ],
          [
            -123.42528,
            48.84586
          ],
          [
            -123.42516,
            48.84595
          ],
          [
            -123.42496,
            48.84577
          ]
        ]
      ],
      [
        [
          [
            -123.42399,
            48.75449
          ],
          [
            -123.42469,
            48.75467
          ],
          [
            -123.42449,
            48.75476
          ],
          [
            -123.42399,
            48.75449
          ]
        ]
      ],
      [
        [
          [
            -123.41705,
            48.70972
          ],
          [
            -123.41225,
            48.70949
          ],
          [
            -123.41141,
            48.70651
          ],
          [
            -123.40716,
            48.70321
          ],
          [
            -123.40891,
            48.70076
          ],
          [
            -123.41198,
            48.70155
          ],
          [
            -123.41892,
            48.69988
          ],
          [
            -123.42507,
            48.70244
          ],
          [
            -123.42394,
            48.70773
          ],
          [
            -123.41957,
            48.71025
          ],
          [
            -123.41705,
            48.70972
          ]
        ]
      ],
      [
        [
          [
            -123.41894,
            48.84385
          ],
          [
            -123.41961,
            48.84403
          ],
          [
            -123.41896,
            48.84413
          ],
          [
            -123.41894,
            48.84385
          ]
        ]
      ],
      [
        [
          [
            -123.41377,
            48.75663
          ],
          [
            -123.41426,
            48.75659
          ],
          [
            -123.41427,
            48.757
          ],
          [
            -123.41377,
            48.75663
          ]
        ]
      ],
      [
        [
          [
            -123.40803,
            48.74989
          ],
          [
            -123.40079,
            48.7489
          ],
          [
            -123.40701,
            48.74874
          ],
          [
            -123.40944,
            48.74629
          ],
          [
            -123.41275,
            48.74733
          ],
          [
            -123.40803,
            48.74989
          ]
        ]
      ],
      [
        [
          [
            -123.40528,
            48.70124
          ],
          [
            -123.4061,
            48.70173
          ],
          [
            -123.40569,
            48.7018
          ],
          [
            -123.40528,
            48.70124
          ]
        ]
      ],
      [
        [
          [
            -123.404,
            48.83499
          ],
          [
            -123.4037403,
            48.8348826
          ],
          [
            -123.4037394,
            48.8348494
          ],
          [
            -123.40381,
            48.8348
          ],
          [
            -123.404,
            48.83499
          ]
        ]
      ],
      [
        [
          [
            -123.40376,
            48.83561
          ],
          [
            -123.39363,
            48.83186
          ],
          [
            -123.39915,
            48.83508
          ],
          [
            -123.4014,
            48.83848
          ],
          [
            -123.40643,
            48.84017
          ],
          [
            -123.40599,
            48.8416
          ],
          [
            -123.4081,
            48.84281
          ],
          [
            -123.39454,
            48.83976
          ],
          [
            -123.40523,
            48.84997
          ],
          [
            -123.40414,
            48.84946
          ],
          [
            -123.3938,
            48.8465
          ],
          [
            -123.37764,
            48.83814
          ],
          [
            -123.3713,
            48.83771
          ],
          [
            -123.36194,
            48.83182
          ],
          [
            -123.35489,
            48.83141
          ],
          [
            -123.35106,
            48.82705
          ],
          [
            -123.35637,
            48.82873
          ],
          [
            -123.35286,
            48.8259
          ],
          [
            -123.35292,
            48.82454
          ],
          [
            -123.3564,
            48.82381
          ],
          [
            -123.35429,
            48.82097
          ],
          [
            -123.36379,
            48.82592
          ],
          [
            -123.36625,
            48.82558
          ],
          [
            -123.36517,
            48.82266
          ],
          [
            -123.35939,
            48.81832
          ],
          [
            -123.36026,
            48.81635
          ],
          [
            -123.36754,
            48.82044
          ],
          [
            -123.36979,
            48.81913
          ],
          [
            -123.37723,
            48.82185
          ],
          [
            -123.3756,
            48.82029
          ],
          [
            -123.37862,
            48.82006
          ],
          [
            -123.3642,
            48.80922
          ],
          [
            -123.3719,
            48.81126
          ],
          [
            -123.38778,
            48.82066
          ],
          [
            -123.3819,
            48.81908
          ],
          [
            -123.38453,
            48.82215
          ],
          [
            -123.4006,
            48.82918
          ],
          [
            -123.39107,
            48.82674
          ],
          [
            -123.38363,
            48.82226
          ],
          [
            -123.38067,
            48.82157
          ],
          [
            -123.37927,
            48.82293
          ],
          [
            -123.38042,
            48.82481
          ],
          [
            -123.39893,
            48.82999
          ],
          [
            -123.40372,
            48.83413
          ],
          [
            -123.40371,
            48.83487
          ],
          [
            -123.40376,
            48.83561
          ]
        ]
      ],
      [
        [
          [
            -123.40242,
            48.83532
          ],
          [
            -123.40341,
            48.8358
          ],
          [
            -123.40294,
            48.83573
          ],
          [
            -123.40242,
            48.83532
          ]
        ]
      ],
      [
        [
          [
            -123.40042,
            48.82694
          ],
          [
            -123.39893,
            48.82592
          ],
          [
            -123.402,
            48.82635
          ],
          [
            -123.40042,
            48.82694
          ]
        ]
      ],
      [
        [
          [
            -123.40077,
            48.87564
          ],
          [
            -123.40092,
            48.87558
          ],
          [
            -123.40151,
            48.87612
          ],
          [
            -123.40077,
            48.87564
          ]
        ]
      ],
      [
        [
          [
            -123.40338,
            48.87939
          ],
          [
            -123.40551,
            48.87787
          ],
          [
            -123.41147,
            48.88046
          ],
          [
            -123.42509,
            48.89035
          ],
          [
            -123.4262,
            48.89276
          ],
          [
            -123.42794,
            48.89233
          ],
          [
            -123.42834,
            48.89393
          ],
          [
            -123.42293,
            48.89472
          ],
          [
            -123.41667,
            48.89226
          ],
          [
            -123.41557,
            48.89304
          ],
          [
            -123.42024,
            48.89668
          ],
          [
            -123.41332,
            48.89371
          ],
          [
            -123.4095,
            48.89125
          ],
          [
            -123.41379,
            48.89225
          ],
          [
            -123.41445,
            48.8909
          ],
          [
            -123.40077,
            48.8825
          ],
          [
            -123.39703,
            48.87757
          ],
          [
            -123.40055,
            48.87609
          ],
          [
            -123.40338,
            48.87939
          ]
        ]
      ],
      [
        [
          [
            -123.39757,
            48.8765
          ],
          [
            -123.39501,
            48.87375
          ],
          [
            -123.39778,
            48.87532
          ],
          [
            -123.39757,
            48.8765
          ]
        ]
      ],
      [
        [
          [
            -123.397,
            48.6817
          ],
          [
            -123.39737,
            48.68208
          ],
          [
            -123.39696,
            48.68208
          ],
          [
            -123.397,
            48.6817
          ]
        ]
      ],
      [
        [
          [
            -123.39512,
            48.68153
          ],
          [
            -123.39629,
            48.68078
          ],
          [
            -123.39612,
            48.6817
          ],
          [
            -123.39512,
            48.68153
          ]
        ]
      ],
      [
        [
          [
            -123.39377,
            48.68685
          ],
          [
            -123.39107,
            48.68664
          ],
          [
            -123.39142,
            48.68432
          ],
          [
            -123.38964,
            48.68237
          ],
          [
            -123.39518,
            48.68382
          ],
          [
            -123.396,
            48.68791
          ],
          [
            -123.39377,
            48.68685
          ]
        ]
      ],
      [
        [
          [
            -123.39842,
            48.69941
          ],
          [
            -123.39521,
            48.69769
          ],
          [
            -123.39576,
            48.69644
          ],
          [
            -123.39955,
            48.69646
          ],
          [
            -123.40068,
            48.70001
          ],
          [
            -123.39865,
            48.7014
          ],
          [
            -123.3946,
            48.70132
          ],
          [
            -123.39842,
            48.69941
          ]
        ]
      ],
      [
        [
          [
            -123.3940977,
            48.6787139
          ],
          [
            -123.3951586,
            48.6787765
          ],
          [
            -123.3951119,
            48.6789891
          ],
          [
            -123.3947706,
            48.6791111
          ],
          [
            -123.395058,
            48.6792351
          ],
          [
            -123.39457,
            48.68146
          ],
          [
            -123.39342,
            48.68096
          ],
          [
            -123.39138,
            48.6785
          ],
          [
            -123.3940977,
            48.6787139
          ]
        ]
      ],
      [
        [
          [
            -123.397,
            48.82527
          ],
          [
            -123.38917,
            48.82176
          ],
          [
            -123.39268,
            48.82253
          ],
          [
            -123.397,
            48.82527
          ]
        ]
      ],
      [
        [
          [
            -123.38864,
            48.6983
          ],
          [
            -123.39053,
            48.70013
          ],
          [
            -123.38988,
            48.70153
          ],
          [
            -123.38864,
            48.6983
          ]
        ]
      ],
      [
        [
          [
            -123.38832,
            48.68739
          ],
          [
            -123.38855,
            48.68721
          ],
          [
            -123.38861,
            48.68752
          ],
          [
            -123.38832,
            48.68739
          ]
        ]
      ],
      [
        [
          [
            -123.38885,
            48.82131
          ],
          [
            -123.3891,
            48.82163
          ],
          [
            -123.38857,
            48.82163
          ],
          [
            -123.38885,
            48.82131
          ]
        ]
      ],
      [
        [
          [
            -123.3879,
            48.82112
          ],
          [
            -123.38847,
            48.8213
          ],
          [
            -123.38818,
            48.82144
          ],
          [
            -123.3879,
            48.82112
          ]
        ]
      ],
      [
        [
          [
            -123.38631,
            48.72086
          ],
          [
            -123.38567,
            48.717
          ],
          [
            -123.38801,
            48.71957
          ],
          [
            -123.38631,
            48.72086
          ]
        ]
      ],
      [
        [
          [
            -123.38708,
            48.68667
          ],
          [
            -123.38727,
            48.68665
          ],
          [
            -123.3874,
            48.68695
          ],
          [
            -123.38708,
            48.68667
          ]
        ]
      ],
      [
        [
          [
            -123.38676,
            48.86788
          ],
          [
            -123.38704,
            48.8678
          ],
          [
            -123.38736,
            48.8681
          ],
          [
            -123.38676,
            48.86788
          ]
        ]
      ],
      [
        [
          [
            -123.37436,
            48.73194
          ],
          [
            -123.37402,
            48.73413
          ],
          [
            -123.36966,
            48.73325
          ],
          [
            -123.37123,
            48.73557
          ],
          [
            -123.36777,
            48.73443
          ],
          [
            -123.36588,
            48.73496
          ],
          [
            -123.36624,
            48.73342
          ],
          [
            -123.36136,
            48.72993
          ],
          [
            -123.36327,
            48.72913
          ],
          [
            -123.36027,
            48.72623
          ],
          [
            -123.36503,
            48.72333
          ],
          [
            -123.36633,
            48.72079
          ],
          [
            -123.37053,
            48.72052
          ],
          [
            -123.37209,
            48.7183
          ],
          [
            -123.37122,
            48.71751
          ],
          [
            -123.38085,
            48.71898
          ],
          [
            -123.38685,
            48.72521
          ],
          [
            -123.37436,
            48.73194
          ]
        ]
      ],
      [
        [
          [
            -123.38554,
            48.7536
          ],
          [
            -123.38555,
            48.75332
          ],
          [
            -123.38611,
            48.75326
          ],
          [
            -123.38554,
            48.7536
          ]
        ]
      ],
      [
        [
          [
            -123.38555,
            48.80067
          ],
          [
            -123.38575,
            48.80065
          ],
          [
            -123.38594,
            48.80083
          ],
          [
            -123.38555,
            48.80067
          ]
        ]
      ],
      [
        [
          [
            -123.38771,
            48.6859
          ],
          [
            -123.38128,
            48.68679
          ],
          [
            -123.38834,
            48.6912
          ],
          [
            -123.37375,
            48.68908
          ],
          [
            -123.36463,
            48.68562
          ],
          [
            -123.37127,
            48.6822
          ],
          [
            -123.37338,
            48.67886
          ],
          [
            -123.37783,
            48.67921
          ],
          [
            -123.37873,
            48.6806
          ],
          [
            -123.38639,
            48.67887
          ],
          [
            -123.3858,
            48.68149
          ],
          [
            -123.38771,
            48.6859
          ]
        ]
      ],
      [
        [
          [
            -123.38557,
            48.79975
          ],
          [
            -123.38589,
            48.79981
          ],
          [
            -123.38577,
            48.79988
          ],
          [
            -123.38557,
            48.79975
          ]
        ]
      ],
      [
        [
          [
            -123.38278,
            48.79871
          ],
          [
            -123.38521,
            48.79969
          ],
          [
            -123.38568,
            48.80051
          ],
          [
            -123.38278,
            48.79871
          ]
        ]
      ],
      [
        [
          [
            -123.3838,
            48.67734
          ],
          [
            -123.38327,
            48.67716
          ],
          [
            -123.38436,
            48.67749
          ],
          [
            -123.3838,
            48.67734
          ]
        ]
      ],
      [
        [
          [
            -123.38166,
            48.80137
          ],
          [
            -123.38232,
            48.8011
          ],
          [
            -123.38298,
            48.80214
          ],
          [
            -123.38166,
            48.80137
          ]
        ]
      ],
      [
        [
          [
            -123.38031,
            48.80099
          ],
          [
            -123.38107,
            48.80093
          ],
          [
            -123.38136,
            48.80144
          ],
          [
            -123.38031,
            48.80099
          ]
        ]
      ],
      [
        [
          [
            -123.37857,
            48.71532
          ],
          [
            -123.37895,
            48.71525
          ],
          [
            -123.37865,
            48.71538
          ],
          [
            -123.37857,
            48.71532
          ]
        ]
      ],
      [
        [
          [
            -123.37668,
            48.67001
          ],
          [
            -123.37825,
            48.67006
          ],
          [
            -123.37783,
            48.67068
          ],
          [
            -123.37668,
            48.67001
          ]
        ]
      ],
      [
        [
          [
            -123.37749,
            48.73571
          ],
          [
            -123.37795,
            48.73582
          ],
          [
            -123.37776,
            48.73623
          ],
          [
            -123.37749,
            48.73571
          ]
        ]
      ],
      [
        [
          [
            -123.38228,
            48.81329
          ],
          [
            -123.38356,
            48.81483
          ],
          [
            -123.38244,
            48.81477
          ],
          [
            -123.37742,
            48.81206
          ],
          [
            -123.38228,
            48.81329
          ]
        ]
      ],
      [
        [
          [
            -123.3769,
            48.73492
          ],
          [
            -123.37726,
            48.73488
          ],
          [
            -123.37705,
            48.73498
          ],
          [
            -123.3769,
            48.73492
          ]
        ]
      ],
      [
        [
          [
            -123.37609,
            48.73633
          ],
          [
            -123.37365,
            48.73603
          ],
          [
            -123.37696,
            48.73471
          ],
          [
            -123.37609,
            48.73633
          ]
        ]
      ],
      [
        [
          [
            -123.37276,
            48.67051
          ],
          [
            -123.37073,
            48.66999
          ],
          [
            -123.37594,
            48.66906
          ],
          [
            -123.37276,
            48.67051
          ]
        ]
      ],
      [
        [
          [
            -123.37582,
            48.6686
          ],
          [
            -123.3762,
            48.66866
          ],
          [
            -123.37581,
            48.6688
          ],
          [
            -123.37582,
            48.6686
          ]
        ]
      ],
      [
        [
          [
            -123.37238,
            48.80965
          ],
          [
            -123.37458,
            48.81007
          ],
          [
            -123.37506,
            48.81107
          ],
          [
            -123.37238,
            48.80965
          ]
        ]
      ],
      [
        [
          [
            -123.37468,
            48.73482
          ],
          [
            -123.37436,
            48.73462
          ],
          [
            -123.37491,
            48.73474
          ],
          [
            -123.37468,
            48.73482
          ]
        ]
      ],
      [
        [
          [
            -123.37451,
            48.6778
          ],
          [
            -123.37474,
            48.67771
          ],
          [
            -123.37489,
            48.67786
          ],
          [
            -123.37451,
            48.6778
          ]
        ]
      ],
      [
        [
          [
            -123.37156,
            48.71553
          ],
          [
            -123.37331,
            48.71476
          ],
          [
            -123.37385,
            48.71527
          ],
          [
            -123.37156,
            48.71553
          ]
        ]
      ],
      [
        [
          [
            -123.37304,
            48.8406
          ],
          [
            -123.37342,
            48.84071
          ],
          [
            -123.37329,
            48.84076
          ],
          [
            -123.37304,
            48.8406
          ]
        ]
      ],
      [
        [
          [
            -123.37201,
            48.84107
          ],
          [
            -123.37068,
            48.83981
          ],
          [
            -123.37289,
            48.84068
          ],
          [
            -123.37201,
            48.84107
          ]
        ]
      ],
      [
        [
          [
            -123.37146,
            48.80948
          ],
          [
            -123.37179,
            48.80953
          ],
          [
            -123.37179,
            48.80966
          ],
          [
            -123.37146,
            48.80948
          ]
        ]
      ],
      [
        [
          [
            -123.36956,
            48.6679
          ],
          [
            -123.37014,
            48.66799
          ],
          [
            -123.36967,
            48.66813
          ],
          [
            -123.36956,
            48.6679
          ]
        ]
      ],
      [
        [
          [
            -123.36958,
            48.83912
          ],
          [
            -123.37055,
            48.83949
          ],
          [
            -123.36964,
            48.83952
          ],
          [
            -123.36958,
            48.83912
          ]
        ]
      ],
      [
        [
          [
            -123.36841,
            48.71603
          ],
          [
            -123.3692,
            48.71589
          ],
          [
            -123.36867,
            48.71628
          ],
          [
            -123.36841,
            48.71603
          ]
        ]
      ],
      [
        [
          [
            -123.36776,
            48.71671
          ],
          [
            -123.3677,
            48.71639
          ],
          [
            -123.36826,
            48.71628
          ],
          [
            -123.36776,
            48.71671
          ]
        ]
      ],
      [
        [
          [
            -123.36695,
            48.71949
          ],
          [
            -123.36596,
            48.71975
          ],
          [
            -123.36803,
            48.71786
          ],
          [
            -123.36695,
            48.71949
          ]
        ]
      ],
      [
        [
          [
            -123.36594,
            48.72063
          ],
          [
            -123.36624,
            48.72055
          ],
          [
            -123.36598,
            48.7207
          ],
          [
            -123.36594,
            48.72063
          ]
        ]
      ],
      [
        [
          [
            -123.36392,
            48.73336
          ],
          [
            -123.36355,
            48.73307
          ],
          [
            -123.36462,
            48.73306
          ],
          [
            -123.36392,
            48.73336
          ]
        ]
      ],
      [
        [
          [
            -123.3634,
            48.67572
          ],
          [
            -123.36394,
            48.67581
          ],
          [
            -123.36356,
            48.67608
          ],
          [
            -123.3634,
            48.67572
          ]
        ]
      ],
      [
        [
          [
            -123.36297,
            48.67158
          ],
          [
            -123.3639,
            48.67196
          ],
          [
            -123.36314,
            48.672
          ],
          [
            -123.36297,
            48.67158
          ]
        ]
      ],
      [
        [
          [
            -123.36074,
            48.72894
          ],
          [
            -123.36118,
            48.72885
          ],
          [
            -123.36174,
            48.72955
          ],
          [
            -123.36074,
            48.72894
          ]
        ]
      ],
      [
        [
          [
            -123.36012,
            48.72672
          ],
          [
            -123.36086,
            48.72697
          ],
          [
            -123.36044,
            48.72697
          ],
          [
            -123.36012,
            48.72672
          ]
        ]
      ],
      [
        [
          [
            -123.35971,
            48.72457
          ],
          [
            -123.36063,
            48.7248
          ],
          [
            -123.36022,
            48.72494
          ],
          [
            -123.35971,
            48.72457
          ]
        ]
      ],
      [
        [
          [
            -123.35923,
            48.72509
          ],
          [
            -123.3599,
            48.7255
          ],
          [
            -123.35899,
            48.72578
          ],
          [
            -123.35923,
            48.72509
          ]
        ]
      ],
      [
        [
          [
            -123.35662,
            48.72465
          ],
          [
            -123.35668,
            48.72421
          ],
          [
            -123.35885,
            48.7251
          ],
          [
            -123.35662,
            48.72465
          ]
        ]
      ],
      [
        [
          [
            -123.35677,
            48.67165
          ],
          [
            -123.35727,
            48.67129
          ],
          [
            -123.35847,
            48.67232
          ],
          [
            -123.35677,
            48.67165
          ]
        ]
      ],
      [
        [
          [
            -123.35761,
            48.81709
          ],
          [
            -123.35516,
            48.81576
          ],
          [
            -123.35822,
            48.81677
          ],
          [
            -123.35761,
            48.81709
          ]
        ]
      ],
      [
        [
          [
            -123.3578,
            48.51526
          ],
          [
            -123.35805,
            48.51525
          ],
          [
            -123.35807,
            48.51558
          ],
          [
            -123.3578,
            48.51526
          ]
        ]
      ],
      [
        [
          [
            -123.35744,
            48.72416
          ],
          [
            -123.35766,
            48.7241
          ],
          [
            -123.35801,
            48.72429
          ],
          [
            -123.35744,
            48.72416
          ]
        ]
      ],
      [
        [
          [
            -123.35787,
            48.81626
          ],
          [
            -123.35816,
            48.81642
          ],
          [
            -123.35784,
            48.81635
          ],
          [
            -123.35787,
            48.81626
          ]
        ]
      ],
      [
        [
          [
            -123.35722,
            48.67055
          ],
          [
            -123.35863,
            48.6713
          ],
          [
            -123.3571,
            48.67079
          ],
          [
            -123.35722,
            48.67055
          ]
        ]
      ],
      [
        [
          [
            -123.35473,
            48.81554
          ],
          [
            -123.355,
            48.81547
          ],
          [
            -123.35512,
            48.81566
          ],
          [
            -123.35473,
            48.81554
          ]
        ]
      ],
      [
        [
          [
            -123.35407,
            48.81566
          ],
          [
            -123.35418,
            48.81519
          ],
          [
            -123.35467,
            48.81541
          ],
          [
            -123.35407,
            48.81566
          ]
        ]
      ],
      [
        [
          [
            -123.35392,
            48.82082
          ],
          [
            -123.35363,
            48.82084
          ],
          [
            -123.35362,
            48.82058
          ],
          [
            -123.35392,
            48.82082
          ]
        ]
      ],
      [
        [
          [
            -123.35184,
            48.82009
          ],
          [
            -123.35254,
            48.81998
          ],
          [
            -123.35329,
            48.82049
          ],
          [
            -123.35184,
            48.82009
          ]
        ]
      ],
      [
        [
          [
            -123.35256,
            48.82614
          ],
          [
            -123.3531,
            48.82627
          ],
          [
            -123.35325,
            48.82652
          ],
          [
            -123.35256,
            48.82614
          ]
        ]
      ],
      [
        [
          [
            -123.35202,
            48.8254
          ],
          [
            -123.35222,
            48.82538
          ],
          [
            -123.3523,
            48.82556
          ],
          [
            -123.35202,
            48.8254
          ]
        ]
      ],
      [
        [
          [
            -123.34859,
            48.86191
          ],
          [
            -123.3489,
            48.86202
          ],
          [
            -123.34875,
            48.86207
          ],
          [
            -123.34859,
            48.86191
          ]
        ]
      ],
      [
        [
          [
            -123.35123,
            48.59117
          ],
          [
            -123.35254,
            48.59034
          ],
          [
            -123.35344,
            48.5939
          ],
          [
            -123.35717,
            48.59594
          ],
          [
            -123.35643,
            48.59797
          ],
          [
            -123.3546,
            48.59803
          ],
          [
            -123.3561,
            48.59592
          ],
          [
            -123.35303,
            48.5955
          ],
          [
            -123.35261,
            48.59267
          ],
          [
            -123.35052,
            48.5917
          ],
          [
            -123.35585,
            48.60488
          ],
          [
            -123.36506,
            48.61152
          ],
          [
            -123.37841,
            48.61739
          ],
          [
            -123.35802,
            48.61678
          ],
          [
            -123.34398,
            48.60335
          ],
          [
            -123.34461,
            48.60583
          ],
          [
            -123.34622,
            48.60604
          ],
          [
            -123.33976,
            48.60645
          ],
          [
            -123.33713,
            48.60517
          ],
          [
            -123.33375,
            48.60079
          ],
          [
            -123.33394,
            48.59575
          ],
          [
            -123.34801,
            48.58931
          ],
          [
            -123.35123,
            48.59117
          ]
        ]
      ],
      [
        [
          [
            -123.3385,
            48.6653
          ],
          [
            -123.32874,
            48.65923
          ],
          [
            -123.33082,
            48.65804
          ],
          [
            -123.33651,
            48.66227
          ],
          [
            -123.34118,
            48.66364
          ],
          [
            -123.34122,
            48.66591
          ],
          [
            -123.3385,
            48.6653
          ]
        ]
      ],
      [
        [
          [
            -123.33457,
            48.6357
          ],
          [
            -123.33787,
            48.63338
          ],
          [
            -123.33717,
            48.63241
          ],
          [
            -123.33485,
            48.63357
          ],
          [
            -123.33753,
            48.63185
          ],
          [
            -123.33706,
            48.63017
          ],
          [
            -123.34067,
            48.63459
          ],
          [
            -123.33879,
            48.63022
          ],
          [
            -123.33704,
            48.62997
          ],
          [
            -123.33249,
            48.62445
          ],
          [
            -123.32761,
            48.62422
          ],
          [
            -123.3279,
            48.63455
          ],
          [
            -123.33021,
            48.63528
          ],
          [
            -123.33048,
            48.64118
          ],
          [
            -123.34664,
            48.654
          ],
          [
            -123.3371,
            48.6483
          ],
          [
            -123.31461,
            48.62886
          ],
          [
            -123.31328,
            48.62362
          ],
          [
            -123.30853,
            48.61743
          ],
          [
            -123.30051,
            48.61436
          ],
          [
            -123.29803,
            48.6148
          ],
          [
            -123.2972,
            48.61723
          ],
          [
            -123.29362,
            48.61655
          ],
          [
            -123.26876,
            48.60203
          ],
          [
            -123.2684,
            48.60095
          ],
          [
            -123.27145,
            48.59988
          ],
          [
            -123.27072,
            48.59736
          ],
          [
            -123.27249,
            48.59556
          ],
          [
            -123.26936,
            48.5927
          ],
          [
            -123.26961,
            48.5902
          ],
          [
            -123.28477,
            48.59334
          ],
          [
            -123.29113,
            48.58772
          ],
          [
            -123.29539,
            48.58887
          ],
          [
            -123.29616,
            48.59394
          ],
          [
            -123.30911,
            48.60165
          ],
          [
            -123.31275,
            48.61217
          ],
          [
            -123.3245,
            48.62167
          ],
          [
            -123.33458,
            48.62448
          ],
          [
            -123.33683,
            48.62666
          ],
          [
            -123.34116,
            48.63312
          ],
          [
            -123.3412,
            48.63762
          ],
          [
            -123.33542,
            48.63704
          ],
          [
            -123.33873,
            48.63703
          ],
          [
            -123.33811,
            48.63601
          ],
          [
            -123.3406,
            48.63718
          ],
          [
            -123.34002,
            48.63552
          ],
          [
            -123.33457,
            48.6357
          ]
        ]
      ],
      [
        [
          [
            -123.33924,
            48.67845
          ],
          [
            -123.33865,
            48.67809
          ],
          [
            -123.33995,
            48.67849
          ],
          [
            -123.33924,
            48.67845
          ]
        ]
      ],
      [
        [
          [
            -123.33959,
            48.6796
          ],
          [
            -123.33983,
            48.67953
          ],
          [
            -123.33995,
            48.67971
          ],
          [
            -123.33959,
            48.6796
          ]
        ]
      ],
      [
        [
          [
            -123.33996,
            48.73323
          ],
          [
            -123.34032,
            48.73367
          ],
          [
            -123.33992,
            48.73361
          ],
          [
            -123.33996,
            48.73323
          ]
        ]
      ],
      [
        [
          [
            -123.33954,
            48.66188
          ],
          [
            -123.33974,
            48.66188
          ],
          [
            -123.33986,
            48.66208
          ],
          [
            -123.33954,
            48.66188
          ]
        ]
      ],
      [
        [
          [
            -123.33884,
            48.63577
          ],
          [
            -123.33969,
            48.63597
          ],
          [
            -123.33917,
            48.63605
          ],
          [
            -123.33884,
            48.63577
          ]
        ]
      ],
      [
        [
          [
            -123.33869,
            48.6793
          ],
          [
            -123.33914,
            48.67948
          ],
          [
            -123.33876,
            48.67947
          ],
          [
            -123.33869,
            48.6793
          ]
        ]
      ],
      [
        [
          [
            -123.33833,
            48.63566
          ],
          [
            -123.33853,
            48.63566
          ],
          [
            -123.33856,
            48.63582
          ],
          [
            -123.33833,
            48.63566
          ]
        ]
      ],
      [
        [
          [
            -123.33629,
            48.63598
          ],
          [
            -123.33684,
            48.63607
          ],
          [
            -123.33647,
            48.63617
          ],
          [
            -123.33629,
            48.63598
          ]
        ]
      ],
      [
        [
          [
            -123.33462,
            48.63197
          ],
          [
            -123.33472,
            48.63127
          ],
          [
            -123.33522,
            48.63224
          ],
          [
            -123.33462,
            48.63197
          ]
        ]
      ],
      [
        [
          [
            -123.33646,
            48.90061
          ],
          [
            -123.33482,
            48.90049
          ],
          [
            -123.33406,
            48.90016
          ],
          [
            -123.33646,
            48.90061
          ]
        ]
      ],
      [
        [
          [
            -123.33343,
            48.73092
          ],
          [
            -123.33411,
            48.73121
          ],
          [
            -123.33372,
            48.73127
          ],
          [
            -123.33343,
            48.73092
          ]
        ]
      ],
      [
        [
          [
            -123.33315,
            48.6633
          ],
          [
            -123.33383,
            48.66384
          ],
          [
            -123.33305,
            48.66349
          ],
          [
            -123.33315,
            48.6633
          ]
        ]
      ],
      [
        [
          [
            -123.33248,
            48.69414
          ],
          [
            -123.33406,
            48.69407
          ],
          [
            -123.33303,
            48.69497
          ],
          [
            -123.33248,
            48.69414
          ]
        ]
      ],
      [
        [
          [
            -123.33023,
            48.62584
          ],
          [
            -123.33262,
            48.62671
          ],
          [
            -123.33284,
            48.62738
          ],
          [
            -123.33023,
            48.62584
          ]
        ]
      ],
      [
        [
          [
            -123.33266,
            48.73099
          ],
          [
            -123.33287,
            48.73099
          ],
          [
            -123.33265,
            48.73127
          ],
          [
            -123.33266,
            48.73099
          ]
        ]
      ],
      [
        [
          [
            -123.33055,
            48.66328
          ],
          [
            -123.3313,
            48.66345
          ],
          [
            -123.33163,
            48.66374
          ],
          [
            -123.33055,
            48.66328
          ]
        ]
      ],
      [
        [
          [
            -123.33037,
            48.66272
          ],
          [
            -123.33103,
            48.66315
          ],
          [
            -123.33077,
            48.66311
          ],
          [
            -123.33037,
            48.66272
          ]
        ]
      ],
      [
        [
          [
            -123.32621,
            48.67542
          ],
          [
            -123.32915,
            48.67495
          ],
          [
            -123.32954,
            48.67675
          ],
          [
            -123.32621,
            48.67542
          ]
        ]
      ],
      [
        [
          [
            -123.32898,
            48.83354
          ],
          [
            -123.32929,
            48.83348
          ],
          [
            -123.32941,
            48.83375
          ],
          [
            -123.32898,
            48.83354
          ]
        ]
      ],
      [
        [
          [
            -123.32673,
            48.65739
          ],
          [
            -123.32835,
            48.65675
          ],
          [
            -123.32938,
            48.65817
          ],
          [
            -123.32673,
            48.65739
          ]
        ]
      ],
      [
        [
          [
            -123.32938,
            48.89264
          ],
          [
            -123.32894,
            48.89249
          ],
          [
            -123.32914,
            48.89244
          ],
          [
            -123.32938,
            48.89264
          ]
        ]
      ],
      [
        [
          [
            -123.32907,
            48.68271
          ],
          [
            -123.32993,
            48.68459
          ],
          [
            -123.32899,
            48.684
          ],
          [
            -123.32907,
            48.68271
          ]
        ]
      ],
      [
        [
          [
            -123.32792,
            48.8872
          ],
          [
            -123.32774,
            48.88705
          ],
          [
            -123.32833,
            48.88726
          ],
          [
            -123.32792,
            48.8872
          ]
        ]
      ],
      [
        [
          [
            -123.32772,
            48.88585
          ],
          [
            -123.32704,
            48.88565
          ],
          [
            -123.32741,
            48.88562
          ],
          [
            -123.32772,
            48.88585
          ]
        ]
      ],
      [
        [
          [
            -123.32755,
            48.88655
          ],
          [
            -123.32714,
            48.88645
          ],
          [
            -123.32717,
            48.88637
          ],
          [
            -123.32755,
            48.88655
          ]
        ]
      ],
      [
        [
          [
            -123.32622,
            48.80437
          ],
          [
            -123.32767,
            48.80473
          ],
          [
            -123.32673,
            48.80475
          ],
          [
            -123.32622,
            48.80437
          ]
        ]
      ],
      [
        [
          [
            -123.32615,
            48.65708
          ],
          [
            -123.32531,
            48.65605
          ],
          [
            -123.3267,
            48.65672
          ],
          [
            -123.32615,
            48.65708
          ]
        ]
      ],
      [
        [
          [
            -123.32627,
            48.80506
          ],
          [
            -123.32634,
            48.80498
          ],
          [
            -123.32656,
            48.80508
          ],
          [
            -123.32627,
            48.80506
          ]
        ]
      ],
      [
        [
          [
            -123.32432,
            48.67512
          ],
          [
            -123.31936,
            48.67294
          ],
          [
            -123.31441,
            48.66571
          ],
          [
            -123.32544,
            48.67212
          ],
          [
            -123.32648,
            48.67433
          ],
          [
            -123.32432,
            48.67512
          ]
        ]
      ],
      [
        [
          [
            -123.3227,
            48.89434
          ],
          [
            -123.31274,
            48.88731
          ],
          [
            -123.31875,
            48.88874
          ],
          [
            -123.31677,
            48.88647
          ],
          [
            -123.3218,
            48.88779
          ],
          [
            -123.32678,
            48.89195
          ],
          [
            -123.32586,
            48.89298
          ],
          [
            -123.32725,
            48.8942
          ],
          [
            -123.32607,
            48.89403
          ],
          [
            -123.3227,
            48.89434
          ]
        ]
      ],
      [
        [
          [
            -123.32557,
            48.89012
          ],
          [
            -123.32522,
            48.88994
          ],
          [
            -123.32547,
            48.88999
          ],
          [
            -123.32557,
            48.89012
          ]
        ]
      ],
      [
        [
          [
            -123.32463,
            48.6804
          ],
          [
            -123.32492,
            48.68092
          ],
          [
            -123.3231655,
            48.6795448
          ],
          [
            -123.3231842,
            48.6795381
          ],
          [
            -123.32463,
            48.6804
          ]
        ]
      ],
      [
        [
          [
            -123.32409,
            48.67814
          ],
          [
            -123.32446,
            48.67816
          ],
          [
            -123.32485,
            48.6784
          ],
          [
            -123.32409,
            48.67814
          ]
        ]
      ],
      [
        [
          [
            -123.32422,
            48.65547
          ],
          [
            -123.32452,
            48.65546
          ],
          [
            -123.32458,
            48.65567
          ],
          [
            -123.32422,
            48.65547
          ]
        ]
      ],
      [
        [
          [
            -123.3245,
            48.67856
          ],
          [
            -123.32503,
            48.67877
          ],
          [
            -123.32457,
            48.67869
          ],
          [
            -123.3245,
            48.67856
          ]
        ]
      ],
      [
        [
          [
            -123.32328,
            48.65539
          ],
          [
            -123.32397,
            48.6556
          ],
          [
            -123.32406,
            48.65587
          ],
          [
            -123.32328,
            48.65539
          ]
        ]
      ],
      [
        [
          [
            -123.32313,
            48.65491
          ],
          [
            -123.32397,
            48.65515
          ],
          [
            -123.32405,
            48.65542
          ],
          [
            -123.32313,
            48.65491
          ]
        ]
      ],
      [
        [
          [
            -123.32376,
            48.67933
          ],
          [
            -123.3231842,
            48.6795381
          ],
          [
            -123.32307,
            48.67947
          ],
          [
            -123.3231655,
            48.6795448
          ],
          [
            -123.32102,
            48.68032
          ],
          [
            -123.31516,
            48.678
          ],
          [
            -123.31582,
            48.67591
          ],
          [
            -123.32282,
            48.67758
          ],
          [
            -123.32376,
            48.67933
          ]
        ]
      ],
      [
        [
          [
            -123.32282,
            48.81128
          ],
          [
            -123.32356,
            48.81158
          ],
          [
            -123.32303,
            48.8116
          ],
          [
            -123.32282,
            48.81128
          ]
        ]
      ],
      [
        [
          [
            -123.32321,
            48.72965
          ],
          [
            -123.31918,
            48.73172
          ],
          [
            -123.31079,
            48.7314
          ],
          [
            -123.305,
            48.7261
          ],
          [
            -123.30586,
            48.72228
          ],
          [
            -123.3037,
            48.7219
          ],
          [
            -123.30297,
            48.7232
          ],
          [
            -123.29993,
            48.72121
          ],
          [
            -123.30192,
            48.71901
          ],
          [
            -123.29509,
            48.71842
          ],
          [
            -123.29139,
            48.71595
          ],
          [
            -123.2904,
            48.71277
          ],
          [
            -123.29348,
            48.7095
          ],
          [
            -123.29538,
            48.70962
          ],
          [
            -123.29605,
            48.70474
          ],
          [
            -123.30134,
            48.7023
          ],
          [
            -123.29821,
            48.69907
          ],
          [
            -123.31086,
            48.70324
          ],
          [
            -123.3207,
            48.70926
          ],
          [
            -123.32508,
            48.71519
          ],
          [
            -123.33287,
            48.71829
          ],
          [
            -123.33283,
            48.72187
          ],
          [
            -123.32488,
            48.7277
          ],
          [
            -123.32635,
            48.72802
          ],
          [
            -123.32601,
            48.72946
          ],
          [
            -123.33106,
            48.73047
          ],
          [
            -123.32825,
            48.73079
          ],
          [
            -123.32287,
            48.73122
          ],
          [
            -123.32321,
            48.72965
          ]
        ]
      ],
      [
        [
          [
            -123.32188,
            48.81082
          ],
          [
            -123.32222,
            48.81101
          ],
          [
            -123.32192,
            48.81102
          ],
          [
            -123.32188,
            48.81082
          ]
        ]
      ],
      [
        [
          [
            -123.31921,
            48.81035
          ],
          [
            -123.32016,
            48.81057
          ],
          [
            -123.31962,
            48.81074
          ],
          [
            -123.31921,
            48.81035
          ]
        ]
      ],
      [
        [
          [
            -123.31234,
            48.66641
          ],
          [
            -123.31201,
            48.664
          ],
          [
            -123.31393,
            48.66546
          ],
          [
            -123.31234,
            48.66641
          ]
        ]
      ],
      [
        [
          [
            -123.3134,
            48.78491
          ],
          [
            -123.31355,
            48.78492
          ],
          [
            -123.31361,
            48.78506
          ],
          [
            -123.3134,
            48.78491
          ]
        ]
      ],
      [
        [
          [
            -123.31298,
            48.67632
          ],
          [
            -123.31255,
            48.67567
          ],
          [
            -123.31341,
            48.67612
          ],
          [
            -123.31298,
            48.67632
          ]
        ]
      ],
      [
        [
          [
            -123.31255,
            48.78467
          ],
          [
            -123.31233,
            48.78434
          ],
          [
            -123.31293,
            48.78435
          ],
          [
            -123.31255,
            48.78467
          ]
        ]
      ],
      [
        [
          [
            -123.31111,
            48.66424
          ],
          [
            -123.31144,
            48.6643
          ],
          [
            -123.31137,
            48.66475
          ],
          [
            -123.31111,
            48.66424
          ]
        ]
      ],
      [
        [
          [
            -123.31104,
            48.66491
          ],
          [
            -123.31123,
            48.66495
          ],
          [
            -123.31123,
            48.66519
          ],
          [
            -123.31104,
            48.66491
          ]
        ]
      ],
      [
        [
          [
            -123.3085,
            48.76718
          ],
          [
            -123.30858,
            48.76715
          ],
          [
            -123.30919,
            48.76749
          ],
          [
            -123.3085,
            48.76718
          ]
        ]
      ],
      [
        [
          [
            -123.30791,
            48.79553
          ],
          [
            -123.30823,
            48.79548
          ],
          [
            -123.30826,
            48.79566
          ],
          [
            -123.30791,
            48.79553
          ]
        ]
      ],
      [
        [
          [
            -123.30482,
            48.76459
          ],
          [
            -123.305,
            48.76452
          ],
          [
            -123.3053,
            48.76468
          ],
          [
            -123.30482,
            48.76459
          ]
        ]
      ],
      [
        [
          [
            -123.30459,
            48.76442
          ],
          [
            -123.30486,
            48.76442
          ],
          [
            -123.30468,
            48.76451
          ],
          [
            -123.30459,
            48.76442
          ]
        ]
      ],
      [
        [
          [
            -123.30469,
            48.59158
          ],
          [
            -123.30494,
            48.59176
          ],
          [
            -123.30463,
            48.5918
          ],
          [
            -123.30469,
            48.59158
          ]
        ]
      ],
      [
        [
          [
            -123.29766,
            48.66526
          ],
          [
            -123.29268,
            48.66449
          ],
          [
            -123.28913,
            48.66567
          ],
          [
            -123.28164,
            48.6634
          ],
          [
            -123.28051,
            48.66172
          ],
          [
            -123.30093,
            48.66214
          ],
          [
            -123.29766,
            48.66526
          ]
        ]
      ],
      [
        [
          [
            -123.30065,
            48.67019
          ],
          [
            -123.29461,
            48.66932
          ],
          [
            -123.29789,
            48.66891
          ],
          [
            -123.30065,
            48.67019
          ]
        ]
      ],
      [
        [
          [
            -123.29715,
            48.63787
          ],
          [
            -123.29751,
            48.63802
          ],
          [
            -123.29732,
            48.63827
          ],
          [
            -123.29715,
            48.63787
          ]
        ]
      ],
      [
        [
          [
            -123.29183,
            48.82401
          ],
          [
            -123.29256,
            48.824
          ],
          [
            -123.29273,
            48.82421
          ],
          [
            -123.29183,
            48.82401
          ]
        ]
      ],
      [
        [
          [
            -123.29175,
            48.5236
          ],
          [
            -123.29217,
            48.52348
          ],
          [
            -123.29223,
            48.52373
          ],
          [
            -123.29175,
            48.5236
          ]
        ]
      ],
      [
        [
          [
            -123.2823,
            48.63194
          ],
          [
            -123.28601,
            48.63249
          ],
          [
            -123.29136,
            48.63532
          ],
          [
            -123.2823,
            48.63194
          ]
        ]
      ],
      [
        [
          [
            -123.29035,
            48.58576
          ],
          [
            -123.28985,
            48.58483
          ],
          [
            -123.29045,
            48.58426
          ],
          [
            -123.29035,
            48.58576
          ]
        ]
      ],
      [
        [
          [
            -123.28923,
            48.58285
          ],
          [
            -123.29003,
            48.5834
          ],
          [
            -123.28951,
            48.58348
          ],
          [
            -123.28923,
            48.58285
          ]
        ]
      ],
      [
        [
          [
            -123.2886,
            48.5866
          ],
          [
            -123.28883,
            48.5866
          ],
          [
            -123.28881,
            48.58705
          ],
          [
            -123.2886,
            48.5866
          ]
        ]
      ],
      [
        [
          [
            -123.28856,
            48.58405
          ],
          [
            -123.2889,
            48.58422
          ],
          [
            -123.28864,
            48.5843
          ],
          [
            -123.28856,
            48.58405
          ]
        ]
      ],
      [
        [
          [
            -123.28696,
            48.87341
          ],
          [
            -123.28669,
            48.87328
          ],
          [
            -123.28681,
            48.87322
          ],
          [
            -123.28696,
            48.87341
          ]
        ]
      ],
      [
        [
          [
            -123.28578,
            48.87379
          ],
          [
            -123.28522,
            48.87371
          ],
          [
            -123.28539,
            48.87363
          ],
          [
            -123.28578,
            48.87379
          ]
        ]
      ],
      [
        [
          [
            -123.28524,
            48.87316
          ],
          [
            -123.28494,
            48.87305
          ],
          [
            -123.28512,
            48.87302
          ],
          [
            -123.28524,
            48.87316
          ]
        ]
      ],
      [
        [
          [
            -123.28135,
            48.5827
          ],
          [
            -123.28176,
            48.58348
          ],
          [
            -123.28137,
            48.58348
          ],
          [
            -123.28135,
            48.5827
          ]
        ]
      ],
      [
        [
          [
            -123.28033,
            48.63103
          ],
          [
            -123.28134,
            48.63149
          ],
          [
            -123.28059,
            48.63154
          ],
          [
            -123.28033,
            48.63103
          ]
        ]
      ],
      [
        [
          [
            -123.27835,
            48.6635
          ],
          [
            -123.27556,
            48.66238
          ],
          [
            -123.27974,
            48.66196
          ],
          [
            -123.27835,
            48.6635
          ]
        ]
      ],
      [
        [
          [
            -123.27738,
            48.81071
          ],
          [
            -123.27794,
            48.81082
          ],
          [
            -123.27748,
            48.81094
          ],
          [
            -123.27738,
            48.81071
          ]
        ]
      ],
      [
        [
          [
            -123.27649,
            48.67078
          ],
          [
            -123.27709,
            48.67098
          ],
          [
            -123.27712,
            48.67132
          ],
          [
            -123.27649,
            48.67078
          ]
        ]
      ],
      [
        [
          [
            -123.27411,
            48.62093
          ],
          [
            -123.27056,
            48.61928
          ],
          [
            -123.27572,
            48.62139
          ],
          [
            -123.27411,
            48.62093
          ]
        ]
      ],
      [
        [
          [
            -123.27385,
            48.80775
          ],
          [
            -123.27448,
            48.80789
          ],
          [
            -123.27395,
            48.80809
          ],
          [
            -123.27385,
            48.80775
          ]
        ]
      ],
      [
        [
          [
            -123.27339,
            48.66229
          ],
          [
            -123.274,
            48.66239
          ],
          [
            -123.27367,
            48.66246
          ],
          [
            -123.27339,
            48.66229
          ]
        ]
      ],
      [
        [
          [
            -123.27384,
            48.56697
          ],
          [
            -123.27353,
            48.5627
          ],
          [
            -123.27184,
            48.56203
          ],
          [
            -123.27768,
            48.56042
          ],
          [
            -123.2817,
            48.56144
          ],
          [
            -123.28111,
            48.56385
          ],
          [
            -123.28505,
            48.56534
          ],
          [
            -123.28668,
            48.56819
          ],
          [
            -123.2848,
            48.571
          ],
          [
            -123.28192,
            48.57087
          ],
          [
            -123.27835,
            48.57162
          ],
          [
            -123.27244,
            48.56881
          ],
          [
            -123.27194,
            48.5674
          ],
          [
            -123.27384,
            48.56697
          ]
        ]
      ],
      [
        [
          [
            -123.2711,
            48.57546
          ],
          [
            -123.27147,
            48.57539
          ],
          [
            -123.27155,
            48.57555
          ],
          [
            -123.2711,
            48.57546
          ]
        ]
      ],
      [
        [
          [
            -123.271,
            48.80723
          ],
          [
            -123.27141,
            48.80727
          ],
          [
            -123.271,
            48.80748
          ],
          [
            -123.271,
            48.80723
          ]
        ]
      ],
      [
        [
          [
            -123.27011,
            48.57408
          ],
          [
            -123.2712,
            48.57497
          ],
          [
            -123.27054,
            48.57501
          ],
          [
            -123.27011,
            48.57408
          ]
        ]
      ],
      [
        [
          [
            -123.26733,
            48.56976
          ],
          [
            -123.26578,
            48.5716
          ],
          [
            -123.26398,
            48.56892
          ],
          [
            -123.26465,
            48.56759
          ],
          [
            -123.26674,
            48.56818
          ],
          [
            -123.26965,
            48.57201
          ],
          [
            -123.26733,
            48.56976
          ]
        ]
      ],
      [
        [
          [
            -123.26776,
            48.80687
          ],
          [
            -123.27047,
            48.80735
          ],
          [
            -123.26948,
            48.80752
          ],
          [
            -123.26776,
            48.80687
          ]
        ]
      ],
      [
        [
          [
            -123.26505,
            48.77538
          ],
          [
            -123.26522,
            48.77541
          ],
          [
            -123.26525,
            48.77557
          ],
          [
            -123.26505,
            48.77538
          ]
        ]
      ],
      [
        [
          [
            -123.26415,
            48.5647
          ],
          [
            -123.2647,
            48.56457
          ],
          [
            -123.26493,
            48.5649
          ],
          [
            -123.26415,
            48.5647
          ]
        ]
      ],
      [
        [
          [
            -123.26217,
            48.76088
          ],
          [
            -123.26323,
            48.7612
          ],
          [
            -123.26263,
            48.76132
          ],
          [
            -123.26217,
            48.76088
          ]
        ]
      ],
      [
        [
          [
            -123.25692,
            48.76755
          ],
          [
            -123.2458,
            48.76662
          ],
          [
            -123.231,
            48.76054
          ],
          [
            -123.21022,
            48.75794
          ],
          [
            -123.19722,
            48.75315
          ],
          [
            -123.19041,
            48.75261
          ],
          [
            -123.18922,
            48.75005
          ],
          [
            -123.17337,
            48.74459
          ],
          [
            -123.18737,
            48.74587
          ],
          [
            -123.18888,
            48.74333
          ],
          [
            -123.18125,
            48.7404
          ],
          [
            -123.18446,
            48.73956
          ],
          [
            -123.18356,
            48.73582
          ],
          [
            -123.1877,
            48.73402
          ],
          [
            -123.19156,
            48.73498
          ],
          [
            -123.20785,
            48.73212
          ],
          [
            -123.20822,
            48.73519
          ],
          [
            -123.21161,
            48.73601
          ],
          [
            -123.21407,
            48.73912
          ],
          [
            -123.22978,
            48.74474
          ],
          [
            -123.22727,
            48.74758
          ],
          [
            -123.22922,
            48.74844
          ],
          [
            -123.23029,
            48.75275
          ],
          [
            -123.24253,
            48.75391
          ],
          [
            -123.25464,
            48.76045
          ],
          [
            -123.25669,
            48.76241
          ],
          [
            -123.25448,
            48.76294
          ],
          [
            -123.25773,
            48.7659
          ],
          [
            -123.25578,
            48.76722
          ],
          [
            -123.25855,
            48.76745
          ],
          [
            -123.25692,
            48.76755
          ]
        ]
      ],
      [
        [
          [
            -123.26796,
            48.76082
          ],
          [
            -123.26438,
            48.75573
          ],
          [
            -123.24005,
            48.74623
          ],
          [
            -123.23931,
            48.74526
          ],
          [
            -123.24139,
            48.74398
          ],
          [
            -123.2311,
            48.73938
          ],
          [
            -123.23411,
            48.73973
          ],
          [
            -123.23584,
            48.73816
          ],
          [
            -123.23149,
            48.73622
          ],
          [
            -123.23604,
            48.73634
          ],
          [
            -123.23701,
            48.73879
          ],
          [
            -123.24817,
            48.7405
          ],
          [
            -123.27155,
            48.74944
          ],
          [
            -123.27835,
            48.75527
          ],
          [
            -123.30102,
            48.76358
          ],
          [
            -123.30225,
            48.76514
          ],
          [
            -123.3014,
            48.76635
          ],
          [
            -123.30408,
            48.76606
          ],
          [
            -123.31406,
            48.76993
          ],
          [
            -123.31384,
            48.7712
          ],
          [
            -123.31157,
            48.76976
          ],
          [
            -123.31104,
            48.7711
          ],
          [
            -123.31703,
            48.77392
          ],
          [
            -123.31976,
            48.77695
          ],
          [
            -123.31934,
            48.77848
          ],
          [
            -123.31458,
            48.77799
          ],
          [
            -123.31297,
            48.77926
          ],
          [
            -123.31406,
            48.78063
          ],
          [
            -123.31147,
            48.78097
          ],
          [
            -123.30945,
            48.7784
          ],
          [
            -123.30771,
            48.77945
          ],
          [
            -123.31198,
            48.78495
          ],
          [
            -123.31787,
            48.7888
          ],
          [
            -123.31504,
            48.78906
          ],
          [
            -123.31709,
            48.79046
          ],
          [
            -123.31473,
            48.79232
          ],
          [
            -123.30969,
            48.79391
          ],
          [
            -123.31413,
            48.79549
          ],
          [
            -123.30607,
            48.79434
          ],
          [
            -123.30222,
            48.79647
          ],
          [
            -123.30605,
            48.79936
          ],
          [
            -123.31077,
            48.8003
          ],
          [
            -123.31118,
            48.79897
          ],
          [
            -123.32091,
            48.80182
          ],
          [
            -123.32615,
            48.80523
          ],
          [
            -123.32731,
            48.8081
          ],
          [
            -123.3182,
            48.80837
          ],
          [
            -123.31853,
            48.81245
          ],
          [
            -123.32469,
            48.81561
          ],
          [
            -123.32394,
            48.81774
          ],
          [
            -123.32736,
            48.81867
          ],
          [
            -123.3226,
            48.82182
          ],
          [
            -123.30687,
            48.82162
          ],
          [
            -123.30013,
            48.81619
          ],
          [
            -123.29558,
            48.81827
          ],
          [
            -123.28902,
            48.81743
          ],
          [
            -123.27666,
            48.80803
          ],
          [
            -123.27922,
            48.80606
          ],
          [
            -123.27587,
            48.80338
          ],
          [
            -123.27794,
            48.80045
          ],
          [
            -123.27453,
            48.80268
          ],
          [
            -123.27172,
            48.80221
          ],
          [
            -123.256,
            48.7926
          ],
          [
            -123.25046,
            48.77973
          ],
          [
            -123.24466,
            48.77718
          ],
          [
            -123.24461,
            48.77336
          ],
          [
            -123.2397,
            48.77014
          ],
          [
            -123.25256,
            48.7714
          ],
          [
            -123.26029,
            48.77436
          ],
          [
            -123.26204,
            48.7735
          ],
          [
            -123.26638,
            48.77785
          ],
          [
            -123.27121,
            48.7775
          ],
          [
            -123.27337,
            48.77951
          ],
          [
            -123.2731,
            48.77791
          ],
          [
            -123.27622,
            48.77754
          ],
          [
            -123.27363,
            48.77634
          ],
          [
            -123.27527,
            48.77314
          ],
          [
            -123.25971,
            48.76756
          ],
          [
            -123.26019,
            48.76558
          ],
          [
            -123.25696,
            48.76436
          ],
          [
            -123.25794,
            48.76279
          ],
          [
            -123.26796,
            48.76082
          ]
        ]
      ],
      [
        [
          [
            -123.25608,
            48.85702
          ],
          [
            -123.25566,
            48.8569
          ],
          [
            -123.25589,
            48.85682
          ],
          [
            -123.25608,
            48.85702
          ]
        ]
      ],
      [
        [
          [
            -123.249,
            48.84744
          ],
          [
            -123.25134,
            48.8456
          ],
          [
            -123.24866,
            48.83807
          ],
          [
            -123.24525,
            48.83561
          ],
          [
            -123.24718,
            48.83436
          ],
          [
            -123.2464,
            48.83098
          ],
          [
            -123.25473,
            48.82923
          ],
          [
            -123.24614,
            48.82609
          ],
          [
            -123.24353,
            48.82355
          ],
          [
            -123.23924,
            48.82513
          ],
          [
            -123.23085,
            48.82288
          ],
          [
            -123.23023,
            48.82058
          ],
          [
            -123.23282,
            48.8179
          ],
          [
            -123.22775,
            48.81448
          ],
          [
            -123.24024,
            48.81695
          ],
          [
            -123.24231,
            48.82006
          ],
          [
            -123.24507,
            48.81857
          ],
          [
            -123.25818,
            48.81988
          ],
          [
            -123.26642,
            48.82362
          ],
          [
            -123.27814,
            48.82553
          ],
          [
            -123.27968,
            48.82337
          ],
          [
            -123.28563,
            48.82658
          ],
          [
            -123.2992,
            48.82675
          ],
          [
            -123.31377,
            48.83182
          ],
          [
            -123.31536,
            48.83054
          ],
          [
            -123.32749,
            48.83288
          ],
          [
            -123.32665,
            48.83489
          ],
          [
            -123.31972,
            48.83366
          ],
          [
            -123.31857,
            48.83484
          ],
          [
            -123.33255,
            48.84014
          ],
          [
            -123.33412,
            48.84203
          ],
          [
            -123.32176,
            48.84133
          ],
          [
            -123.32097,
            48.84276
          ],
          [
            -123.32429,
            48.84428
          ],
          [
            -123.32742,
            48.84833
          ],
          [
            -123.34523,
            48.85593
          ],
          [
            -123.34519,
            48.85761
          ],
          [
            -123.31766,
            48.85416
          ],
          [
            -123.31318,
            48.8502
          ],
          [
            -123.31058,
            48.85108
          ],
          [
            -123.31078,
            48.85274
          ],
          [
            -123.30156,
            48.85064
          ],
          [
            -123.29771,
            48.85374
          ],
          [
            -123.297,
            48.85856
          ],
          [
            -123.30365,
            48.86212
          ],
          [
            -123.30472,
            48.86535
          ],
          [
            -123.30172,
            48.86871
          ],
          [
            -123.29679,
            48.87096
          ],
          [
            -123.2912,
            48.87138
          ],
          [
            -123.29261,
            48.87251
          ],
          [
            -123.29164,
            48.87376
          ],
          [
            -123.28498,
            48.87281
          ],
          [
            -123.27697,
            48.86733
          ],
          [
            -123.27784,
            48.86654
          ],
          [
            -123.27625,
            48.86513
          ],
          [
            -123.27418,
            48.86609
          ],
          [
            -123.2647,
            48.86225
          ],
          [
            -123.26345,
            48.86338
          ],
          [
            -123.24611,
            48.8561
          ],
          [
            -123.24688,
            48.85496
          ],
          [
            -123.25513,
            48.85693
          ],
          [
            -123.26265,
            48.86075
          ],
          [
            -123.27053,
            48.86108
          ],
          [
            -123.27324,
            48.85869
          ],
          [
            -123.24398,
            48.84683
          ],
          [
            -123.249,
            48.84744
          ]
        ]
      ],
      [
        [
          [
            -123.24365,
            48.74819
          ],
          [
            -123.24333,
            48.74818
          ],
          [
            -123.24285,
            48.74783
          ],
          [
            -123.24365,
            48.74819
          ]
        ]
      ],
      [
        [
          [
            -123.24273,
            48.84662
          ],
          [
            -123.24243,
            48.84629
          ],
          [
            -123.24266,
            48.84638
          ],
          [
            -123.24273,
            48.84662
          ]
        ]
      ],
      [
        [
          [
            -123.2408,
            48.75334
          ],
          [
            -123.24173,
            48.75371
          ],
          [
            -123.2409,
            48.75374
          ],
          [
            -123.2408,
            48.75334
          ]
        ]
      ],
      [
        [
          [
            -123.23926,
            48.75283
          ],
          [
            -123.2386,
            48.75267
          ],
          [
            -123.23927,
            48.75236
          ],
          [
            -123.23926,
            48.75283
          ]
        ]
      ],
      [
        [
          [
            -123.23991,
            48.83081
          ],
          [
            -123.23451,
            48.82717
          ],
          [
            -123.23746,
            48.82608
          ],
          [
            -123.24427,
            48.82998
          ],
          [
            -123.24163,
            48.83157
          ],
          [
            -123.24278,
            48.83449
          ],
          [
            -123.23843,
            48.83386
          ],
          [
            -123.23991,
            48.83081
          ]
        ]
      ],
      [
        [
          [
            -123.23799,
            48.75231
          ],
          [
            -123.23718,
            48.7521
          ],
          [
            -123.23842,
            48.75206
          ],
          [
            -123.23799,
            48.75231
          ]
        ]
      ],
      [
        [
          [
            -123.24166,
            48.84531
          ],
          [
            -123.23332,
            48.84239
          ],
          [
            -123.23752,
            48.84303
          ],
          [
            -123.24166,
            48.84531
          ]
        ]
      ],
      [
        [
          [
            -123.23536,
            48.83442
          ],
          [
            -123.23655,
            48.83501
          ],
          [
            -123.23532,
            48.83467
          ],
          [
            -123.23536,
            48.83442
          ]
        ]
      ],
      [
        [
          [
            -123.23437,
            48.83408
          ],
          [
            -123.23503,
            48.83406
          ],
          [
            -123.23519,
            48.83441
          ],
          [
            -123.23437,
            48.83408
          ]
        ]
      ],
      [
        [
          [
            -123.2341,
            48.74105
          ],
          [
            -123.23449,
            48.7412
          ],
          [
            -123.23414,
            48.74116
          ],
          [
            -123.2341,
            48.74105
          ]
        ]
      ],
      [
        [
          [
            -123.23131,
            48.83064
          ],
          [
            -123.23341,
            48.8334
          ],
          [
            -123.22531,
            48.83222
          ],
          [
            -123.1892,
            48.81437
          ],
          [
            -123.19573,
            48.81543
          ],
          [
            -123.19929,
            48.81284
          ],
          [
            -123.20354,
            48.81404
          ],
          [
            -123.20887,
            48.81666
          ],
          [
            -123.20551,
            48.8162
          ],
          [
            -123.20366,
            48.81824
          ],
          [
            -123.20884,
            48.82221
          ],
          [
            -123.21354,
            48.82216
          ],
          [
            -123.21448,
            48.82004
          ],
          [
            -123.21624,
            48.82006
          ],
          [
            -123.22373,
            48.82263
          ],
          [
            -123.23369,
            48.82885
          ],
          [
            -123.23131,
            48.83064
          ]
        ]
      ],
      [
        [
          [
            -123.23115,
            48.73813
          ],
          [
            -123.23143,
            48.73816
          ],
          [
            -123.23127,
            48.73828
          ],
          [
            -123.23115,
            48.73813
          ]
        ]
      ],
      [
        [
          [
            -123.22872,
            48.8228
          ],
          [
            -123.22932,
            48.82288
          ],
          [
            -123.23089,
            48.82407
          ],
          [
            -123.22872,
            48.8228
          ]
        ]
      ],
      [
        [
          [
            -123.23048,
            48.84124
          ],
          [
            -123.23005,
            48.84096
          ],
          [
            -123.23068,
            48.84121
          ],
          [
            -123.23048,
            48.84124
          ]
        ]
      ],
      [
        [
          [
            -123.23001,
            48.84066
          ],
          [
            -123.23045,
            48.84075
          ],
          [
            -123.23053,
            48.84088
          ],
          [
            -123.23001,
            48.84066
          ]
        ]
      ],
      [
        [
          [
            -123.22163,
            48.81898
          ],
          [
            -123.22843,
            48.82245
          ],
          [
            -123.22238,
            48.82007
          ],
          [
            -123.22163,
            48.81898
          ]
        ]
      ],
      [
        [
          [
            -123.21645,
            48.83482
          ],
          [
            -123.21728,
            48.83496
          ],
          [
            -123.2176,
            48.83533
          ],
          [
            -123.21645,
            48.83482
          ]
        ]
      ],
      [
        [
          [
            -123.20955,
            48.82774
          ],
          [
            -123.21585,
            48.83036
          ],
          [
            -123.21276,
            48.82963
          ],
          [
            -123.20955,
            48.82774
          ]
        ]
      ],
      [
        [
          [
            -123.21079,
            48.83876
          ],
          [
            -123.21094,
            48.83873
          ],
          [
            -123.21221,
            48.83947
          ],
          [
            -123.21079,
            48.83876
          ]
        ]
      ],
      [
        [
          [
            -123.20616,
            48.83003
          ],
          [
            -123.20912,
            48.83105
          ],
          [
            -123.21156,
            48.83239
          ],
          [
            -123.20616,
            48.83003
          ]
        ]
      ],
      [
        [
          [
            -123.20971,
            48.81381
          ],
          [
            -123.20901,
            48.81337
          ],
          [
            -123.21019,
            48.81362
          ],
          [
            -123.20971,
            48.81381
          ]
        ]
      ],
      [
        [
          [
            -123.20769,
            48.83721
          ],
          [
            -123.20835,
            48.83735
          ],
          [
            -123.20883,
            48.83798
          ],
          [
            -123.20769,
            48.83721
          ]
        ]
      ],
      [
        [
          [
            -123.207,
            48.81219
          ],
          [
            -123.20738,
            48.81218
          ],
          [
            -123.20786,
            48.81261
          ],
          [
            -123.207,
            48.81219
          ]
        ]
      ],
      [
        [
          [
            -123.20658,
            48.80576
          ],
          [
            -123.20817,
            48.80635
          ],
          [
            -123.20707,
            48.80633
          ],
          [
            -123.20658,
            48.80576
          ]
        ]
      ],
      [
        [
          [
            -123.20471,
            48.79582
          ],
          [
            -123.20603,
            48.79559
          ],
          [
            -123.20656,
            48.79603
          ],
          [
            -123.20471,
            48.79582
          ]
        ]
      ],
      [
        [
          [
            -123.20564,
            48.80639
          ],
          [
            -123.20467,
            48.80578
          ],
          [
            -123.20581,
            48.80566
          ],
          [
            -123.20564,
            48.80639
          ]
        ]
      ],
      [
        [
          [
            -123.20147,
            48.73237
          ],
          [
            -123.20196,
            48.73212
          ],
          [
            -123.20233,
            48.73227
          ],
          [
            -123.20147,
            48.73237
          ]
        ]
      ],
      [
        [
          [
            -123.20076,
            48.83334
          ],
          [
            -123.20234,
            48.83425
          ],
          [
            -123.20101,
            48.83386
          ],
          [
            -123.20076,
            48.83334
          ]
        ]
      ],
      [
        [
          [
            -123.19817,
            48.83186
          ],
          [
            -123.20005,
            48.833
          ],
          [
            -123.19856,
            48.83236
          ],
          [
            -123.19817,
            48.83186
          ]
        ]
      ],
      [
        [
          [
            -123.19536,
            48.81375
          ],
          [
            -123.19579,
            48.81376
          ],
          [
            -123.19644,
            48.81424
          ],
          [
            -123.19536,
            48.81375
          ]
        ]
      ],
      [
        [
          [
            -123.18935,
            48.81112
          ],
          [
            -123.19045,
            48.81154
          ],
          [
            -123.18998,
            48.81155
          ],
          [
            -123.18935,
            48.81112
          ]
        ]
      ],
      [
        [
          [
            -123.18039,
            48.82255
          ],
          [
            -123.1858,
            48.82499
          ],
          [
            -123.18896,
            48.82707
          ],
          [
            -123.18039,
            48.82255
          ]
        ]
      ],
      [
        [
          [
            -123.16999,
            48.74464
          ],
          [
            -123.17017,
            48.74454
          ],
          [
            -123.17062,
            48.74466
          ],
          [
            -123.16999,
            48.74464
          ]
        ]
      ],
      [
        [
          [
            -123.16952,
            48.74465
          ],
          [
            -123.1664,
            48.74393
          ],
          [
            -123.17014,
            48.7441
          ],
          [
            -123.16952,
            48.74465
          ]
        ]
      ],
      [
        [
          [
            -123.11721,
            48.80211
          ],
          [
            -123.11776,
            48.80216
          ],
          [
            -123.11757,
            48.80228
          ],
          [
            -123.11721,
            48.80211
          ]
        ]
      ],
      [
        [
          [
            -123.11408,
            48.76073
          ],
          [
            -123.11262,
            48.76036
          ],
          [
            -123.11536,
            48.76036
          ],
          [
            -123.11408,
            48.76073
          ]
        ]
      ],
      [
        [
          [
            -123.10768,
            48.75968
          ],
          [
            -123.11032,
            48.75967
          ],
          [
            -123.11128,
            48.76014
          ],
          [
            -123.10768,
            48.75968
          ]
        ]
      ],
      [
        [
          [
            -123.10203,
            48.80237
          ],
          [
            -123.10271,
            48.80244
          ],
          [
            -123.10241,
            48.80254
          ],
          [
            -123.10203,
            48.80237
          ]
        ]
      ],
      [
        [
          [
            -123.09369,
            48.80026
          ],
          [
            -123.09528,
            48.80032
          ],
          [
            -123.09721,
            48.80097
          ],
          [
            -123.09369,
            48.80026
          ]
        ]
      ],
      [
        [
          [
            -123.09362,
            48.76427
          ],
          [
            -123.12557,
            48.76708
          ],
          [
            -123.13127,
            48.76621
          ],
          [
            -123.13279,
            48.76462
          ],
          [
            -123.1314,
            48.76393
          ],
          [
            -123.13459,
            48.76284
          ],
          [
            -123.16315,
            48.76453
          ],
          [
            -123.18035,
            48.76846
          ],
          [
            -123.18693,
            48.7721
          ],
          [
            -123.20249,
            48.77482
          ],
          [
            -123.20023,
            48.77748
          ],
          [
            -123.20255,
            48.77973
          ],
          [
            -123.20172,
            48.78317
          ],
          [
            -123.20815,
            48.78448
          ],
          [
            -123.21177,
            48.78767
          ],
          [
            -123.21443,
            48.7918
          ],
          [
            -123.21363,
            48.79568
          ],
          [
            -123.20181,
            48.79523
          ],
          [
            -123.20078,
            48.78702
          ],
          [
            -123.19543,
            48.79302
          ],
          [
            -123.20039,
            48.79468
          ],
          [
            -123.20138,
            48.79803
          ],
          [
            -123.17761,
            48.79406
          ],
          [
            -123.17543,
            48.79591
          ],
          [
            -123.17208,
            48.79543
          ],
          [
            -123.20202,
            48.80498
          ],
          [
            -123.20379,
            48.80751
          ],
          [
            -123.20187,
            48.80735
          ],
          [
            -123.20151,
            48.80948
          ],
          [
            -123.20532,
            48.81152
          ],
          [
            -123.20293,
            48.81078
          ],
          [
            -123.19858,
            48.80896
          ],
          [
            -123.19986,
            48.80816
          ],
          [
            -123.19893,
            48.80751
          ],
          [
            -123.19201,
            48.80746
          ],
          [
            -123.18853,
            48.81036
          ],
          [
            -123.18896,
            48.8139
          ],
          [
            -123.13015,
            48.79682
          ],
          [
            -123.10898,
            48.79332
          ],
          [
            -123.10899,
            48.79173
          ],
          [
            -123.09932,
            48.78884
          ],
          [
            -123.06476,
            48.78347
          ],
          [
            -123.04964,
            48.7839
          ],
          [
            -123.04535,
            48.78575
          ],
          [
            -123.04441,
            48.78439
          ],
          [
            -123.04766,
            48.78135
          ],
          [
            -123.05535,
            48.77976
          ],
          [
            -123.08391,
            48.78095
          ],
          [
            -123.08548,
            48.7783
          ],
          [
            -123.09343,
            48.77761
          ],
          [
            -123.11207,
            48.779
          ],
          [
            -123.10638,
            48.77511
          ],
          [
            -123.09967,
            48.77378
          ],
          [
            -123.09999,
            48.77483
          ],
          [
            -123.0977,
            48.7747
          ],
          [
            -123.09039,
            48.7724
          ],
          [
            -123.09354,
            48.77222
          ],
          [
            -123.08891,
            48.77003
          ],
          [
            -123.08917,
            48.76803
          ],
          [
            -123.09292,
            48.76624
          ],
          [
            -123.09362,
            48.76427
          ]
        ]
      ],
      [
        [
          [
            -123.08599,
            48.79753
          ],
          [
            -123.08936,
            48.79933
          ],
          [
            -123.08554,
            48.79896
          ],
          [
            -123.08599,
            48.79753
          ]
        ]
      ],
      [
        [
          [
            -123.08319,
            48.77972
          ],
          [
            -123.08286,
            48.77964
          ],
          [
            -123.0841,
            48.77984
          ],
          [
            -123.08319,
            48.77972
          ]
        ]
      ],
      [
        [
          [
            -123.06119,
            48.79368
          ],
          [
            -123.0511,
            48.79356
          ],
          [
            -123.05943,
            48.79035
          ],
          [
            -123.07006,
            48.79042
          ],
          [
            -123.09444,
            48.79505
          ],
          [
            -123.10222,
            48.79816
          ],
          [
            -123.08832,
            48.7958
          ],
          [
            -123.07223,
            48.79363
          ],
          [
            -123.07209,
            48.79605
          ],
          [
            -123.07602,
            48.79774
          ],
          [
            -123.0613,
            48.79781
          ],
          [
            -123.06325,
            48.79612
          ],
          [
            -123.06119,
            48.79368
          ]
        ]
      ],
      [
        [
          [
            -123.04089,
            48.78845
          ],
          [
            -123.04241,
            48.78766
          ],
          [
            -123.04124,
            48.78895
          ],
          [
            -123.04089,
            48.78845
          ]
        ]
      ]
    ]
  }
}
